#
# object co_culling
#

o co_culling
v -5.730232 -7.540390 15.572970
v 5.730232 -7.540390 -15.572970
v 5.730232 -7.540390 15.572970
v -5.730232 -7.540390 -15.572970
v -5.730232 7.540390 15.572970
v 5.730232 -7.540390 15.572970
v 5.730232 7.540390 15.572970
v -5.730232 -7.540390 15.572970
v -5.730232 7.540390 -15.572970
v 5.730232 7.540390 15.572970
v 5.730232 7.540390 -15.572970
v -5.730232 7.540390 15.572970
v -5.730232 -7.540390 -15.572970
v 5.730232 7.540390 -15.572970
v 5.730232 -7.540390 -15.572970
v -5.730232 7.540390 -15.572970
v 5.730232 -7.540390 15.572970
v 5.730232 7.540390 -15.572970
v 5.730232 7.540390 15.572970
v 5.730232 -7.540390 -15.572970
v -5.730232 7.540390 15.572970
v -5.730232 -7.540390 -15.572970
v -5.730232 -7.540390 15.572970
v -5.730232 7.540390 -15.572970
# 24 vertices

# 0 UVs

vn 0.000000 -1.000000 0.000000
vn 0.000000 -1.000000 0.000000
vn 0.000000 -1.000000 0.000000
vn 0.000000 -1.000000 0.000000
vn 0.000000 0.000000 1.000000
vn 0.000000 0.000000 1.000000
vn 0.000000 0.000000 1.000000
vn 0.000000 0.000000 1.000000
vn 0.000000 1.000000 0.000000
vn 0.000000 1.000000 0.000000
vn 0.000000 1.000000 0.000000
vn 0.000000 1.000000 0.000000
vn 0.000000 0.000000 -1.000000
vn 0.000000 0.000000 -1.000000
vn 0.000000 0.000000 -1.000000
vn 0.000000 0.000000 -1.000000
vn 1.000000 0.000000 0.000000
vn 1.000000 0.000000 0.000000
vn 1.000000 0.000000 0.000000
vn 1.000000 0.000000 0.000000
vn -1.000000 0.000000 0.000000
vn -1.000000 0.000000 0.000000
vn -1.000000 0.000000 0.000000
vn -1.000000 0.000000 0.000000
# 24 Normals

g co_culling
f 1//1 2//2 3//3
f 4//4 2//2 1//1
f 5//5 6//6 7//7
f 8//8 6//6 5//5
f 9//9 10//10 11//11
f 12//12 10//10 9//9
f 13//13 14//14 15//15
f 16//16 14//14 13//13
f 17//17 18//18 19//19
f 20//20 18//18 17//17
f 21//21 22//22 23//23
f 24//24 22//22 21//21
# 12 Faces

#
# object g_nozzle
#

o g_nozzle
v -0.562064 74.355950 7.846185
v -0.562064 74.355950 7.608478
v -0.621976 73.956250 7.595717
v -0.621976 73.956250 7.858945
v -0.465327 74.355950 8.063354
v -0.514911 73.956250 8.099327
v -0.288748 74.355950 8.222433
v -0.319374 73.956370 8.275419
v -0.062707 74.355950 8.295835
v -0.069026 73.956370 8.356843
v 0.173785 74.355950 8.270922
v 0.192622 73.956370 8.329256
v 0.379531 74.355950 8.152190
v 0.420606 73.956370 8.197641
v 0.519286 74.355950 7.959813
v 0.575310 73.956370 7.984726
v 0.629997 73.956370 7.727331
v 0.568748 74.355950 7.727331
v 0.519286 74.355950 7.494850
v 0.575310 73.956370 7.469936
v 0.379530 74.355950 7.302593
v 0.420606 73.956370 7.257021
v 0.173784 74.355950 7.183740
v 0.192621 73.956370 7.125406
v -0.062708 74.355950 7.158827
v -0.069027 73.956370 7.097941
v -0.288749 74.355950 7.232351
v -0.319374 73.956370 7.179243
v -0.465328 74.355950 7.391430
v -0.514911 73.956250 7.355336
v -0.514789 74.355950 7.836220
v -0.514789 74.355950 7.618565
v -0.426318 74.355950 8.034917
v -0.264565 74.355950 8.180628
v -0.057603 74.355950 8.247832
v 0.158837 74.355950 8.225106
v 0.347326 74.355950 8.116218
v 0.475172 74.355950 7.940248
v 0.520380 74.355950 7.727331
v 0.475172 74.355950 7.514537
v 0.347325 74.355950 7.338444
v 0.158836 74.355950 7.229677
v -0.057604 74.355950 7.206830
v -0.264565 74.355950 7.274157
v -0.426318 74.355950 7.419746
v -0.467637 74.307460 7.628530
v -0.467637 74.307460 7.826133
v -0.387307 74.307460 8.006600
v -0.240502 74.307460 8.138823
v -0.052620 74.307460 8.199829
v 0.143888 74.307460 8.179170
v 0.315000 74.307460 8.080368
v 0.431057 74.307460 7.920560
v 0.472133 74.307460 7.727331
v 0.431057 74.307460 7.534103
v 0.314999 74.307460 7.374294
v 0.143888 74.307460 7.275493
v -0.052621 74.307460 7.254833
v -0.240502 74.307460 7.315962
v -0.387307 74.307460 7.448061
v -0.467637 71.768880 7.826132
v -0.467637 71.768880 7.628529
v -0.387307 71.768880 8.006599
v -0.240502 71.768880 8.138822
v -0.052621 71.768880 8.199828
v 0.143888 71.768880 8.179169
v 0.314999 71.768880 8.080367
v 0.431057 71.768880 7.920559
v 0.472133 71.768880 7.727330
v 0.431057 71.768880 7.534102
v 0.314999 71.768880 7.374293
v 0.143888 71.768880 7.275492
v -0.052621 71.768880 7.254832
v -0.240502 71.768880 7.315961
v -0.387307 71.768880 7.448060
v -0.736698 73.956250 7.524016
v -1.026541 74.610920 7.419989
v -1.061784 74.610920 7.585509
v -0.754684 73.956250 7.608478
v -0.911211 74.610920 7.160892
v -0.639963 73.956250 7.306726
v -0.589286 73.956250 7.236847
v -0.811802 74.610920 7.023932
v -0.600952 74.610920 6.834105
v -0.412463 73.956250 7.077646
v -0.337724 73.956250 7.034504
v -0.454390 74.610920 6.749523
v -0.184600 74.610920 6.661902
v -0.111440 73.956250 6.960980
v -0.025642 73.956250 6.951987
v -0.016285 74.610920 6.644158
v 0.265780 74.610920 6.673933
v 0.210971 73.956250 6.976900
v 0.293002 73.956250 7.003515
v 0.426682 74.610920 6.726190
v 0.672410 74.610920 6.868012
v 0.498991 73.956250 7.122490
v 0.563157 73.956250 7.180216
v 0.798069 74.610920 6.981153
v 0.964926 74.610920 7.210718
v 0.703035 73.956250 7.372715
v 0.738035 73.956250 7.451586
v 1.033711 74.610920 7.365301
v 1.092652 74.610920 7.642748
v 0.787497 73.956250 7.684189
v 0.787497 73.956250 7.770595
v 1.092652 74.610920 7.811914
v 1.033712 74.610920 8.089482
v 0.738035 73.956250 8.003198
v 0.702914 73.956250 8.082069
v 0.964928 74.610920 8.244065
v 0.798071 74.610920 8.473509
v 0.563159 73.956250 8.274446
v 0.498992 73.956250 8.332294
v 0.672412 74.610920 8.586772
v 0.426683 74.610920 8.728594
v 0.293003 73.956250 8.451147
v 0.210851 73.956250 8.477883
v 0.265781 74.610920 8.780851
v -0.016405 74.610920 8.810503
v -0.025641 73.956250 8.502675
v -0.111561 73.956250 8.493682
v -0.184599 74.610920 8.792882
v -0.454389 74.610920 8.705140
v -0.337724 73.956250 8.420158
v -0.412462 73.956250 8.377016
v -0.600951 74.610920 8.620557
v -0.811801 74.610920 8.430731
v -0.589286 73.956250 8.217937
v -0.639963 73.956250 8.148058
v -0.911210 74.610920 8.293892
v -1.026661 74.610920 8.034674
v -0.736698 73.956250 7.930768
v -0.754684 73.956250 7.846307
v -1.061784 74.610920 7.869275
v 0.830032 74.516980 8.875643
v 0.808157 74.564740 8.844896
v 0.608367 74.564740 8.961926
v 0.624651 74.516980 8.995832
v 1.165934 74.516980 8.541685
v 1.135066 74.564740 8.519931
v 0.985466 74.564740 8.696146
v 1.012202 74.516980 8.722761
v 0.401892 74.516980 9.080173
v 0.391562 74.564740 9.043958
v 0.192865 74.564740 9.085155
v 0.197726 74.516980 9.122343
v 1.286975 74.516980 8.337519
v 1.252947 74.564740 8.321235
v 1.371801 74.516980 8.115975
v 1.335463 74.564740 8.105524
v 1.426853 74.516980 7.727331
v 1.389057 74.564740 7.727331
v 1.377027 74.564740 7.907921
v 1.414456 74.516980 7.912904
v 0.012397 74.564740 9.096942
v 0.012397 74.516980 9.134494
v -0.599736 74.516980 8.995832
v -0.583451 74.564740 8.961926
v -0.783242 74.564740 8.844896
v -0.805117 74.516980 8.875643
v -0.987286 74.516980 8.722761
v -0.960550 74.564740 8.696146
v -1.110150 74.564740 8.519933
v -1.141018 74.516980 8.541685
v -0.172811 74.516980 9.122343
v -0.167949 74.564740 9.085155
v -0.366647 74.564740 9.043958
v -0.377098 74.516980 9.080173
v -1.228032 74.564740 8.321235
v -1.262059 74.516980 8.337519
v -1.310550 74.564740 8.105524
v -1.347008 74.516980 8.115975
v -1.389663 74.516980 7.912904
v -1.352111 74.564740 7.907921
v -1.364142 74.564740 7.727331
v -1.401938 74.516980 7.727331
v 0.624650 74.516980 6.458830
v 0.608244 74.564740 6.492736
v 0.808156 74.564740 6.609767
v 0.830031 74.516980 6.579142
v 1.012200 74.516980 6.731902
v 0.985464 74.564740 6.758515
v 1.135065 74.564740 6.934852
v 1.165933 74.516980 6.913098
v 0.197725 74.516980 6.332320
v 0.192864 74.564740 6.369629
v 0.391561 74.564740 6.410827
v 0.401891 74.516980 6.374612
v 1.252946 74.564740 7.133549
v 1.286974 74.516980 7.117264
v 1.335463 74.564740 7.349137
v 1.371801 74.516980 7.338808
v 1.414456 74.516980 7.541881
v 1.377027 74.564740 7.546864
v 0.012396 74.516980 6.320167
v 0.012396 74.564740 6.357841
v -0.805118 74.516980 6.579142
v -0.783243 74.564740 6.609767
v -0.583452 74.564740 6.492736
v -0.599737 74.516980 6.458830
v -1.141019 74.516980 6.913098
v -1.110152 74.564740 6.934852
v -0.960551 74.564740 6.758515
v -0.987287 74.516980 6.731902
v -0.377099 74.516980 6.374612
v -0.366648 74.564740 6.410827
v -0.167951 74.564740 6.369629
v -0.172812 74.516980 6.332320
v -1.262061 74.516980 7.117264
v -1.228033 74.564740 7.133549
v -1.347008 74.516980 7.338808
v -1.310550 74.564740 7.349138
v -1.352111 74.564740 7.546864
v -1.389663 74.516980 7.541881
v -0.153489 74.610920 6.477910
v 0.012396 74.610920 6.467093
v -0.336387 74.610920 6.515826
v -0.535814 74.610920 6.591294
v -0.719806 74.610920 6.698968
v -0.882895 74.610920 6.835807
v -1.020707 74.610920 6.998046
v -1.129110 74.610920 7.180944
v -1.205064 74.610920 7.379277
v -1.243224 74.610920 7.561203
v -1.254282 74.610920 7.727331
v -1.243224 74.610920 7.893458
v -1.205063 74.610920 8.075386
v -1.129109 74.610920 8.273839
v -1.020706 74.610920 8.456738
v -0.882894 74.610920 8.618855
v -0.719805 74.610920 8.755816
v -0.535812 74.610920 8.863489
v -0.336386 74.610920 8.938957
v -0.153488 74.610920 8.976752
v 0.012397 74.610920 8.987690
v 0.178403 74.610920 8.976752
v 0.361302 74.610920 8.938957
v 0.560728 74.610920 8.863489
v 0.744720 74.610920 8.755816
v 0.907810 74.610920 8.618855
v 1.045500 74.610920 8.456737
v 1.153902 74.610920 8.273839
v 1.229977 74.610920 8.075385
v 1.268137 74.610920 7.893458
v 1.279197 74.610920 7.727331
v 1.268137 74.610920 7.561202
v 1.229977 74.610920 7.379277
v 1.153901 74.610920 7.180944
v 1.045499 74.610920 6.998046
v 0.907809 74.610920 6.835807
v 0.744719 74.610920 6.698968
v 0.560727 74.610920 6.591294
v 0.361301 74.610920 6.515826
v 0.178402 74.610920 6.477910
v -1.116106 74.610920 7.858459
v -1.061784 73.956370 7.869275
v -1.116106 73.956370 7.858459
v -1.162044 74.610920 7.827713
v -1.162044 73.956370 7.827713
v -1.192790 74.610920 7.781653
v -1.192790 73.956370 7.781653
v -1.203606 74.610920 7.727331
v -1.203606 73.956370 7.727331
v -1.116106 74.610920 7.596325
v -1.116106 73.956370 7.596325
v -1.061784 73.956370 7.585509
v -1.162044 74.610920 7.627071
v -1.162044 73.956370 7.627071
v -1.192790 74.610920 7.673009
v -1.192790 73.956370 7.673009
v -0.965168 74.610920 8.306044
v -0.911211 73.956370 8.293892
v -0.965169 73.956370 8.306044
v -1.019734 74.610920 8.296686
v -1.019735 73.956370 8.296686
v -1.066522 74.610920 8.267156
v -1.066523 73.956370 8.267156
v -1.098484 74.610920 8.221948
v -1.098485 73.956370 8.221948
v -1.071748 74.610920 8.066635
v -1.071749 73.956370 8.066635
v -1.026662 73.956370 8.034674
v -1.101400 74.610920 8.113423
v -1.101402 73.956370 8.113423
v -1.110758 74.610920 8.167989
v -1.110758 73.956370 8.167989
v -0.645308 74.610920 8.653733
v -0.600951 73.956370 8.620557
v -0.645308 73.956370 8.653733
v -0.698902 74.610920 8.667345
v -0.698902 73.956370 8.667345
v -0.753711 74.610920 8.659324
v -0.753711 73.956370 8.659324
v -0.801228 74.610920 8.631129
v -0.801228 73.956370 8.631129
v -0.840117 74.610920 8.478248
v -0.840117 73.956370 8.478248
v -0.811801 73.956370 8.430731
v -0.848016 74.610920 8.533056
v -0.848016 73.956370 8.533056
v -0.834405 74.610920 8.586772
v -0.834405 73.956370 8.586772
v -0.211699 74.610920 8.841128
v -0.184599 73.956370 8.792882
v -0.211699 73.956370 8.841128
v -0.255084 74.610920 8.875399
v -0.255084 73.956370 8.875399
v -0.308435 74.610920 8.890468
v -0.308435 73.956370 8.890468
v -0.363365 74.610920 8.883906
v -0.363365 73.956370 8.883906
v -0.460952 74.610920 8.760191
v -0.460952 73.956370 8.760191
v -0.454389 73.956370 8.705140
v -0.445882 74.610920 8.813420
v -0.445882 73.956370 8.813420
v -0.411612 74.610920 8.856927
v -0.411612 73.956370 8.856927
v 0.260677 74.610920 8.836024
v 0.265781 73.956370 8.780851
v 0.260677 73.956370 8.836024
v 0.234913 74.610920 8.885000
v 0.234913 73.956370 8.885000
v 0.192379 74.610920 8.920363
v 0.192379 73.956370 8.920363
v 0.139515 74.610920 8.936770
v 0.139515 73.956370 8.936770
v 0.000001 74.610920 8.863368
v 0.000001 73.956370 8.863368
v -0.016405 73.956370 8.810503
v 0.035487 74.610920 8.905902
v 0.035487 73.956370 8.905902
v 0.084463 74.610920 8.931666
v 0.084463 73.956370 8.931666
v 0.690154 74.610920 8.639151
v 0.672412 73.956370 8.586772
v 0.690154 73.956370 8.639151
v 0.686509 74.610920 8.694445
v 0.686509 73.956370 8.694445
v 0.662082 74.610920 8.744028
v 0.662082 73.956370 8.744028
v 0.620519 74.610920 8.780486
v 0.620519 73.956370 8.780486
v 0.463142 74.610920 8.770278
v 0.463142 73.956370 8.770278
v 0.426683 73.956370 8.728594
v 0.512846 74.610920 8.794704
v 0.512846 73.956370 8.794704
v 0.568020 74.610920 8.798350
v 0.568020 73.956370 8.798350
v 1.002480 74.610920 8.284655
v 0.964928 73.956370 8.244065
v 1.002478 73.956370 8.284655
v 1.021559 74.610920 8.336546
v 1.021558 73.956370 8.336546
v 1.019493 74.610920 8.391963
v 1.019493 73.956370 8.391963
v 0.996282 74.610920 8.442155
v 0.996282 73.956370 8.442155
v 0.848383 74.610920 8.496720
v 0.848383 73.956370 8.496720
v 0.798071 73.956370 8.473509
v 0.903678 74.610920 8.498907
v 0.903678 73.956370 8.498907
v 0.955570 74.610920 8.479707
v 0.955570 73.956370 8.479707
v 1.143571 74.610920 7.833789
v 1.092652 73.956370 7.811914
v 1.143571 73.956370 7.833789
v 1.182096 74.610920 7.873406
v 1.182096 73.956370 7.873406
v 1.202635 74.610920 7.924934
v 1.202634 73.956370 7.924934
v 1.201906 74.610920 7.980229
v 1.201905 73.956370 7.980229
v 1.089007 74.610920 8.090211
v 1.089006 73.956370 8.090211
v 1.033711 73.956370 8.089482
v 1.140413 74.610920 8.069674
v 1.140412 73.956370 8.069674
v 1.180152 74.610920 8.031026
v 1.180151 73.956370 8.031026
v 1.089006 74.610920 7.364573
v 1.033711 73.956370 7.365301
v 1.089006 73.956370 7.364573
v 1.140412 74.610920 7.385111
v 1.140412 73.956370 7.385111
v 1.180151 74.610920 7.423756
v 1.180151 73.956370 7.423756
v 1.201905 74.610920 7.474554
v 1.201905 73.956370 7.474554
v 1.143571 74.610920 7.620995
v 1.143571 73.956370 7.620995
v 1.092652 73.956370 7.642748
v 1.182217 74.610920 7.581255
v 1.182217 73.956370 7.581255
v 1.202634 74.610920 7.529850
v 1.202634 73.956370 7.529850
v 0.848382 74.610920 6.958064
v 0.798069 73.956370 6.981153
v 0.848382 73.956370 6.958064
v 0.903677 74.610920 6.955876
v 0.903677 73.956370 6.955876
v 0.955690 74.610920 6.975078
v 0.955690 73.956370 6.975078
v 0.996280 74.610920 7.012630
v 0.996280 73.956370 7.012630
v 1.002478 74.610920 7.170129
v 1.002478 73.956370 7.170129
v 0.964926 73.956370 7.210718
v 1.021680 74.610920 7.118114
v 1.021680 73.956370 7.118114
v 1.019492 74.610920 7.062820
v 1.019492 73.956370 7.062820
v 0.463262 74.610920 6.684506
v 0.426682 73.956370 6.726190
v 0.463262 73.956370 6.684506
v 0.512845 74.610920 6.660079
v 0.512845 73.956370 6.660079
v 0.568140 74.610920 6.656433
v 0.568140 73.956370 6.656433
v 0.620518 74.610920 6.674176
v 0.620518 73.956370 6.674176
v 0.690153 74.610920 6.815634
v 0.690153 73.956370 6.815634
v 0.672410 73.956370 6.868012
v 0.686629 74.610920 6.760339
v 0.686629 73.956370 6.760339
v 0.662080 74.610920 6.710755
v 0.662080 73.956370 6.710755
v 0.000122 74.610920 6.591416
v -0.016285 73.956370 6.644158
v 0.000122 73.956370 6.591416
v 0.035486 74.610920 6.548760
v 0.035486 73.956370 6.548760
v 0.084461 74.610920 6.522996
v 0.084461 73.956370 6.522996
v 0.139635 74.610920 6.518014
v 0.139635 73.956370 6.518014
v 0.260797 74.610920 6.618760
v 0.260797 73.956370 6.618760
v 0.265780 73.956370 6.673933
v 0.235034 74.610920 6.569784
v 0.235034 73.956370 6.569784
v 0.192378 74.610920 6.534419
v 0.192378 73.956370 6.534419
v -0.460953 74.610920 6.694592
v -0.454390 73.956370 6.749523
v -0.460953 73.956370 6.694592
v -0.445883 74.610920 6.641364
v -0.445883 73.956370 6.641364
v -0.411613 74.610920 6.597857
v -0.411613 73.956370 6.597857
v -0.363366 74.610920 6.570756
v -0.363366 73.956370 6.570756
v -0.211579 74.610920 6.613656
v -0.211579 73.956370 6.613656
v -0.184600 73.956370 6.661902
v -0.255086 74.610920 6.579385
v -0.255086 73.956370 6.579385
v -0.308315 74.610920 6.564315
v -0.308315 73.956370 6.564315
v -0.839996 74.610920 6.976415
v -0.811802 73.956370 7.023932
v -0.839996 73.956370 6.976415
v -0.848017 74.610920 6.921605
v -0.848017 73.956370 6.921605
v -0.834406 74.610920 6.868012
v -0.834406 73.956370 6.868012
v -0.801229 74.610920 6.823655
v -0.801229 73.956370 6.823655
v -0.645310 74.610920 6.801051
v -0.645310 73.956370 6.801051
v -0.600952 73.956370 6.834105
v -0.698903 74.610920 6.787439
v -0.698903 73.956370 6.787439
v -0.753712 74.610920 6.795339
v -0.753712 73.956370 6.795339
v -1.071749 74.610920 7.388027
v -1.026541 73.956370 7.419989
v -1.071749 73.956370 7.388027
v -1.101280 74.610920 7.341239
v -1.101280 73.956370 7.341239
v -1.110759 74.610920 7.286674
v -1.110759 73.956370 7.286674
v -1.098485 74.610920 7.232716
v -1.098485 73.956370 7.232716
v -0.965169 74.610920 7.148619
v -0.965169 73.956370 7.148619
v -0.911211 73.956370 7.160892
v -1.019735 74.610920 7.157976
v -1.019735 73.956370 7.157976
v -1.066523 74.610920 7.187508
v -1.066523 73.956370 7.187508
v -0.235277 59.739250 7.776790
v -0.235277 59.739250 7.677988
v -0.195051 59.739250 7.866963
v -0.121649 59.739250 7.933074
v -0.027708 59.739250 7.963577
v 0.070486 59.739250 7.953247
v 0.156041 59.739250 7.903908
v 0.214131 59.739250 7.823942
v 0.234669 59.739250 7.727328
v 0.214131 59.739250 7.630714
v 0.156041 59.739250 7.550871
v 0.070486 59.739250 7.501410
v -0.027708 59.739250 7.491079
v -0.121649 59.739250 7.521583
v -0.195051 59.739250 7.587693
v 0.632428 57.682160 9.011992
v 0.840361 57.682160 8.890222
v 0.840361 69.216560 8.890224
v 0.632428 69.216560 9.011994
v 1.024839 57.682160 8.735396
v 1.180637 57.682160 8.552012
v 1.180637 69.216560 8.552014
v 1.024839 69.216560 8.735398
v 0.200155 57.682160 9.140082
v 0.406873 57.682160 9.097305
v 0.406873 69.216560 9.097307
v 0.200155 69.216560 9.140084
v 1.303136 57.682160 8.345294
v 1.303137 69.216560 8.345296
v 1.389055 57.682160 8.120955
v 1.389057 69.216560 8.120956
v 1.432319 57.682160 7.915209
v 1.444836 57.682160 7.727328
v 1.444838 69.216560 7.727330
v 1.432320 69.216560 7.915211
v 0.012396 57.682160 9.152356
v 0.012396 69.216560 9.152358
v -0.815569 57.682160 8.890223
v -0.607515 57.682160 9.011992
v -0.607515 69.216560 9.011994
v -0.815569 69.216560 8.890224
v -1.155724 57.682160 8.552012
v -0.999926 57.682160 8.735396
v -0.999926 69.216560 8.735398
v -1.155724 69.216560 8.552014
v -0.381960 57.682160 9.097305
v -0.175242 57.682160 9.140082
v -0.175242 69.216560 9.140084
v -0.381960 69.216560 9.097307
v -1.278224 57.682160 8.345294
v -1.278224 69.216560 8.345296
v -1.364266 57.682160 8.120955
v -1.364265 69.216560 8.120956
v -1.419926 57.682160 7.727328
v -1.407408 57.682160 7.915209
v -1.407407 69.216560 7.915211
v -1.419924 69.216560 7.727330
v 0.840360 57.682160 6.564556
v 0.632427 57.682160 6.442784
v 0.632428 69.216560 6.442786
v 0.840361 69.216560 6.564558
v 1.180636 57.682160 6.902764
v 1.024838 57.682160 6.719259
v 1.024839 69.216560 6.719261
v 1.180637 69.216560 6.902766
v 0.406872 57.682160 6.357473
v 0.200154 57.682160 6.314574
v 0.200155 69.216560 6.314576
v 0.406873 69.216560 6.357475
v 1.303136 57.682160 7.109484
v 1.303137 69.216560 7.109486
v 1.389055 57.682160 7.333823
v 1.389057 69.216560 7.333825
v 1.432319 57.682160 7.539569
v 1.432320 69.216560 7.539571
v 0.012395 57.682160 6.302299
v 0.012396 69.216560 6.302301
v -0.607516 57.682160 6.442785
v -0.815571 57.682160 6.564556
v -0.815569 69.216560 6.564558
v -0.607515 69.216560 6.442787
v -0.999927 57.682160 6.719259
v -1.155725 57.682160 6.902766
v -1.155724 69.216560 6.902768
v -0.999926 69.216560 6.719261
v -0.175244 57.682160 6.314574
v -0.381961 57.682160 6.357473
v -0.381960 69.216560 6.357475
v -0.175242 69.216560 6.314576
v -1.278225 57.682160 7.109484
v -1.278224 69.216560 7.109486
v -1.364266 57.682160 7.333823
v -1.364265 69.216560 7.333825
v -1.407408 57.682160 7.539569
v -1.407407 69.216560 7.539571
v 0.379287 57.682160 8.487480
v 0.502392 57.682160 8.415416
v 0.611524 57.682160 8.323905
v 0.703642 57.682160 8.215383
v 0.123472 57.682160 8.563314
v 0.245850 57.682160 8.537914
v 0.776193 57.682160 8.093004
v 0.826992 57.682160 7.960175
v 0.852634 57.682160 7.838526
v 0.860047 57.682160 7.727328
v 0.012396 57.682160 8.570605
v -0.477481 57.682160 8.415416
v -0.354373 57.682160 8.487482
v -0.678731 57.682160 8.215383
v -0.586612 57.682160 8.323905
v -0.220937 57.682160 8.537914
v -0.098559 57.682160 8.563314
v -0.751283 57.682160 8.093004
v -0.802081 57.682160 7.960175
v -0.835137 57.682160 7.727328
v -0.827723 57.682160 7.838526
v 0.502392 57.682160 7.039363
v 0.379285 57.682160 6.967297
v 0.703642 57.682160 7.239396
v 0.611524 57.682160 7.130873
v 0.245848 57.682160 6.916741
v 0.123470 57.682160 6.891464
v 0.776193 57.682160 7.361774
v 0.826992 57.682160 7.494482
v 0.852634 57.682160 7.616252
v 0.012395 57.682160 6.884172
v -0.354375 57.682160 6.967297
v -0.477482 57.682160 7.039363
v -0.586613 57.682160 7.130873
v -0.678731 57.682160 7.239396
v -0.098560 57.682160 6.891464
v -0.220938 57.682160 6.916741
v -0.751283 57.682160 7.361774
v -0.802081 57.682160 7.494482
v -0.827723 57.682160 7.616252
v -0.717377 57.011580 7.727328
v -0.894320 57.011580 7.727328
v -0.866004 57.011580 7.482937
v -0.695745 57.011580 7.533735
v -0.626231 57.011580 7.349986
v -0.774373 57.011580 7.252278
v -0.509930 57.011580 7.206584
v -0.482221 57.011580 6.900335
v -0.365677 57.011580 6.890491
v -0.359479 57.011580 7.093685
v -0.217900 57.011460 6.845770
v -0.176580 57.011460 7.018581
v 0.012395 57.011580 6.999744
v 0.012395 57.011580 6.823044
v -0.782758 57.011580 7.057105
v -0.594513 57.011580 6.864120
v -0.759182 57.011580 7.163442
v -0.835258 57.011580 6.920995
v -0.828453 57.011580 6.859745
v -0.783001 57.011580 6.810406
v -0.725397 57.011580 6.800804
v -0.365677 57.500120 6.890491
v -0.217900 57.500120 6.845770
v -0.725397 57.500120 6.800804
v -0.594513 57.500120 6.864120
v -0.783001 57.500120 6.810406
v -0.828453 57.500120 6.859745
v -0.482221 57.500120 6.900335
v -0.866004 57.011580 7.971841
v -0.695745 57.011580 7.921042
v -0.774373 57.011580 8.202500
v -0.626231 57.011580 8.104792
v -0.509930 57.011580 8.248194
v -0.759182 57.011580 8.291215
v -0.217900 57.011460 8.608887
v -0.365677 57.011580 8.564287
v -0.359479 57.011580 8.360971
v -0.176580 57.011460 8.436075
v 0.012395 57.011580 8.631734
v 0.012395 57.011580 8.454912
v -0.594513 57.011580 8.590658
v -0.782758 57.011580 8.397673
v -0.482221 57.011580 8.554321
v -0.828453 57.011580 8.595034
v -0.835258 57.011580 8.533783
v -0.783001 57.011580 8.644373
v -0.725397 57.011580 8.653975
v -0.866004 57.500120 7.971841
v -0.894320 57.500120 7.727328
v -0.217898 57.500120 8.608887
v -0.365676 57.500120 8.564287
v 0.012396 57.500120 8.631734
v -0.594511 57.500120 8.590658
v -0.725396 57.500120 8.653975
v -0.759182 57.500120 8.291215
v -0.774373 57.500120 8.202500
v -0.783000 57.500120 8.644373
v -0.828451 57.500120 8.595034
v -0.482220 57.500120 8.554321
v -0.782757 57.500120 8.397673
v -0.835258 57.500120 8.533783
v 0.890915 57.011580 7.482937
v 0.919109 57.011580 7.727328
v 0.742287 57.011580 7.727328
v 0.720534 57.011580 7.533735
v 0.799162 57.011580 7.252278
v 0.651142 57.011580 7.349986
v 0.534840 57.011580 7.206584
v 0.507132 57.011580 6.900335
v 0.783971 57.011580 7.163442
v 0.242810 57.011580 6.845770
v 0.390587 57.011580 6.890491
v 0.384389 57.011580 7.093685
v 0.201491 57.011460 7.018581
v 0.619423 57.011580 6.864120
v 0.807669 57.011580 7.057105
v 0.853363 57.011580 6.859745
v 0.860169 57.011580 6.920995
v 0.807912 57.011580 6.810406
v 0.750308 57.011580 6.800804
v 0.242810 57.500120 6.845770
v 0.390587 57.500120 6.890491
v 0.619423 57.500120 6.864120
v 0.750308 57.500120 6.800804
v 0.807912 57.500120 6.810406
v 0.853363 57.500120 6.859745
v 0.507132 57.500120 6.900335
v 0.807669 57.500120 7.057105
v 0.783971 57.500120 7.163442
v 0.860169 57.500120 6.920995
v 0.720534 57.011580 7.921042
v 0.890915 57.011580 7.971841
v 0.799162 57.011580 8.202499
v 0.651142 57.011580 8.104792
v 0.534840 57.011580 8.248194
v 0.507132 57.011580 8.554321
v 0.390587 57.011580 8.564286
v 0.384389 57.011580 8.360971
v 0.201491 57.011460 8.436075
v 0.242810 57.011580 8.608887
v 0.807669 57.011580 8.397673
v 0.619423 57.011580 8.590658
v 0.783971 57.011580 8.291214
v 0.860169 57.011580 8.533783
v 0.853363 57.011580 8.595032
v 0.807912 57.011580 8.644373
v 0.750308 57.011580 8.653973
v 0.890915 57.500120 7.971841
v 0.799162 57.500120 8.202499
v 0.390589 57.500120 8.564286
v 0.242811 57.500120 8.608887
v 0.783971 57.500120 8.291214
v 0.807670 57.500120 8.397673
v 0.507133 57.500120 8.554321
v -0.789442 57.500120 7.506635
v -0.866004 57.500120 7.482937
v -0.814355 57.500120 7.727328
v -0.708991 57.500120 7.297729
v -0.774373 57.500120 7.252278
v -0.388402 57.500120 7.001325
v -0.563280 57.500120 7.125890
v -0.200278 57.500120 6.924033
v 0.012395 57.500120 6.902887
v 0.012395 57.500120 6.823044
v -0.782758 57.500120 7.057105
v -0.759182 57.500120 7.163442
v -0.835258 57.500120 6.920995
v -0.789442 57.500120 7.948022
v -0.708991 57.500120 8.157049
v -0.563279 57.500120 8.328889
v -0.200278 57.500120 8.530746
v -0.388401 57.500120 8.453453
v 0.012396 57.500120 8.551890
v 0.919109 57.500120 7.727328
v 0.890915 57.500120 7.482937
v 0.814353 57.500120 7.506635
v 0.839266 57.500120 7.727328
v 0.799162 57.500120 7.252278
v 0.733902 57.500120 7.297729
v 0.588191 57.500120 7.125890
v 0.225189 57.500120 6.924033
v 0.413313 57.500120 7.001325
v 0.814353 57.500120 7.948022
v 0.733902 57.500120 8.157049
v 0.588191 57.500120 8.328889
v 0.225189 57.500120 8.530746
v 0.413313 57.500120 8.453453
v 0.619424 57.500120 8.590658
v 0.853364 57.500120 8.595032
v 0.860169 57.500120 8.533783
v 0.807913 57.500120 8.644373
v 0.750309 57.500120 8.653973
v -0.814355 57.851820 7.727328
v -0.789442 57.851820 7.506635
v -0.708991 57.851820 7.297729
v -0.563280 57.851820 7.125890
v -0.388402 57.851820 7.001325
v -0.200278 57.851940 6.924033
v 0.012395 57.851820 6.902887
v -0.789442 57.851820 7.948022
v -0.708991 57.851820 8.157049
v -0.388401 57.851820 8.453453
v -0.563279 57.851820 8.328889
v -0.200277 57.851940 8.530746
v 0.012396 57.851820 8.551890
v 0.814353 57.851820 7.506635
v 0.839266 57.851820 7.727328
v 0.733902 57.851820 7.297729
v 0.413313 57.851820 7.001325
v 0.588191 57.851820 7.125890
v 0.225189 57.851940 6.924033
v 0.814353 57.851820 7.948022
v 0.733902 57.851820 8.157049
v 0.588191 57.851820 8.328889
v 0.413313 57.851820 8.453453
v 0.225190 57.851940 8.530746
v -0.560363 57.097860 7.570680
v -0.577863 57.097860 7.727328
v -0.504218 57.097860 7.422174
v -0.288385 57.097860 7.214849
v -0.410156 57.097860 7.306115
v -0.140487 57.097860 7.154084
v 0.012395 57.097860 7.138893
v -0.560363 57.097860 7.883977
v -0.504218 57.097860 8.032605
v -0.410156 57.097860 8.148664
v -0.288385 57.097860 8.239809
v -0.140487 57.097860 8.300572
v 0.012395 57.097860 8.315886
v 0.602774 57.097860 7.727328
v 0.585153 57.097860 7.570680
v 0.529007 57.097860 7.422174
v 0.434945 57.097860 7.306115
v 0.313296 57.097860 7.214849
v 0.165397 57.097860 7.154084
v 0.585153 57.097860 7.883977
v 0.529007 57.097860 8.032604
v 0.313296 57.097860 8.239809
v 0.434945 57.097860 8.148664
v 0.165397 57.097860 8.300572
v -0.560363 57.998260 7.570680
v -0.577863 57.998260 7.727328
v -0.504218 57.998260 7.422174
v -0.288385 57.998260 7.214849
v -0.410156 57.998260 7.306115
v -0.140487 57.998260 7.154084
v 0.012395 57.998260 7.138893
v -0.560363 57.998260 7.883977
v -0.504218 57.998260 8.032605
v -0.410156 57.998260 8.148664
v -0.288385 57.998260 8.239809
v -0.140486 57.998260 8.300572
v 0.012396 57.998260 8.315886
v 0.602774 57.998260 7.727328
v 0.585153 57.998260 7.570680
v 0.529007 57.998260 7.422174
v 0.434945 57.998260 7.306115
v 0.313296 57.998260 7.214849
v 0.165397 57.998260 7.154084
v 0.585153 57.998260 7.883977
v 0.529007 57.998260 8.032604
v 0.313297 57.998260 8.239809
v 0.434945 57.998260 8.148664
v 0.165397 57.998260 8.300572
v 0.173784 74.355950 7.183740
v 0.192621 73.956370 7.125406
v -0.562064 74.355950 7.846185
v -0.562064 74.355950 7.608478
v -0.465327 74.355950 8.063354
v -0.288748 74.355950 8.222433
v -0.062707 74.355950 8.295835
v 0.173785 74.355950 8.270922
v 0.379531 74.355950 8.152190
v 0.519286 74.355950 7.959813
v 0.568748 74.355950 7.727331
v 0.519286 74.355950 7.494850
v 0.379530 74.355950 7.302593
v 0.173784 74.355950 7.183740
v -0.062708 74.355950 7.158827
v -0.288749 74.355950 7.232351
v -0.465328 74.355950 7.391430
v -0.467637 74.307460 7.628530
v -0.467637 74.307460 7.826133
v -0.387307 74.307460 8.006600
v -0.240502 74.307460 8.138823
v -0.052620 74.307460 8.199829
v 0.143888 74.307460 8.179170
v 0.315000 74.307460 8.080368
v 0.431057 74.307460 7.920560
v 0.472133 74.307460 7.727331
v 0.472133 71.768880 7.727330
v 0.472133 74.307460 7.727331
v 0.431057 74.307460 7.534103
v 0.314999 74.307460 7.374294
v 0.143888 74.307460 7.275493
v -0.052621 74.307460 7.254833
v -0.240502 74.307460 7.315962
v -0.387307 74.307460 7.448061
v 0.012396 74.564740 6.357841
v -0.167951 74.564740 6.369629
v -0.366648 74.564740 6.410827
v -0.583452 74.564740 6.492736
v -0.783243 74.564740 6.609767
v -0.960551 74.564740 6.758515
v -1.110152 74.564740 6.934852
v -1.228033 74.564740 7.133549
v -1.310550 74.564740 7.349138
v -1.352111 74.564740 7.546864
v -1.364142 74.564740 7.727331
v -1.352111 74.564740 7.907921
v -1.310550 74.564740 8.105524
v -1.228032 74.564740 8.321235
v -1.110150 74.564740 8.519933
v -0.960550 74.564740 8.696146
v -0.783242 74.564740 8.844896
v -0.583451 74.564740 8.961926
v -0.366647 74.564740 9.043958
v -0.167949 74.564740 9.085155
v 0.012397 74.564740 9.096942
v 0.192865 74.564740 9.085155
v 0.391562 74.564740 9.043958
v 0.608367 74.564740 8.961926
v 0.808157 74.564740 8.844896
v 0.985466 74.564740 8.696146
v 1.135066 74.564740 8.519931
v 1.252947 74.564740 8.321235
v 1.335463 74.564740 8.105524
v 1.377027 74.564740 7.907921
v 1.389057 74.564740 7.727331
v 1.377027 74.564740 7.546864
v 1.335463 74.564740 7.349137
v 1.252946 74.564740 7.133549
v 1.135065 74.564740 6.934852
v 0.985464 74.564740 6.758515
v 0.808156 74.564740 6.609767
v 0.608244 74.564740 6.492736
v 0.391561 74.564740 6.410827
v 0.192864 74.564740 6.369629
v -1.061784 74.610920 7.869275
v -1.061784 74.610920 7.585509
v -0.911210 74.610920 8.293892
v -1.026661 74.610920 8.034674
v -0.600951 74.610920 8.620557
v -0.811801 74.610920 8.430731
v -0.184599 74.610920 8.792882
v -0.454389 74.610920 8.705140
v 0.265781 74.610920 8.780851
v -0.016405 74.610920 8.810503
v 0.672412 74.610920 8.586772
v 0.426683 74.610920 8.728594
v 0.964928 74.610920 8.244065
v 0.798071 74.610920 8.473509
v 1.092652 74.610920 7.811914
v 1.033712 74.610920 8.089482
v 1.033711 74.610920 7.365301
v 1.092652 74.610920 7.642748
v 0.798069 74.610920 6.981153
v 0.964926 74.610920 7.210718
v 0.426682 74.610920 6.726190
v 0.672410 74.610920 6.868012
v -0.016285 74.610920 6.644158
v 0.265780 74.610920 6.673933
v -0.454390 74.610920 6.749523
v -0.184600 74.610920 6.661902
v -0.811802 74.610920 7.023932
v -0.600952 74.610920 6.834105
v -1.026541 74.610920 7.419989
v -0.911211 74.610920 7.160892
v -0.754684 73.956250 7.846307
v -0.639963 73.956250 8.148058
v -0.412462 73.956250 8.377016
v -0.111561 73.956250 8.493682
v 0.210851 73.956250 8.477883
v 0.498992 73.956250 8.332294
v 0.702914 73.956250 8.082069
v 0.787497 73.956250 7.770595
v 0.738035 73.956250 7.451586
v 0.563157 73.956250 7.180216
v 0.293002 73.956250 7.003515
v -0.025642 73.956250 6.951987
v -0.337724 73.956250 7.034504
v -0.589286 73.956250 7.236847
v -0.736698 73.956250 7.524016
v -0.754684 73.956250 7.608478
v -0.736698 73.956250 7.930768
v -0.589286 73.956250 8.217937
v -0.337724 73.956250 8.420158
v -0.025641 73.956250 8.502675
v 0.293003 73.956250 8.451147
v 0.563159 73.956250 8.274446
v 0.738035 73.956250 8.003198
v 0.787497 73.956250 7.684189
v 0.703035 73.956250 7.372715
v 0.498991 73.956250 7.122490
v 0.210971 73.956250 6.976900
v -0.111440 73.956250 6.960980
v -0.412463 73.956250 7.077646
v -0.639963 73.956250 7.306726
v -0.639963 73.956250 7.306726
v -0.911211 73.956370 7.160892
v -1.026541 73.956370 7.419989
v -0.736698 73.956250 7.524016
v -1.019735 73.956370 7.157976
v -1.066523 73.956370 7.187508
v -1.098485 73.956370 7.232716
v -1.110759 73.956370 7.286674
v -1.101280 73.956370 7.341239
v -0.412463 73.956250 7.077646
v -0.600952 73.956370 6.834105
v -0.811802 73.956370 7.023932
v -0.589286 73.956250 7.236847
v -0.698903 73.956370 6.787439
v -0.848017 73.956370 6.921605
v -0.839996 73.956370 6.976415
v -0.645310 73.956370 6.801051
v -0.111440 73.956250 6.960980
v -0.184600 73.956370 6.661902
v -0.454390 73.956370 6.749523
v -0.337724 73.956250 7.034504
v -0.211579 73.956370 6.613656
v -0.460953 73.956370 6.694592
v 0.210971 73.956250 6.976900
v 0.265780 73.956370 6.673933
v -0.016285 73.956370 6.644158
v -0.025642 73.956250 6.951987
v 0.235034 73.956370 6.569784
v 0.192378 73.956370 6.534419
v 0.139635 73.956370 6.518014
v 0.084461 73.956370 6.522996
v 0.035486 73.956370 6.548760
v 0.498991 73.956250 7.122490
v 0.672410 73.956370 6.868012
v 0.426682 73.956370 6.726190
v 0.293002 73.956250 7.003515
v 0.686629 73.956370 6.760339
v 0.512845 73.956370 6.660079
v 0.463262 73.956370 6.684506
v 0.690153 73.956370 6.815634
v 0.703035 73.956250 7.372715
v 0.964926 73.956370 7.210718
v 0.798069 73.956370 6.981153
v 0.563157 73.956250 7.180216
v 1.021680 73.956370 7.118114
v 0.903677 73.956370 6.955876
v 0.848382 73.956370 6.958064
v 1.002478 73.956370 7.170129
v 0.787497 73.956250 7.684189
v 1.092652 73.956370 7.642748
v 1.033711 73.956370 7.365301
v 0.738035 73.956250 7.451586
v 1.182217 73.956370 7.581255
v 1.202634 73.956370 7.529850
v 1.201905 73.956370 7.474554
v 1.180151 73.956370 7.423756
v 1.140412 73.956370 7.385111
v 0.738035 73.956250 8.003198
v 1.033711 73.956370 8.089482
v 1.092652 73.956370 7.811914
v 0.787497 73.956250 7.770595
v 1.140412 73.956370 8.069674
v 1.182096 73.956370 7.873406
v 1.143571 73.956370 7.833789
v 1.089006 73.956370 8.090211
v 0.563159 73.956250 8.274446
v 0.798071 73.956370 8.473509
v 0.964928 73.956370 8.244065
v 0.702914 73.956250 8.082069
v 0.848383 73.956370 8.496720
v 1.002478 73.956370 8.284655
v 0.293003 73.956250 8.451147
v 0.426683 73.956370 8.728594
v 0.672412 73.956370 8.586772
v 0.498992 73.956250 8.332294
v 0.463142 73.956370 8.770278
v 0.690154 73.956370 8.639151
v -0.025641 73.956250 8.502675
v -0.016405 73.956370 8.810503
v 0.265781 73.956370 8.780851
v 0.210851 73.956250 8.477883
v 0.035487 73.956370 8.905902
v 0.084463 73.956370 8.931666
v 0.139515 73.956370 8.936770
v 0.192379 73.956370 8.920363
v 0.234913 73.956370 8.885000
v -0.337724 73.956250 8.420158
v -0.454389 73.956370 8.705140
v -0.184599 73.956370 8.792882
v -0.111561 73.956250 8.493682
v -0.445882 73.956370 8.813420
v -0.255084 73.956370 8.875399
v -0.211699 73.956370 8.841128
v -0.460952 73.956370 8.760191
v -0.589286 73.956250 8.217937
v -0.811801 73.956370 8.430731
v -0.600951 73.956370 8.620557
v -0.412462 73.956250 8.377016
v -0.848016 73.956370 8.533056
v -0.698902 73.956370 8.667345
v -0.645308 73.956370 8.653733
v -0.840117 73.956370 8.478248
v -0.736698 73.956250 7.930768
v -1.026662 73.956370 8.034674
v -0.911211 73.956370 8.293892
v -0.639963 73.956250 8.148058
v -1.101402 73.956370 8.113423
v -1.110758 73.956370 8.167989
v -1.098485 73.956370 8.221948
v -1.066523 73.956370 8.267156
v -1.019735 73.956370 8.296686
v -0.754684 73.956250 7.608478
v -1.061784 73.956370 7.585509
v -1.061784 73.956370 7.869275
v -0.754684 73.956250 7.846307
v -1.162044 73.956370 7.627071
v -1.192790 73.956370 7.673009
v -1.203606 73.956370 7.727331
v -1.192790 73.956370 7.781653
v -1.162044 73.956370 7.827713
v -1.116106 73.956370 7.858459
v -1.116106 73.956370 7.596325
v -1.071749 73.956370 7.388027
v -0.965169 73.956370 7.148619
v -0.753712 73.956370 6.795339
v -0.801229 73.956370 6.823655
v -0.834406 73.956370 6.868012
v -0.255086 73.956370 6.579385
v -0.308315 73.956370 6.564315
v -0.363366 73.956370 6.570756
v -0.411613 73.956370 6.597857
v -0.445883 73.956370 6.641364
v 0.000122 73.956370 6.591416
v 0.260797 73.956370 6.618760
v 0.662080 73.956370 6.710755
v 0.620518 73.956370 6.674176
v 0.568140 73.956370 6.656433
v 1.019492 73.956370 7.062820
v 0.996280 73.956370 7.012630
v 0.955690 73.956370 6.975078
v 1.089006 73.956370 7.364573
v 1.143571 73.956370 7.620995
v 1.180151 73.956370 8.031026
v 1.201905 73.956370 7.980229
v 1.202634 73.956370 7.924934
v 0.903678 73.956370 8.498907
v 1.021558 73.956370 8.336546
v 0.955570 73.956370 8.479707
v 0.996282 73.956370 8.442155
v 1.019493 73.956370 8.391963
v 0.512846 73.956370 8.794704
v 0.568020 73.956370 8.798350
v 0.620519 73.956370 8.780486
v 0.662082 73.956370 8.744028
v 0.686509 73.956370 8.694445
v 0.260677 73.956370 8.836024
v 0.000001 73.956370 8.863368
v -0.411612 73.956370 8.856927
v -0.363365 73.956370 8.883906
v -0.308435 73.956370 8.890468
v -0.834405 73.956370 8.586772
v -0.801228 73.956370 8.631129
v -0.753711 73.956370 8.659324
v -0.965169 73.956370 8.306044
v -1.071749 73.956370 8.066635
v 0.234669 59.739250 7.727328
v -1.278225 57.682160 7.109484
v -1.278224 69.216560 7.109486
v 0.830032 74.516980 8.875643
v 0.624651 74.516980 8.995832
v 1.165934 74.516980 8.541685
v 1.012202 74.516980 8.722761
v 0.401892 74.516980 9.080173
v 0.197726 74.516980 9.122343
v 1.286975 74.516980 8.337519
v 1.371801 74.516980 8.115975
v 1.426853 74.516980 7.727331
v 1.414456 74.516980 7.912904
v 0.012397 74.516980 9.134494
v -0.599736 74.516980 8.995832
v -0.805117 74.516980 8.875643
v -0.987286 74.516980 8.722761
v -1.141018 74.516980 8.541685
v -0.172811 74.516980 9.122343
v -0.377098 74.516980 9.080173
v -1.262059 74.516980 8.337519
v -1.347008 74.516980 8.115975
v -1.389663 74.516980 7.912904
v -1.401938 74.516980 7.727331
v 0.624650 74.516980 6.458830
v 0.830031 74.516980 6.579142
v 1.012200 74.516980 6.731902
v 1.165933 74.516980 6.913098
v 0.197725 74.516980 6.332320
v 0.401891 74.516980 6.374612
v 1.286974 74.516980 7.117264
v 1.371801 74.516980 7.338808
v 1.414456 74.516980 7.541881
v 0.012396 74.516980 6.320167
v -0.805118 74.516980 6.579142
v -0.599737 74.516980 6.458830
v -1.141019 74.516980 6.913098
v -0.987287 74.516980 6.731902
v -0.377099 74.516980 6.374612
v -0.172812 74.516980 6.332320
v -1.262061 74.516980 7.117264
v -1.347008 74.516980 7.338808
v -1.262061 74.516980 7.117264
v -1.389663 74.516980 7.541881
v 0.840361 57.682160 8.890222
v 0.632428 57.682160 9.011992
v 1.180637 57.682160 8.552012
v 1.024839 57.682160 8.735396
v 0.406873 57.682160 9.097305
v 0.200155 57.682160 9.140082
v 1.303136 57.682160 8.345294
v 1.389055 57.682160 8.120955
v 1.444836 57.682160 7.727328
v 1.432319 57.682160 7.915209
v 0.012396 57.682160 9.152356
v -0.607515 57.682160 9.011992
v -0.815569 57.682160 8.890223
v -0.999926 57.682160 8.735396
v -1.155724 57.682160 8.552012
v -0.175242 57.682160 9.140082
v -0.381960 57.682160 9.097305
v -1.278224 57.682160 8.345294
v -1.364266 57.682160 8.120955
v -1.407408 57.682160 7.915209
v -1.419926 57.682160 7.727328
v 0.632427 57.682160 6.442784
v 0.840360 57.682160 6.564556
v 1.024838 57.682160 6.719259
v 1.180636 57.682160 6.902764
v 0.200154 57.682160 6.314574
v 0.406872 57.682160 6.357473
v 1.303136 57.682160 7.109484
v 1.389055 57.682160 7.333823
v 1.432319 57.682160 7.539569
v 0.012395 57.682160 6.302299
v -0.815571 57.682160 6.564556
v -0.607516 57.682160 6.442785
v -1.155725 57.682160 6.902766
v -0.999927 57.682160 6.719259
v -0.381961 57.682160 6.357473
v -0.175244 57.682160 6.314574
v -1.278225 57.682160 7.109484
v -1.364266 57.682160 7.333823
v -1.407408 57.682160 7.539569
v -0.069027 73.956370 7.097941
v 0.192621 73.956370 7.125406
v 0.420606 73.956370 7.257021
v 0.575310 73.956370 7.469936
v 0.629997 73.956370 7.727331
v 0.575310 73.956370 7.984726
v 0.420606 73.956370 8.197641
v 0.192622 73.956370 8.329256
v -0.069026 73.956370 8.356843
v -0.319374 73.956370 8.275419
v -0.514911 73.956250 8.099327
v -0.621976 73.956250 7.858945
v -0.621976 73.956250 7.595717
v -0.514911 73.956250 7.355336
v -0.319374 73.956370 7.179243
v -1.192790 74.610920 7.781653
v -1.203606 74.610920 7.727331
v -1.192790 74.610920 7.673009
v -1.162044 74.610920 7.627071
v -1.116106 74.610920 7.596325
v -1.071749 74.610920 7.388027
v -1.101280 74.610920 7.341239
v -1.061784 74.610920 7.585509
v -1.026541 74.610920 7.419989
v -1.026661 74.610920 8.034674
v -1.061784 74.610920 7.869275
v -1.116106 74.610920 7.858459
v -1.071748 74.610920 8.066635
v 0.690153 74.610920 6.815634
v 0.848382 74.610920 6.958064
v 0.903677 74.610920 6.955876
v 0.686629 74.610920 6.760339
v -1.162044 74.610920 7.827713
v -1.101400 74.610920 8.113423
v -0.965169 74.610920 7.148619
v -0.839996 74.610920 6.976415
v -0.848017 74.610920 6.921605
v -1.019735 74.610920 7.157976
v -0.911211 74.610920 7.160892
v -0.811802 74.610920 7.023932
v -0.645310 74.610920 6.801051
v -0.460953 74.610920 6.694592
v -0.445883 74.610920 6.641364
v -0.698903 74.610920 6.787439
v -0.600952 74.610920 6.834105
v -0.454390 74.610920 6.749523
v -0.211579 74.610920 6.613656
v 0.000122 74.610920 6.591416
v 0.035486 74.610920 6.548760
v -0.255086 74.610920 6.579385
v -0.184600 74.610920 6.661902
v -0.016285 74.610920 6.644158
v 0.260797 74.610920 6.618760
v 0.463262 74.610920 6.684506
v 0.512845 74.610920 6.660079
v 0.235034 74.610920 6.569784
v 0.265780 74.610920 6.673933
v 0.426682 74.610920 6.726190
v 0.672410 74.610920 6.868012
v 0.798069 74.610920 6.981153
v 1.002478 74.610920 7.170129
v 1.089006 74.610920 7.364573
v 1.140412 74.610920 7.385111
v 1.021680 74.610920 7.118114
v 0.964926 74.610920 7.210718
v 1.033711 74.610920 7.365301
v 1.143571 74.610920 7.620995
v 1.143571 74.610920 7.833789
v 1.182096 74.610920 7.873406
v 1.182217 74.610920 7.581255
v 1.092652 74.610920 7.642748
v 1.092652 74.610920 7.811914
v 1.033712 74.610920 8.089482
v 0.964928 74.610920 8.244065
v 1.002480 74.610920 8.284655
v 1.089007 74.610920 8.090211
v 1.021559 74.610920 8.336546
v 1.140413 74.610920 8.069674
v 0.798071 74.610920 8.473509
v 0.672412 74.610920 8.586772
v 0.690154 74.610920 8.639151
v 0.848383 74.610920 8.496720
v 0.686509 74.610920 8.694445
v 0.903678 74.610920 8.498907
v 0.426683 74.610920 8.728594
v 0.265781 74.610920 8.780851
v 0.260677 74.610920 8.836024
v 0.463142 74.610920 8.770278
v 0.234913 74.610920 8.885000
v 0.512846 74.610920 8.794704
v -0.016405 74.610920 8.810503
v -0.184599 74.610920 8.792882
v -0.211699 74.610920 8.841128
v 0.000001 74.610920 8.863368
v -0.255084 74.610920 8.875399
v 0.035487 74.610920 8.905902
v -0.454389 74.610920 8.705140
v -0.600951 74.610920 8.620557
v -0.645308 74.610920 8.653733
v -0.460952 74.610920 8.760191
v -0.698902 74.610920 8.667345
v -0.445882 74.610920 8.813420
v -0.811801 74.610920 8.430731
v -0.911210 74.610920 8.293892
v -0.965168 74.610920 8.306044
v -0.840117 74.610920 8.478248
v -1.019734 74.610920 8.296686
v -0.848016 74.610920 8.533056
v -1.098485 74.610920 7.232716
v -1.066523 74.610920 7.187508
v -1.110759 74.610920 7.286674
v -0.834406 74.610920 6.868012
v -0.801229 74.610920 6.823655
v -0.411613 74.610920 6.597857
v -0.753712 74.610920 6.795339
v -0.363366 74.610920 6.570756
v -0.308315 74.610920 6.564315
v 0.084461 74.610920 6.522996
v 0.139635 74.610920 6.518014
v 0.192378 74.610920 6.534419
v 0.568140 74.610920 6.656433
v 0.620518 74.610920 6.674176
v 0.662080 74.610920 6.710755
v 0.955690 74.610920 6.975078
v 0.996280 74.610920 7.012630
v 1.019492 74.610920 7.062820
v 1.180151 74.610920 7.423756
v 1.201905 74.610920 7.474554
v 1.202634 74.610920 7.529850
v 1.201906 74.610920 7.980229
v 1.202635 74.610920 7.924934
v 1.180152 74.610920 8.031026
v 1.019493 74.610920 8.391963
v 0.996282 74.610920 8.442155
v 0.955570 74.610920 8.479707
v 0.662082 74.610920 8.744028
v 0.084463 74.610920 8.931666
v 0.139515 74.610920 8.936770
v 0.620519 74.610920 8.780486
v 0.568020 74.610920 8.798350
v 0.192379 74.610920 8.920363
v -0.308435 74.610920 8.890468
v -0.363365 74.610920 8.883906
v -0.753711 74.610920 8.659324
v -0.411612 74.610920 8.856927
v -0.801228 74.610920 8.631129
v -0.834405 74.610920 8.586772
v -1.098484 74.610920 8.221948
v -1.110758 74.610920 8.167989
v -1.066522 74.610920 8.267156
v -0.195051 59.739250 7.866963
v -0.121649 59.739250 7.933074
v -0.027708 59.739250 7.963577
v 0.070486 59.739250 7.953247
v 0.156041 59.739250 7.903908
v 0.214131 59.739250 7.823942
v 0.234669 59.739250 7.727328
v 0.214131 59.739250 7.630714
v 0.156041 59.739250 7.550871
v 0.070486 59.739250 7.501410
v -0.027708 59.739250 7.491079
v -0.121649 59.739250 7.521583
v -0.195051 59.739250 7.587693
v -0.235277 59.739250 7.677988
v -0.235277 59.739250 7.776790
v -0.217900 57.011460 6.845770
v -0.365677 57.011580 6.890491
v -0.594513 57.011580 6.864120
v -0.725397 57.011580 6.800804
v -0.783001 57.011580 6.810406
v -0.828453 57.011580 6.859745
v -0.482221 57.011580 6.900335
v -0.894320 57.011580 7.727328
v -0.866004 57.011580 7.971841
v -0.365677 57.011580 8.564287
v -0.217900 57.011460 8.608887
v 0.012395 57.011580 8.631734
v -0.725397 57.011580 8.653975
v -0.594513 57.011580 8.590658
v -0.774373 57.011580 8.202500
v -0.759182 57.011580 8.291215
v -0.783001 57.011580 8.644373
v -0.783000 57.500120 8.644373
v -0.828453 57.011580 8.595034
v -0.783001 57.011580 8.644373
v -0.482221 57.011580 8.554321
v -0.782758 57.011580 8.397673
v -0.835258 57.011580 8.533783
v 0.390587 57.011580 6.890491
v 0.242810 57.011580 6.845770
v 0.750308 57.011580 6.800804
v 0.619423 57.011580 6.864120
v 0.853363 57.011580 6.859745
v 0.807912 57.011580 6.810406
v 0.507132 57.011580 6.900335
v 0.783971 57.011580 7.163442
v 0.807669 57.011580 7.057105
v 0.860169 57.011580 6.920995
v 0.799162 57.011580 8.202499
v 0.890915 57.011580 7.971841
v 0.242810 57.011580 8.608887
v 0.390587 57.011580 8.564286
v 0.783971 57.011580 8.291214
v 0.807669 57.011580 8.397673
v 0.507132 57.011580 8.554321
v -0.894320 57.500120 7.727328
v -0.365677 57.500120 6.890491
v -0.482221 57.500120 6.900335
v -0.217900 57.500120 6.845770
v -0.594513 57.500120 6.864120
v -0.828453 57.500120 6.859745
v -0.783001 57.500120 6.810406
v -0.725397 57.500120 6.800804
v -0.866004 57.011580 7.482937
v -0.866004 57.500120 7.482937
v -0.774373 57.011580 7.252278
v -0.774373 57.500120 7.252278
v 0.012395 57.011580 6.823044
v 0.012395 57.500120 6.823044
v -0.759182 57.011580 7.163442
v -0.759182 57.500120 7.163442
v -0.782758 57.011580 7.057105
v -0.782758 57.500120 7.057105
v -0.835258 57.011580 6.920995
v -0.835258 57.500120 6.920995
v -0.866004 57.500120 7.971841
v -0.774373 57.500120 8.202500
v -0.759182 57.500120 8.291215
v -0.365676 57.500120 8.564287
v -0.217898 57.500120 8.608887
v 0.012396 57.500120 8.631734
v -0.782757 57.500120 8.397673
v -0.594511 57.500120 8.590658
v -0.482220 57.500120 8.554321
v -0.835258 57.500120 8.533783
v -0.828451 57.500120 8.595034
v -0.783000 57.500120 8.644373
v -0.725396 57.500120 8.653975
v 0.783971 57.500120 7.163442
v 0.390587 57.500120 6.890491
v 0.242810 57.500120 6.845770
v 0.807669 57.500120 7.057105
v 0.619423 57.500120 6.864120
v 0.507132 57.500120 6.900335
v 0.860169 57.500120 6.920995
v 0.853363 57.500120 6.859745
v 0.807912 57.500120 6.810406
v 0.750308 57.500120 6.800804
v 0.919109 57.011580 7.727328
v 0.890915 57.011580 7.482937
v 0.890915 57.500120 7.482937
v 0.919109 57.500120 7.727328
v 0.799162 57.011580 7.252278
v 0.799162 57.500120 7.252278
v 0.890915 57.500120 7.971841
v 0.799162 57.500120 8.202499
v 0.507133 57.500120 8.554321
v 0.783971 57.500120 8.291214
v 0.242811 57.500120 8.608887
v 0.390589 57.500120 8.564286
v 0.807670 57.500120 8.397673
v 0.619423 57.011580 8.590658
v 0.750308 57.011580 8.653973
v 0.750309 57.500120 8.653973
v 0.619424 57.500120 8.590658
v 0.807912 57.011580 8.644373
v 0.807913 57.500120 8.644373
v 0.853363 57.011580 8.595032
v 0.853364 57.500120 8.595032
v 0.860169 57.011580 8.533783
v 0.860169 57.500120 8.533783
v -0.814355 57.500120 7.727328
v -0.789442 57.500120 7.506635
v -0.708991 57.500120 7.297729
v -0.563280 57.500120 7.125890
v -0.388402 57.500120 7.001325
v -0.200278 57.500120 6.924033
v 0.012395 57.500120 6.902887
v -0.789442 57.500120 7.948022
v -0.708991 57.500120 8.157049
v -0.388401 57.500120 8.453453
v -0.563279 57.500120 8.328889
v -0.200278 57.500120 8.530746
v 0.012396 57.500120 8.551890
v 0.814353 57.500120 7.506635
v 0.839266 57.500120 7.727328
v 0.733902 57.500120 7.297729
v 0.413313 57.500120 7.001325
v 0.588191 57.500120 7.125890
v 0.225189 57.500120 6.924033
v 0.733902 57.851820 7.297729
v 0.733902 57.500120 7.297729
v 0.814353 57.500120 7.948022
v 0.733902 57.500120 8.157049
v 0.588191 57.500120 8.328889
v 0.413313 57.500120 8.453453
v 0.225189 57.500120 8.530746
v -0.577863 57.097860 7.727328
v -0.560363 57.097860 7.570680
v -0.504218 57.097860 7.422174
v -0.410156 57.097860 7.306115
v -0.288385 57.097860 7.214849
v -0.140487 57.097860 7.154084
v 0.012395 57.097860 7.138893
v -0.504218 57.998260 7.422174
v -0.504218 57.097860 7.422174
v -0.560363 57.097860 7.883977
v -0.504218 57.097860 8.032605
v -0.288385 57.097860 8.239809
v -0.410156 57.097860 8.148664
v -0.140487 57.097860 8.300572
v 0.012395 57.097860 8.315886
v 0.585153 57.097860 7.570680
v 0.602774 57.097860 7.727328
v 0.529007 57.097860 7.422174
v 0.313296 57.097860 7.214849
v 0.434945 57.097860 7.306115
v 0.165397 57.097860 7.154084
v 0.585153 57.097860 7.883977
v 0.529007 57.097860 8.032604
v 0.434945 57.097860 8.148664
v 0.313296 57.097860 8.239809
v 0.165397 57.097860 8.300572
v -0.504218 57.998260 7.422174
v -0.410156 57.998260 7.306115
v -0.288385 57.998260 7.214849
v -0.140487 57.998260 7.154084
v 0.012395 57.998260 7.138893
v 0.165397 57.998260 7.154084
v 0.313296 57.998260 7.214849
v 0.434945 57.998260 7.306115
v 0.529007 57.998260 7.422174
v 0.585153 57.998260 7.570680
v 0.602774 57.998260 7.727328
v 0.585153 57.998260 7.883977
v 0.529007 57.998260 8.032604
v 0.434945 57.998260 8.148664
v 0.313297 57.998260 8.239809
v 0.165397 57.998260 8.300572
v 0.012396 57.998260 8.315886
v -0.140486 57.998260 8.300572
v -0.288385 57.998260 8.239809
v -0.410156 57.998260 8.148664
v -0.504218 57.998260 8.032605
v -0.560363 57.998260 7.883977
v -0.577863 57.998260 7.727328
v -0.560363 57.998260 7.570680
# 1584 vertices

# 0 UVs

vn -0.680807 0.718007 0.144802
vn -0.680612 0.718212 -0.144703
vn -0.582515 0.803321 -0.123903
vn -0.582515 0.803321 0.123903
vn -0.562811 0.718414 0.408808
vn -0.481896 0.803293 0.349997
vn -0.347993 0.718185 0.602587
vn -0.298111 0.803029 0.516018
vn -0.072702 0.718018 0.692217
vn -0.062298 0.803173 0.592480
vn 0.215109 0.718131 0.661828
vn 0.184105 0.803222 0.566516
vn 0.465618 0.718327 0.516920
vn 0.398699 0.803099 0.442799
vn 0.635783 0.718080 0.283092
vn 0.544316 0.803124 0.242307
vn 0.595880 0.803073 0.000000
vn 0.696073 0.717972 0.000000
vn 0.635765 0.718060 -0.283184
vn 0.544316 0.803124 -0.242307
vn 0.465715 0.718123 -0.517116
vn 0.398699 0.803099 -0.442799
vn 0.215205 0.718115 -0.661814
vn 0.184099 0.803096 -0.566697
vn -0.072701 0.718312 -0.691912
vn -0.062300 0.803303 -0.592303
vn -0.348110 0.718020 -0.602717
vn -0.298087 0.803064 -0.515977
vn -0.563000 0.718100 -0.409100
vn -0.481819 0.803331 -0.350014
vn 0.331296 0.940889 -0.070499
vn 0.331388 0.940865 0.070397
vn 0.274091 0.940870 -0.199094
vn 0.169307 0.940937 -0.293212
vn 0.035398 0.940846 -0.336981
vn -0.104598 0.940878 -0.322192
vn -0.226496 0.940983 -0.251496
vn -0.309107 0.941020 -0.137603
vn -0.338610 0.940927 0.000000
vn -0.309695 0.940783 0.137898
vn -0.226496 0.940983 0.251496
vn -0.104706 0.940857 0.322219
vn 0.035401 0.940835 0.337012
vn 0.169302 0.940909 0.293303
vn 0.273999 0.940895 0.199099
vn 0.896352 0.400323 0.190511
vn 0.896297 0.400499 -0.190399
vn 0.741369 0.400383 -0.538577
vn 0.458183 0.400985 -0.793271
vn 0.095700 0.400699 -0.911198
vn -0.283096 0.400894 -0.871287
vn -0.613094 0.400796 -0.680793
vn -0.836981 0.400891 -0.372491
vn -0.916245 0.400620 0.000100
vn -0.837019 0.400609 0.372708
vn -0.613118 0.400712 0.680820
vn -0.283096 0.400894 0.871287
vn 0.095898 0.400691 0.911181
vn 0.458202 0.400502 0.793504
vn 0.741190 0.400694 0.538593
vn 0.978100 0.009900 -0.207900
vn 0.978100 0.009900 0.207900
vn 0.809012 0.009900 -0.587709
vn 0.499987 0.009900 -0.865977
vn 0.104399 0.009900 -0.994486
vn -0.309003 0.009900 -0.951010
vn -0.669208 0.009900 -0.743009
vn -0.913544 0.009900 -0.406620
vn -0.999951 0.009900 0.000000
vn -0.913544 0.009900 0.406620
vn -0.669208 0.009900 0.743009
vn -0.309003 0.009900 0.951010
vn 0.104695 0.009900 0.994455
vn 0.499987 0.009900 0.865977
vn 0.808930 0.009900 0.587822
vn 0.324612 0.936235 -0.134505
vn 0.627792 0.685091 -0.369495
vn 0.423013 0.685121 0.593018
vn 0.241792 0.936170 0.255192
vn 0.145105 0.685023 0.713924
vn 0.116997 0.936176 0.331491
vn 0.351515 0.936140 0.008900
vn 0.723707 0.685207 -0.082101
vn -0.157296 0.685184 0.711183
vn -0.027999 0.936262 0.350186
vn 0.317108 0.936323 0.150804
vn 0.694724 0.685124 0.219008
vn -0.433373 0.685057 0.585563
vn -0.167996 0.936275 0.308492
vn 0.228399 0.936297 0.266799
vn 0.545396 0.685095 0.482896
vn -0.634296 0.684996 0.358398
vn -0.278804 0.936314 0.213503
vn 0.100296 0.936260 0.336686
vn 0.302110 0.685222 0.662722
vn -0.725093 0.685094 0.069899
vn -0.341390 0.936373 0.081598
vn -0.045299 0.936289 0.348296
vn 0.006400 0.685110 0.728411
vn -0.690777 0.685077 -0.231292
vn -0.345495 0.936188 -0.064699
vn -0.183203 0.936213 0.299904
vn -0.290595 0.685088 0.667989
vn -0.537100 0.685100 -0.492100
vn -0.289198 0.936293 -0.199299
vn -0.289106 0.936320 0.199304
vn -0.537100 0.685100 0.492100
vn -0.290595 0.685088 -0.667989
vn -0.183100 0.936298 -0.299700
vn -0.345206 0.936315 0.064401
vn -0.690777 0.685077 0.231292
vn 0.006500 0.685163 -0.728361
vn -0.045398 0.936253 -0.348382
vn -0.341690 0.936272 -0.081498
vn -0.725211 0.685010 -0.069501
vn 0.302091 0.685079 -0.662879
vn 0.100095 0.936355 -0.336484
vn -0.278995 0.936282 -0.213396
vn -0.633817 0.685119 -0.359010
vn 0.545492 0.685090 -0.482793
vn 0.228295 0.936381 -0.266595
vn -0.168098 0.936288 -0.308396
vn -0.432882 0.685272 -0.585676
vn 0.694839 0.685038 -0.218912
vn 0.317108 0.936323 -0.150804
vn -0.028000 0.936295 -0.350098
vn -0.157600 0.685098 -0.711198
vn 0.723792 0.685093 0.082299
vn 0.351395 0.936186 -0.008800
vn 0.117297 0.936279 -0.331093
vn 0.145693 0.685167 -0.713666
vn 0.627708 0.685109 0.369605
vn 0.324488 0.936265 0.134595
vn 0.241798 0.936194 -0.255098
vn 0.423202 0.685103 -0.592903
vn 0.544973 0.324384 0.773162
vn 0.353797 0.789194 0.501996
vn 0.265005 0.788714 0.554710
vn 0.407893 0.323795 0.853686
vn 0.770085 0.324594 0.549189
vn 0.499617 0.789527 0.356412
vn 0.432907 0.789312 0.435407
vn 0.667012 0.324406 0.670713
vn 0.264001 0.324201 0.908404
vn 0.171598 0.789188 0.589691
vn 0.082501 0.789405 0.608304
vn 0.126994 0.324685 0.937258
vn 0.851612 0.324305 0.411806
vn 0.552496 0.789494 0.267298
vn 0.907204 0.325102 0.267001
vn 0.587898 0.790198 0.173100
vn 0.945404 0.325901 0.000000
vn 0.611522 0.791228 0.000000
vn 0.606377 0.790771 0.083597
vn 0.936701 0.325500 0.129000
vn 0.000000 0.790089 0.612992
vn 0.000000 0.324496 0.945887
vn -0.408012 0.323809 0.853624
vn -0.265112 0.788737 0.554626
vn -0.353780 0.789155 0.502071
vn -0.544903 0.324402 0.773204
vn -0.667034 0.324317 0.670734
vn -0.432888 0.789277 0.435488
vn -0.499714 0.789422 0.356510
vn -0.770110 0.324504 0.549207
vn -0.127097 0.324592 0.937276
vn -0.082400 0.789802 0.607802
vn -0.171400 0.789300 0.589600
vn -0.263915 0.324418 0.908351
vn -0.552412 0.789617 0.267106
vn -0.851584 0.324394 0.411792
vn -0.587823 0.790230 0.173207
vn -0.907180 0.325093 0.267094
vn -0.936621 0.325807 0.128803
vn -0.605991 0.791088 0.083399
vn -0.611473 0.791265 -0.000100
vn -0.945373 0.325991 -0.000100
vn 0.407818 0.324015 -0.853639
vn 0.264713 0.788940 -0.554528
vn 0.354003 0.788906 -0.502304
vn 0.545090 0.323894 -0.773285
vn 0.666989 0.324295 -0.670789
vn 0.432888 0.789277 -0.435488
vn 0.499596 0.789593 -0.356297
vn 0.770193 0.324497 -0.549095
vn 0.127105 0.324712 -0.937234
vn 0.082600 0.789703 -0.607903
vn 0.171500 0.789202 -0.589702
vn 0.263899 0.324299 -0.908398
vn 0.552496 0.789494 -0.267298
vn 0.851612 0.324305 -0.411806
vn 0.587776 0.790268 -0.173193
vn 0.907239 0.324914 -0.267112
vn 0.936701 0.325500 -0.129000
vn 0.606382 0.790777 -0.083498
vn -0.000100 0.325183 -0.945651
vn 0.000000 0.790003 -0.613103
vn -0.545107 0.323804 -0.773310
vn -0.353898 0.788895 -0.502397
vn -0.264984 0.788752 -0.554666
vn -0.407893 0.323795 -0.853686
vn -0.770210 0.324604 -0.549007
vn -0.499692 0.789488 -0.356394
vn -0.432907 0.789312 -0.435407
vn -0.666989 0.324295 -0.670789
vn -0.264092 0.324491 -0.908274
vn -0.171410 0.789346 -0.589535
vn -0.082501 0.789710 -0.607908
vn -0.127006 0.324716 -0.937246
vn -0.851487 0.324395 -0.411994
vn -0.552397 0.789596 -0.267199
vn -0.907103 0.325301 -0.267101
vn -0.587711 0.790314 -0.173203
vn -0.606213 0.790917 -0.083402
vn -0.936664 0.325688 -0.128795
vn -0.027901 0.978321 -0.205205
vn 0.000000 0.978449 -0.206489
vn -0.058101 0.978112 -0.199803
vn -0.089803 0.978034 -0.188107
vn -0.120003 0.978022 -0.170504
vn -0.146895 0.978064 -0.147695
vn -0.169607 0.978042 -0.121105
vn -0.187399 0.978097 -0.090600
vn -0.199008 0.978238 -0.058702
vn -0.204205 0.978525 -0.028101
vn -0.205703 0.978614 0.000000
vn -0.204205 0.978522 0.028201
vn -0.199009 0.978244 0.058603
vn -0.187398 0.978088 0.090699
vn -0.169609 0.978054 0.121007
vn -0.146797 0.978078 0.147697
vn -0.120200 0.977999 0.170500
vn -0.089901 0.978007 0.188201
vn -0.058101 0.978112 0.199803
vn -0.027800 0.978389 0.204898
vn 0.000000 0.978445 0.206509
vn 0.027899 0.978366 0.204993
vn 0.058100 0.978093 0.199899
vn 0.089901 0.978007 0.188201
vn 0.120099 0.977994 0.170599
vn 0.146797 0.978078 0.147697
vn 0.169496 0.978075 0.120997
vn 0.187206 0.978133 0.090603
vn 0.199008 0.978238 0.058702
vn 0.204205 0.978525 0.028101
vn 0.205703 0.978614 0.000000
vn 0.204300 0.978502 -0.028200
vn 0.199008 0.978238 -0.058702
vn 0.187110 0.978152 -0.090605
vn 0.169498 0.978087 -0.120898
vn 0.146892 0.978049 -0.147792
vn 0.120003 0.978022 -0.170504
vn 0.089801 0.978016 -0.188203
vn 0.058200 0.978106 -0.199801
vn 0.027801 0.978324 -0.205205
vn 0.251713 0.753840 -0.606932
vn 0.044899 0.677891 -0.733790
vn 0.285896 0.665690 -0.689290
vn 0.464597 0.753795 -0.464697
vn 0.527576 0.665670 -0.527776
vn 0.606886 0.753883 -0.251694
vn 0.689395 0.665795 -0.285398
vn 0.657102 0.753802 0.000000
vn 0.746211 0.665710 0.000000
vn 0.251713 0.753840 0.606932
vn 0.285601 0.665701 0.689401
vn 0.044600 0.677900 0.733800
vn 0.464802 0.753603 0.464802
vn 0.527791 0.665488 0.527791
vn 0.606932 0.753840 0.251713
vn 0.689309 0.665709 0.285804
vn -0.017200 0.753882 -0.656785
vn -0.257497 0.677892 -0.688592
vn -0.019301 0.665840 -0.745845
vn 0.235399 0.753796 -0.613497
vn 0.267393 0.665683 -0.696683
vn 0.452406 0.753710 -0.476707
vn 0.513607 0.665809 -0.541208
vn 0.600373 0.753766 -0.267188
vn 0.681726 0.665726 -0.303412
vn 0.476692 0.753788 0.452293
vn 0.541208 0.665809 0.513607
vn 0.339293 0.677985 0.652086
vn 0.613297 0.753896 0.235599
vn 0.696603 0.665803 0.267301
vn 0.656779 0.753876 -0.017699
vn 0.745886 0.665788 -0.019500
vn -0.283099 0.753797 -0.592997
vn -0.515400 0.677999 -0.524100
vn -0.321212 0.665724 -0.673524
vn -0.033900 0.753907 -0.656106
vn -0.039200 0.665695 -0.745194
vn 0.219505 0.753917 -0.619214
vn 0.249011 0.665929 -0.703230
vn 0.439612 0.753721 -0.488514
vn 0.499291 0.665687 -0.554590
vn 0.619270 0.753963 0.219189
vn 0.703505 0.665605 0.249102
vn 0.575111 0.677913 0.457909
vn 0.656412 0.753614 -0.034501
vn 0.745203 0.665703 -0.038900
vn 0.592921 0.753927 -0.282910
vn 0.673577 0.665777 -0.320989
vn -0.499602 0.753703 -0.427002
vn -0.684007 0.677707 -0.269903
vn -0.567207 0.665908 -0.484606
vn -0.298698 0.753795 -0.585297
vn -0.338905 0.665710 -0.664810
vn -0.051599 0.753788 -0.655089
vn -0.058701 0.665809 -0.743810
vn 0.203301 0.753602 -0.625102
vn 0.230697 0.665991 -0.709391
vn 0.654880 0.753977 -0.051498
vn 0.744097 0.665497 -0.058600
vn 0.711591 0.677992 0.184298
vn 0.585599 0.753599 -0.298600
vn 0.664710 0.665810 -0.338905
vn 0.427012 0.753821 -0.499414
vn 0.484687 0.665782 -0.567285
vn -0.630093 0.753692 -0.186898
vn -0.734532 0.677829 0.031801
vn -0.715359 0.665762 -0.212188
vn -0.510602 0.753803 -0.413602
vn -0.579938 0.665743 -0.469530
vn -0.313500 0.753799 -0.577499
vn -0.355895 0.665691 -0.655891
vn -0.068396 0.753860 -0.653465
vn -0.077598 0.665582 -0.742280
vn 0.577492 0.753889 -0.313296
vn 0.655658 0.665557 -0.356577
vn 0.724825 0.678223 -0.121004
vn 0.413602 0.753803 -0.510602
vn 0.469612 0.665618 -0.580015
vn 0.186900 0.753601 -0.630201
vn 0.212203 0.665809 -0.715310
vn -0.651485 0.753783 0.085898
vn -0.658091 0.677791 0.327896
vn -0.739848 0.665744 0.097006
vn -0.634870 0.753664 -0.170092
vn -0.720705 0.665805 -0.193101
vn -0.521402 0.753803 -0.399902
vn -0.591893 0.665792 -0.454295
vn -0.328500 0.753799 -0.569100
vn -0.373393 0.665888 -0.645888
vn 0.400111 0.753821 -0.521215
vn 0.454414 0.665421 -0.592219
vn 0.613210 0.678011 -0.405307
vn 0.170090 0.753755 -0.634762
vn 0.192800 0.665899 -0.720699
vn -0.085798 0.753882 -0.651384
vn -0.097305 0.665934 -0.739638
vn -0.560203 0.754004 0.343002
vn -0.467489 0.677884 0.567387
vn -0.636493 0.665593 0.389696
vn -0.649112 0.753714 0.102802
vn -0.736868 0.665871 0.116795
vn -0.639027 0.753732 -0.153406
vn -0.725913 0.665412 -0.174003
vn -0.531199 0.753799 -0.386800
vn -0.603409 0.665710 -0.439007
vn 0.153602 0.753708 -0.639007
vn 0.174407 0.665726 -0.725528
vn 0.395114 0.677924 -0.619922
vn -0.103004 0.753932 -0.648827
vn -0.116998 0.665590 -0.737089
vn -0.343495 0.753490 -0.560593
vn -0.390108 0.665714 -0.636114
vn -0.372390 0.753880 0.541286
vn -0.196295 0.677882 0.708481
vn -0.422989 0.665582 0.614883
vn -0.551025 0.753835 0.357917
vn -0.625818 0.665719 0.406412
vn -0.646023 0.753826 0.120004
vn -0.733722 0.665720 0.135904
vn -0.643019 0.753623 -0.136304
vn -0.729794 0.665795 -0.155299
vn -0.119898 0.753787 -0.646089
vn -0.136100 0.665702 -0.733702
vn 0.108698 0.677887 -0.727086
vn -0.357892 0.753582 -0.551387
vn -0.406191 0.665884 -0.625785
vn -0.541397 0.753796 -0.372398
vn -0.614994 0.665793 -0.422496
vn -0.119898 0.753787 0.646089
vn 0.108698 0.677887 0.727086
vn -0.136100 0.665702 0.733702
vn -0.357802 0.753905 0.551004
vn -0.406191 0.665884 0.625785
vn -0.541416 0.754023 0.371911
vn -0.615082 0.665780 0.422388
vn -0.642836 0.753742 0.136508
vn -0.729909 0.665808 0.154702
vn -0.372092 0.753883 -0.541488
vn -0.422688 0.665681 -0.614983
vn -0.196501 0.677903 -0.708403
vn -0.551095 0.753793 -0.357897
vn -0.625818 0.665719 -0.406412
vn -0.646104 0.753805 -0.119701
vn -0.733673 0.665775 -0.135895
vn 0.153297 0.753786 0.638988
vn 0.395005 0.677909 0.620008
vn 0.174298 0.665793 0.725493
vn -0.102793 0.753850 0.648957
vn -0.116702 0.665614 0.737115
vn -0.343495 0.753788 0.560191
vn -0.389804 0.665707 0.636307
vn -0.531679 0.753571 0.386585
vn -0.603382 0.665880 0.438787
vn -0.560497 0.753696 -0.343198
vn -0.636114 0.665714 -0.390108
vn -0.467484 0.677976 -0.567280
vn -0.649006 0.753806 -0.102801
vn -0.736900 0.665800 -0.117000
vn -0.638919 0.753823 0.153405
vn -0.725614 0.665712 0.174103
vn 0.399806 0.753711 0.521608
vn 0.612978 0.677876 0.405885
vn 0.454006 0.665709 0.592208
vn 0.170092 0.753664 0.634870
vn 0.193088 0.665757 0.720753
vn -0.085799 0.753789 0.651491
vn -0.097000 0.665799 0.739799
vn -0.328697 0.754094 0.568595
vn -0.373308 0.665715 0.646115
vn -0.651794 0.753493 -0.086099
vn -0.739507 0.666006 -0.097801
vn -0.658091 0.677791 -0.327896
vn -0.634606 0.753907 0.170002
vn -0.721089 0.665390 0.193097
vn -0.521400 0.753699 0.400100
vn -0.592089 0.665688 0.454192
vn 0.577396 0.753795 0.313698
vn 0.725062 0.677864 0.121594
vn 0.655817 0.665917 0.355609
vn 0.413498 0.753796 0.510697
vn 0.469581 0.665673 0.579977
vn 0.186604 0.753916 0.629913
vn 0.211804 0.665611 0.715612
vn -0.068800 0.753796 0.653497
vn -0.077904 0.665931 0.741935
vn -0.630032 0.753938 0.186110
vn -0.715595 0.665695 0.211599
vn -0.734271 0.678073 -0.032599
vn -0.510208 0.754012 0.413707
vn -0.579789 0.665688 0.469791
vn -0.313494 0.753886 0.577389
vn -0.355896 0.665493 0.656093
vn 0.654819 0.754022 0.051602
vn 0.711529 0.678027 -0.184407
vn 0.744101 0.665501 0.058500
vn 0.585524 0.753732 0.298413
vn 0.664911 0.665711 0.338706
vn 0.427002 0.753703 0.499602
vn 0.484719 0.665727 0.567323
vn 0.202907 0.754025 0.624721
vn 0.230597 0.665492 0.709891
vn -0.499682 0.753773 0.426785
vn -0.567619 0.665622 0.484516
vn -0.683997 0.677997 0.269199
vn -0.298617 0.753643 0.585534
vn -0.338905 0.665810 0.664710
vn -0.051499 0.753792 0.655093
vn -0.058600 0.665602 0.744003
vn 0.619398 0.753797 -0.219399
vn 0.575298 0.677897 -0.457698
vn 0.703166 0.665968 -0.249088
vn 0.656201 0.753801 0.034400
vn 0.745194 0.665695 0.039200
vn 0.593177 0.753771 0.282789
vn 0.673524 0.665724 0.321212
vn 0.439776 0.753458 0.488773
vn 0.499204 0.665906 0.554405
vn -0.282706 0.753617 0.593413
vn -0.320900 0.665799 0.673599
vn -0.515013 0.677818 0.524714
vn -0.034700 0.753701 0.656301
vn -0.039000 0.665700 0.745200
vn 0.219298 0.753994 0.619195
vn 0.249103 0.665707 0.703408
vn 0.476707 0.753710 -0.452406
vn 0.339603 0.677907 -0.652006
vn 0.541278 0.665773 -0.513579
vn 0.613497 0.753796 -0.235399
vn 0.696515 0.665814 -0.267506
vn 0.656890 0.753788 0.017300
vn 0.745936 0.665732 0.019501
vn 0.600277 0.753771 0.267390
vn 0.681706 0.665705 0.303503
vn -0.017300 0.753788 0.656890
vn -0.019600 0.665787 0.745885
vn -0.257404 0.677909 0.688609
vn 0.235399 0.753796 0.613497
vn 0.267393 0.665683 0.696683
vn 0.452415 0.753825 0.476516
vn 0.513579 0.665773 0.541278
vn 0.725704 0.670504 -0.154201
vn 0.725742 0.670439 0.154309
vn 0.600112 0.670513 -0.436209
vn 0.370997 0.670494 -0.642494
vn 0.077398 0.670481 -0.737879
vn -0.229188 0.670666 -0.705464
vn -0.496400 0.670400 -0.551500
vn -0.677687 0.670387 -0.302194
vn -0.742000 0.670400 0.000000
vn -0.677782 0.670382 0.301992
vn -0.496388 0.670584 0.551287
vn -0.229299 0.670698 0.705398
vn 0.077497 0.670476 0.737873
vn 0.370997 0.670494 0.642494
vn 0.600202 0.670502 0.436101
vn 0.312599 -0.688699 0.654199
vn 0.417767 -0.688646 0.592653
vn 0.576137 0.001700 0.817352
vn 0.431101 0.001700 0.902302
vn 0.511165 -0.688653 0.514265
vn 0.590380 -0.688577 0.421086
vn 0.814111 0.001700 0.580707
vn 0.705003 0.001700 0.709203
vn 0.096904 -0.691829 0.715530
vn 0.202007 -0.689824 0.695224
vn 0.279089 0.001700 0.960264
vn 0.134305 0.001700 0.990939
vn 0.652863 -0.688560 0.315682
vn 0.900287 0.001700 0.435294
vn 0.694594 -0.689694 0.204598
vn 0.959233 0.001700 0.282610
vn 0.715510 -0.691609 0.098601
vn 0.721507 -0.692407 0.000000
vn 0.999999 0.001700 0.000000
vn 0.990638 0.001700 0.136505
vn 0.000000 -0.692713 0.721213
vn 0.000000 0.001700 0.999999
vn -0.417796 -0.688593 0.592694
vn -0.312509 -0.688720 0.654219
vn -0.430981 0.001700 0.902360
vn -0.576203 0.001700 0.817305
vn -0.590380 -0.688577 0.421086
vn -0.511217 -0.688723 0.514118
vn -0.705103 0.001700 0.709103
vn -0.814111 0.001700 0.580707
vn -0.202103 -0.689810 0.695210
vn -0.097003 -0.691822 0.715523
vn -0.134305 0.001700 0.990939
vn -0.279089 0.001700 0.960264
vn -0.652727 -0.688629 0.315813
vn -0.900190 0.001700 0.435495
vn -0.694694 -0.689594 0.204598
vn -0.959233 0.001700 0.282610
vn -0.721507 -0.692407 0.000000
vn -0.715474 -0.691675 0.098396
vn -0.990680 0.001700 0.136197
vn -0.999999 0.001700 0.000000
vn 0.417474 -0.688557 -0.592963
vn 0.312599 -0.688699 -0.654199
vn 0.431101 0.001700 -0.902302
vn 0.575976 0.001700 -0.817465
vn 0.590405 -0.688606 -0.421004
vn 0.511200 -0.688600 -0.514300
vn 0.704953 0.001700 -0.709252
vn 0.814192 0.001700 -0.580594
vn 0.202199 -0.689896 -0.695096
vn 0.097194 -0.691759 -0.715558
vn 0.133899 0.001700 -0.990994
vn 0.279301 0.001700 -0.960202
vn 0.652863 -0.688560 -0.315682
vn 0.900287 0.001700 -0.435294
vn 0.694808 -0.689508 -0.204502
vn 0.959233 0.001700 -0.282610
vn 0.715587 -0.691587 -0.098198
vn 0.990694 0.001700 -0.136099
vn 0.000000 -0.692713 -0.721213
vn 0.000000 0.001700 -0.999999
vn -0.312489 -0.688675 -0.654276
vn -0.417713 -0.688622 -0.592719
vn -0.576023 0.001700 -0.817432
vn -0.430981 0.001700 -0.902360
vn -0.511300 -0.688600 -0.514200
vn -0.590405 -0.688606 -0.421004
vn -0.814192 0.001700 -0.580594
vn -0.705103 0.001700 -0.709103
vn -0.097201 -0.691809 -0.715509
vn -0.202199 -0.689896 -0.695096
vn -0.279301 0.001700 -0.960202
vn -0.134600 0.001700 -0.990899
vn -0.652727 -0.688629 -0.315813
vn -0.900190 0.001700 -0.435495
vn -0.694694 -0.689594 -0.204598
vn -0.959233 0.001700 -0.282610
vn -0.715474 -0.691675 -0.098396
vn -0.990680 0.001700 -0.136197
vn 0.000000 -1.000000 0.000000
vn 0.000000 -1.000000 0.000000
vn 0.000000 -1.000000 0.000000
vn 0.000000 -1.000000 0.000000
vn 0.000000 -1.000000 0.000000
vn 0.000000 -1.000000 0.000000
vn 0.000000 -1.000000 0.000000
vn 0.000000 -1.000000 0.000000
vn 0.000000 -1.000000 0.000000
vn 0.000000 -1.000000 0.000000
vn 0.000000 -1.000000 0.000000
vn 0.000000 -1.000000 0.000000
vn 0.000000 -1.000000 0.000000
vn 0.000000 -1.000000 0.000000
vn 0.000000 -1.000000 0.000000
vn 0.000000 -1.000000 0.000000
vn 0.000000 -1.000000 0.000000
vn 0.000000 -1.000000 0.000000
vn 0.000000 -1.000000 0.000000
vn -0.000300 -1.000000 -0.000100
vn 0.000000 -1.000000 0.000100
vn 0.000000 -1.000000 0.000000
vn 0.000000 -1.000000 0.000000
vn 0.000000 -1.000000 0.000000
vn 0.000000 -1.000000 0.000000
vn 0.000000 -1.000000 0.000000
vn 0.000000 -1.000000 0.000000
vn 0.000000 -1.000000 0.000000
vn 0.000000 -1.000000 0.000000
vn 0.000000 -1.000000 -0.000100
vn 0.000000 -1.000000 0.000000
vn 0.000000 -1.000000 0.000000
vn 0.000000 -1.000000 0.000000
vn 0.000000 -1.000000 0.000000
vn 0.000000 -1.000000 0.000000
vn 0.000000 -1.000000 0.000000
vn 0.000000 -1.000000 0.000000
vn 0.000000 -1.000000 0.000100
vn 0.000000 -1.000000 0.000100
vn 0.000000 -1.000000 0.000000
vn 0.215310 -0.976546 0.000000
vn -0.731278 -0.682080 0.000000
vn -0.712086 -0.678786 -0.179396
vn 0.206397 -0.977185 0.050099
vn 0.178093 -0.978661 0.102496
vn -0.656624 -0.731327 -0.184407
vn 0.147006 -0.977339 0.152306
vn 0.074600 -0.754197 -0.652397
vn -0.128504 -0.731321 -0.669819
vn 0.104799 -0.977286 0.184197
vn -0.141805 -0.685923 -0.713724
vn 0.050999 -0.977788 0.203298
vn 0.000000 -0.976036 0.217608
vn 0.000200 -0.685589 -0.727989
vn -0.659988 -0.724387 0.199196
vn 0.257104 -0.723012 -0.641211
vn -0.657704 -0.753104 0.016100
vn -0.747299 -0.657399 0.096800
vn -0.696785 -0.643186 -0.317493
vn -0.365616 -0.640828 -0.675029
vn 0.108699 -0.644792 -0.756590
vn -0.128199 0.731395 -0.669796
vn -0.141794 0.685772 -0.713871
vn 0.108699 0.644792 -0.756590
vn 0.257104 0.723012 -0.641211
vn -0.365195 0.640792 -0.675291
vn -0.696785 0.643186 -0.317493
vn 0.074600 0.754197 -0.652397
vn -0.712099 -0.678799 0.179300
vn 0.206397 -0.977185 -0.050099
vn -0.656612 -0.731313 0.184503
vn 0.178093 -0.978661 -0.102496
vn 0.147006 -0.977339 -0.152306
vn -0.657597 -0.753196 -0.016200
vn -0.141902 -0.685811 0.713812
vn -0.128397 -0.731281 0.669883
vn 0.104799 -0.977286 -0.184197
vn 0.051499 -0.977783 -0.203196
vn 0.000100 -0.685433 0.728135
vn 0.000000 -0.976036 -0.217608
vn 0.256899 -0.723097 0.641197
vn -0.660001 -0.724401 -0.199100
vn 0.074498 -0.754479 0.652082
vn -0.696785 -0.643186 0.317493
vn -0.747306 -0.657406 -0.096701
vn -0.365701 -0.640702 0.675102
vn 0.108707 -0.644840 0.756547
vn -0.712099 0.678799 0.179300
vn -0.731278 0.682080 0.000000
vn -0.141707 0.685933 0.713734
vn -0.128299 0.731195 0.669995
vn 0.000000 0.685589 0.727989
vn 0.257403 0.722908 0.641208
vn 0.108699 0.644792 0.756590
vn -0.657706 0.753107 -0.015900
vn -0.656624 0.731327 0.184407
vn -0.365505 0.640808 0.675109
vn -0.696734 0.643231 0.317515
vn 0.074501 0.754110 0.652509
vn -0.660001 0.724401 -0.199100
vn -0.747306 0.657406 -0.096701
vn 0.712183 -0.678684 -0.179396
vn 0.731182 -0.682183 0.000000
vn -0.215310 -0.976546 0.000000
vn -0.206397 -0.977185 0.050099
vn 0.656507 -0.731408 -0.184502
vn -0.178093 -0.978661 0.102496
vn -0.147006 -0.977339 0.152306
vn -0.074600 -0.754197 -0.652397
vn 0.657598 -0.753197 0.016100
vn 0.141794 -0.685670 -0.713969
vn 0.128199 -0.731395 -0.669796
vn -0.104799 -0.977286 0.184197
vn -0.051499 -0.977783 0.203196
vn -0.257104 -0.723012 -0.641211
vn 0.660031 -0.724234 0.199609
vn 0.696785 -0.643186 -0.317493
vn 0.747306 -0.657406 0.096701
vn 0.365195 -0.640792 -0.675291
vn -0.108707 -0.644840 -0.756547
vn 0.141794 0.685772 -0.713871
vn 0.128199 0.731395 -0.669796
vn -0.257104 0.723012 -0.641211
vn -0.108701 0.645006 -0.756407
vn 0.365220 0.640835 -0.675237
vn 0.696785 0.643186 -0.317493
vn -0.074600 0.754197 -0.652397
vn 0.660031 0.724234 0.199609
vn 0.657488 0.753286 0.016400
vn 0.747306 0.657406 0.096701
vn -0.206397 -0.977185 -0.050099
vn 0.712183 -0.678684 0.179396
vn 0.656693 -0.731292 0.184298
vn -0.178093 -0.978661 -0.102496
vn -0.147006 -0.977339 -0.152306
vn -0.074597 -0.754474 0.652077
vn 0.128505 -0.731130 0.670027
vn -0.104799 -0.977286 -0.184197
vn -0.050999 -0.977788 -0.203298
vn 0.142000 -0.685801 0.713801
vn 0.659997 -0.724296 -0.199499
vn -0.257009 -0.723125 0.641122
vn 0.657489 -0.753288 -0.016300
vn 0.747306 -0.657406 -0.096701
vn 0.696807 -0.643207 0.317403
vn 0.365195 -0.640792 0.675291
vn -0.108707 -0.644840 0.756547
vn 0.712183 0.678684 0.179396
vn 0.656705 0.731306 0.184201
vn 0.128299 0.731195 0.669995
vn 0.141697 0.685884 0.713783
vn 0.657489 0.753288 -0.016300
vn 0.659997 0.724296 -0.199499
vn -0.074500 0.754202 0.652402
vn -0.656610 0.736911 -0.160702
vn -0.712086 0.678786 -0.179396
vn -0.680006 0.733207 0.000000
vn -0.572018 0.746723 -0.339411
vn -0.656624 0.731327 -0.184407
vn -0.328295 0.733789 -0.594791
vn -0.457998 0.736096 -0.498398
vn -0.162502 0.741209 -0.651308
vn 0.000000 0.730070 -0.683372
vn 0.000000 0.685692 -0.727892
vn -0.659988 0.724387 0.199196
vn -0.657704 0.753104 0.016100
vn -0.747306 0.657406 0.096701
vn -0.656677 0.736875 0.160595
vn -0.572105 0.746706 0.339303
vn -0.457998 0.736096 0.498398
vn -0.162502 0.741209 0.651308
vn -0.328295 0.733789 0.594791
vn 0.000000 0.730070 0.683372
vn 0.731182 0.682183 0.000000
vn 0.712183 0.678684 -0.179396
vn 0.656789 0.736687 -0.160997
vn 0.680006 0.733207 0.000000
vn 0.656507 0.731408 -0.184502
vn 0.572085 0.746681 -0.339391
vn 0.457998 0.736096 -0.498398
vn 0.162502 0.741209 -0.651308
vn 0.328295 0.733789 -0.594791
vn 0.656677 0.736875 0.160595
vn 0.572105 0.746706 0.339303
vn 0.457998 0.736096 0.498398
vn 0.162405 0.741221 0.651319
vn 0.328295 0.733789 0.594791
vn -0.257403 0.722908 0.641208
vn 0.696807 0.643207 0.317403
vn 0.747299 0.657399 -0.096800
vn 0.365195 0.640792 0.675291
vn -0.108707 0.644840 0.756547
vn -1.000000 0.000000 0.000000
vn -0.971336 0.000000 -0.237709
vn -0.860041 0.000000 -0.510225
vn -0.676680 0.000000 -0.736278
vn -0.483204 0.000000 -0.875508
vn -0.241994 0.000000 -0.970278
vn 0.000000 0.000000 -1.000000
vn -0.971365 0.000000 0.237592
vn -0.860111 0.000000 0.510107
vn -0.483204 0.000000 0.875508
vn -0.676680 0.000000 0.736278
vn -0.241994 0.000000 0.970278
vn 0.000000 0.000000 1.000000
vn 0.971336 0.000000 -0.237709
vn 1.000000 0.000000 0.000000
vn 0.860295 0.000000 -0.509797
vn 0.483204 0.000000 -0.875508
vn 0.676680 0.000000 -0.736278
vn 0.241994 0.000000 -0.970278
vn 0.971365 0.000000 0.237592
vn 0.860111 0.000000 0.510107
vn 0.676680 0.000000 0.736278
vn 0.483281 0.000000 0.875465
vn 0.241994 0.000000 0.970278
vn 0.815178 -0.545185 0.195595
vn 0.840385 -0.541990 0.000000
vn 0.722701 -0.553001 0.414601
vn 0.413517 -0.545722 0.728829
vn 0.580823 -0.545821 0.603924
vn 0.202093 -0.548482 0.811373
vn 0.000000 -0.539493 0.841990
vn 0.815178 -0.545185 -0.195595
vn 0.722701 -0.553001 -0.414601
vn 0.580788 -0.545789 -0.603987
vn 0.413599 -0.545699 -0.728799
vn 0.201597 -0.548493 -0.811489
vn 0.000000 -0.539493 -0.841990
vn -0.840385 -0.541990 0.000000
vn -0.815178 -0.545185 0.195595
vn -0.722701 -0.553001 0.414601
vn -0.580788 -0.545789 0.603987
vn -0.413094 -0.545693 0.729090
vn -0.201997 -0.548493 0.811389
vn -0.815210 -0.545207 -0.195402
vn -0.722701 -0.553001 -0.414601
vn -0.413599 -0.545699 -0.728799
vn -0.580823 -0.545821 -0.603924
vn -0.202093 -0.548482 -0.811373
vn 0.712777 -0.680178 0.171194
vn 0.730457 -0.682959 0.000000
vn 0.641387 -0.672986 0.368392
vn 0.362206 -0.679710 0.637810
vn 0.508294 -0.680493 0.527794
vn 0.178397 -0.675888 0.715087
vn 0.000000 -0.685486 0.728086
vn 0.712776 -0.680077 -0.171594
vn 0.641512 -0.672913 -0.368307
vn 0.508201 -0.680402 -0.528001
vn 0.362292 -0.679686 -0.637787
vn 0.178689 -0.676160 -0.714757
vn 0.000000 -0.685383 -0.728182
vn -0.730603 -0.682803 0.000000
vn -0.712629 -0.680128 0.172007
vn -0.641387 -0.672986 0.368392
vn -0.508321 -0.680528 0.527722
vn -0.362402 -0.679704 0.637704
vn -0.178398 -0.675991 0.714990
vn -0.712593 -0.680193 -0.171898
vn -0.641493 -0.672992 -0.368196
vn -0.362094 -0.679789 -0.637789
vn -0.508228 -0.680438 -0.527929
vn -0.178603 -0.675912 -0.715013
vn 0.215205 0.718115 -0.661814
vn 0.184099 0.803096 -0.566697
vn -0.680807 0.718007 0.144802
vn -0.680612 0.718212 -0.144703
vn -0.562811 0.718414 0.408808
vn -0.347993 0.718185 0.602587
vn -0.072702 0.718018 0.692217
vn 0.215109 0.718131 0.661828
vn 0.465618 0.718327 0.516920
vn 0.635783 0.718080 0.283092
vn 0.696073 0.717972 0.000000
vn 0.635765 0.718060 -0.283184
vn 0.465715 0.718123 -0.517116
vn 0.215205 0.718115 -0.661814
vn -0.072701 0.718312 -0.691912
vn -0.348110 0.718020 -0.602717
vn -0.563000 0.718100 -0.409100
vn 0.896352 0.400323 0.190511
vn 0.896297 0.400499 -0.190399
vn 0.741369 0.400383 -0.538577
vn 0.458183 0.400985 -0.793271
vn 0.095700 0.400699 -0.911198
vn -0.283096 0.400894 -0.871287
vn -0.613094 0.400796 -0.680793
vn -0.836981 0.400891 -0.372491
vn -0.916245 0.400620 0.000100
vn -0.999951 0.009900 0.000000
vn -0.916245 0.400620 0.000100
vn -0.837019 0.400609 0.372708
vn -0.613118 0.400712 0.680820
vn -0.283096 0.400894 0.871287
vn 0.095898 0.400691 0.911181
vn 0.458202 0.400502 0.793504
vn 0.741190 0.400694 0.538593
vn 0.000000 0.790003 -0.613103
vn -0.082501 0.789710 -0.607908
vn -0.171410 0.789346 -0.589535
vn -0.264984 0.788752 -0.554666
vn -0.353898 0.788895 -0.502397
vn -0.432907 0.789312 -0.435407
vn -0.499692 0.789488 -0.356394
vn -0.552397 0.789596 -0.267199
vn -0.587711 0.790314 -0.173203
vn -0.606213 0.790917 -0.083402
vn -0.611473 0.791265 -0.000100
vn -0.605991 0.791088 0.083399
vn -0.587823 0.790230 0.173207
vn -0.552412 0.789617 0.267106
vn -0.499714 0.789422 0.356510
vn -0.432888 0.789277 0.435488
vn -0.353780 0.789155 0.502071
vn -0.265112 0.788737 0.554626
vn -0.171400 0.789300 0.589600
vn -0.082400 0.789802 0.607802
vn 0.000000 0.790089 0.612992
vn 0.082501 0.789405 0.608304
vn 0.171598 0.789188 0.589691
vn 0.265005 0.788714 0.554710
vn 0.353797 0.789194 0.501996
vn 0.432907 0.789312 0.435407
vn 0.499617 0.789527 0.356412
vn 0.552496 0.789494 0.267298
vn 0.587898 0.790198 0.173100
vn 0.606377 0.790771 0.083597
vn 0.611522 0.791228 0.000000
vn 0.606382 0.790777 -0.083498
vn 0.587776 0.790268 -0.173193
vn 0.552496 0.789494 -0.267298
vn 0.499596 0.789593 -0.356297
vn 0.432888 0.789277 -0.435488
vn 0.354003 0.788906 -0.502304
vn 0.264713 0.788940 -0.554528
vn 0.171500 0.789202 -0.589702
vn 0.082600 0.789703 -0.607903
vn 0.423202 0.685103 -0.592903
vn 0.423013 0.685121 0.593018
vn 0.145693 0.685167 -0.713666
vn 0.627708 0.685109 0.369605
vn -0.157600 0.685098 -0.711198
vn 0.723792 0.685093 0.082299
vn -0.432882 0.685272 -0.585676
vn 0.694839 0.685038 -0.218912
vn -0.633817 0.685119 -0.359010
vn 0.545492 0.685090 -0.482793
vn -0.725211 0.685010 -0.069501
vn 0.302091 0.685079 -0.662879
vn -0.690777 0.685077 0.231292
vn 0.006500 0.685163 -0.728361
vn -0.537100 0.685100 0.492100
vn -0.290595 0.685088 -0.667989
vn -0.290595 0.685088 0.667989
vn -0.537100 0.685100 -0.492100
vn 0.006400 0.685110 0.728411
vn -0.690777 0.685077 -0.231292
vn 0.302110 0.685222 0.662722
vn -0.725093 0.685094 0.069899
vn 0.545396 0.685095 0.482896
vn -0.634296 0.684996 0.358398
vn 0.694724 0.685124 0.219008
vn -0.433373 0.685057 0.585563
vn 0.723707 0.685207 -0.082101
vn -0.157296 0.685184 0.711183
vn 0.627792 0.685091 -0.369495
vn 0.145105 0.685023 0.713924
vn 0.241798 0.936194 -0.255098
vn 0.117297 0.936279 -0.331093
vn -0.028000 0.936295 -0.350098
vn -0.168098 0.936288 -0.308396
vn -0.278995 0.936282 -0.213396
vn -0.341690 0.936272 -0.081498
vn -0.345206 0.936315 0.064401
vn -0.289106 0.936320 0.199304
vn -0.183203 0.936213 0.299904
vn -0.045299 0.936289 0.348296
vn 0.100296 0.936260 0.336686
vn 0.228399 0.936297 0.266799
vn 0.317108 0.936323 0.150804
vn 0.351515 0.936140 0.008900
vn 0.324612 0.936235 -0.134505
vn 0.241792 0.936170 0.255192
vn 0.324488 0.936265 0.134595
vn 0.351395 0.936186 -0.008800
vn 0.317108 0.936323 -0.150804
vn 0.228295 0.936381 -0.266595
vn 0.100095 0.936355 -0.336484
vn -0.045398 0.936253 -0.348382
vn -0.183100 0.936298 -0.299700
vn -0.289198 0.936293 -0.199299
vn -0.345495 0.936188 -0.064699
vn -0.341390 0.936373 0.081598
vn -0.278804 0.936314 0.213503
vn -0.167996 0.936275 0.308492
vn -0.027999 0.936262 0.350186
vn 0.116997 0.936176 0.331491
vn 0.116997 0.936176 0.331491
vn -0.257404 0.677909 0.688609
vn 0.339603 0.677907 -0.652006
vn 0.324612 0.936235 -0.134505
vn 0.267393 0.665683 0.696683
vn 0.513579 0.665773 0.541278
vn 0.681706 0.665705 0.303503
vn 0.745936 0.665732 0.019501
vn 0.696515 0.665814 -0.267506
vn -0.027999 0.936262 0.350186
vn -0.515013 0.677818 0.524714
vn 0.575298 0.677897 -0.457698
vn 0.351515 0.936140 0.008900
vn -0.039000 0.665700 0.745200
vn 0.745194 0.665695 0.039200
vn 0.703166 0.665968 -0.249088
vn -0.320900 0.665799 0.673599
vn -0.167996 0.936275 0.308492
vn -0.683997 0.677997 0.269199
vn 0.711529 0.678027 -0.184407
vn 0.317108 0.936323 0.150804
vn -0.567619 0.665622 0.484516
vn 0.744101 0.665501 0.058500
vn -0.278804 0.936314 0.213503
vn -0.734271 0.678073 -0.032599
vn 0.725062 0.677864 0.121594
vn 0.228399 0.936297 0.266799
vn -0.579789 0.665688 0.469791
vn -0.355896 0.665493 0.656093
vn -0.077904 0.665931 0.741935
vn 0.211804 0.665611 0.715612
vn 0.469581 0.665673 0.579977
vn -0.341390 0.936373 0.081598
vn -0.658091 0.677791 -0.327896
vn 0.612978 0.677876 0.405885
vn 0.100296 0.936260 0.336686
vn -0.721089 0.665390 0.193097
vn 0.193088 0.665757 0.720753
vn 0.454006 0.665709 0.592208
vn -0.739507 0.666006 -0.097801
vn -0.345495 0.936188 -0.064699
vn -0.467484 0.677976 -0.567280
vn 0.395005 0.677909 0.620008
vn -0.045299 0.936289 0.348296
vn -0.736900 0.665800 -0.117000
vn -0.116702 0.665614 0.737115
vn 0.174298 0.665793 0.725493
vn -0.636114 0.665714 -0.390108
vn -0.289198 0.936293 -0.199299
vn -0.196501 0.677903 -0.708403
vn 0.108698 0.677887 0.727086
vn -0.183203 0.936213 0.299904
vn -0.625818 0.665719 -0.406412
vn -0.733673 0.665775 -0.135895
vn -0.729909 0.665808 0.154702
vn -0.615082 0.665780 0.422388
vn -0.406191 0.665884 0.625785
vn -0.183100 0.936298 -0.299700
vn 0.108698 0.677887 -0.727086
vn -0.196295 0.677882 0.708481
vn -0.289106 0.936320 0.199304
vn -0.406191 0.665884 -0.625785
vn -0.625818 0.665719 0.406412
vn -0.422989 0.665582 0.614883
vn -0.136100 0.665702 -0.733702
vn -0.045398 0.936253 -0.348382
vn 0.395114 0.677924 -0.619922
vn -0.467489 0.677884 0.567387
vn -0.345206 0.936315 0.064401
vn 0.174407 0.665726 -0.725528
vn -0.636493 0.665593 0.389696
vn 0.100095 0.936355 -0.336484
vn 0.613210 0.678011 -0.405307
vn -0.658091 0.677791 0.327896
vn -0.341690 0.936272 -0.081498
vn 0.454414 0.665421 -0.592219
vn -0.739848 0.665744 0.097006
vn 0.228295 0.936381 -0.266595
vn 0.724825 0.678223 -0.121004
vn -0.734532 0.677829 0.031801
vn -0.278995 0.936282 -0.213396
vn 0.469612 0.665618 -0.580015
vn 0.212203 0.665809 -0.715310
vn -0.077598 0.665582 -0.742280
vn -0.355895 0.665691 -0.655891
vn -0.579938 0.665743 -0.469530
vn 0.317108 0.936323 -0.150804
vn 0.711591 0.677992 0.184298
vn -0.684007 0.677707 -0.269903
vn -0.168098 0.936288 -0.308396
vn 0.664710 0.665810 -0.338905
vn -0.338905 0.665710 -0.664810
vn -0.567207 0.665908 -0.484606
vn 0.744097 0.665497 -0.058600
vn 0.351395 0.936186 -0.008800
vn 0.575111 0.677913 0.457909
vn -0.515400 0.677999 -0.524100
vn -0.028000 0.936295 -0.350098
vn 0.745203 0.665703 -0.038900
vn -0.039200 0.665695 -0.745194
vn -0.321212 0.665724 -0.673524
vn 0.703505 0.665605 0.249102
vn 0.324488 0.936265 0.134595
vn 0.339293 0.677985 0.652086
vn -0.257497 0.677892 -0.688592
vn 0.117297 0.936279 -0.331093
vn 0.696603 0.665803 0.267301
vn 0.745886 0.665788 -0.019500
vn 0.681726 0.665726 -0.303412
vn 0.513607 0.665809 -0.541208
vn 0.267393 0.665683 -0.696683
vn 0.241792 0.936170 0.255192
vn 0.044600 0.677900 0.733800
vn 0.044899 0.677891 -0.733790
vn 0.241798 0.936194 -0.255098
vn 0.527791 0.665488 0.527791
vn 0.689309 0.665709 0.285804
vn 0.746211 0.665710 0.000000
vn 0.689395 0.665795 -0.285398
vn 0.527576 0.665670 -0.527776
vn 0.285896 0.665690 -0.689290
vn 0.285601 0.665701 0.689401
vn 0.541278 0.665773 -0.513579
vn -0.019600 0.665787 0.745885
vn 0.249103 0.665707 0.703408
vn 0.499204 0.665906 0.554405
vn 0.673524 0.665724 0.321212
vn -0.338905 0.665810 0.664710
vn -0.058600 0.665602 0.744003
vn 0.230597 0.665492 0.709891
vn 0.484719 0.665727 0.567323
vn 0.664911 0.665711 0.338706
vn 0.655817 0.665917 0.355609
vn -0.715595 0.665695 0.211599
vn -0.592089 0.665688 0.454192
vn -0.373308 0.665715 0.646115
vn -0.097000 0.665799 0.739799
vn -0.725614 0.665712 0.174103
vn -0.603382 0.665880 0.438787
vn -0.389804 0.665707 0.636307
vn -0.136100 0.665702 0.733702
vn -0.422688 0.665681 -0.614983
vn -0.614994 0.665793 -0.422496
vn -0.729794 0.665795 -0.155299
vn -0.733722 0.665720 0.135904
vn -0.116998 0.665590 -0.737089
vn -0.736868 0.665871 0.116795
vn -0.390108 0.665714 -0.636114
vn -0.603409 0.665710 -0.439007
vn -0.725913 0.665412 -0.174003
vn 0.192800 0.665899 -0.720699
vn -0.097305 0.665934 -0.739638
vn -0.373393 0.665888 -0.645888
vn -0.591893 0.665792 -0.454295
vn -0.720705 0.665805 -0.193101
vn -0.715359 0.665762 -0.212188
vn 0.655658 0.665557 -0.356577
vn 0.484687 0.665782 -0.567285
vn 0.230697 0.665991 -0.709391
vn -0.058701 0.665809 -0.743810
vn 0.673577 0.665777 -0.320989
vn 0.499291 0.665687 -0.554590
vn 0.249011 0.665929 -0.703230
vn -0.019301 0.665840 -0.745845
vn 0.541208 0.665809 0.513607
vn -0.742000 0.670400 0.000000
vn -0.652727 -0.688629 -0.315813
vn -0.900190 0.001700 -0.435495
vn 0.544973 0.324384 0.773162
vn 0.407893 0.323795 0.853686
vn 0.770085 0.324594 0.549189
vn 0.667012 0.324406 0.670713
vn 0.264001 0.324201 0.908404
vn 0.126994 0.324685 0.937258
vn 0.851612 0.324305 0.411806
vn 0.907204 0.325102 0.267001
vn 0.945404 0.325901 0.000000
vn 0.936701 0.325500 0.129000
vn 0.000000 0.324496 0.945887
vn -0.408012 0.323809 0.853624
vn -0.544903 0.324402 0.773204
vn -0.667034 0.324317 0.670734
vn -0.770110 0.324504 0.549207
vn -0.127097 0.324592 0.937276
vn -0.263915 0.324418 0.908351
vn -0.851584 0.324394 0.411792
vn -0.907180 0.325093 0.267094
vn -0.936621 0.325807 0.128803
vn -0.945373 0.325991 -0.000100
vn 0.407818 0.324015 -0.853639
vn 0.545090 0.323894 -0.773285
vn 0.666989 0.324295 -0.670789
vn 0.770193 0.324497 -0.549095
vn 0.127105 0.324712 -0.937234
vn 0.263899 0.324299 -0.908398
vn 0.851612 0.324305 -0.411806
vn 0.907239 0.324914 -0.267112
vn 0.936701 0.325500 -0.129000
vn -0.000100 0.325183 -0.945651
vn -0.545107 0.323804 -0.773310
vn -0.407893 0.323795 -0.853686
vn -0.770210 0.324604 -0.549007
vn -0.666989 0.324295 -0.670789
vn -0.264092 0.324491 -0.908274
vn -0.127006 0.324716 -0.937246
vn -0.851487 0.324395 -0.411994
vn -0.907103 0.325301 -0.267101
vn -0.851487 0.324395 -0.411994
vn -0.936664 0.325688 -0.128795
vn 0.417767 -0.688646 0.592653
vn 0.312599 -0.688699 0.654199
vn 0.590380 -0.688577 0.421086
vn 0.511165 -0.688653 0.514265
vn 0.202007 -0.689824 0.695224
vn 0.096904 -0.691829 0.715530
vn 0.652863 -0.688560 0.315682
vn 0.694594 -0.689694 0.204598
vn 0.721507 -0.692407 0.000000
vn 0.715510 -0.691609 0.098601
vn 0.000000 -0.692713 0.721213
vn -0.312509 -0.688720 0.654219
vn -0.417796 -0.688593 0.592694
vn -0.511217 -0.688723 0.514118
vn -0.590380 -0.688577 0.421086
vn -0.097003 -0.691822 0.715523
vn -0.202103 -0.689810 0.695210
vn -0.652727 -0.688629 0.315813
vn -0.694694 -0.689594 0.204598
vn -0.715474 -0.691675 0.098396
vn -0.721507 -0.692407 0.000000
vn 0.312599 -0.688699 -0.654199
vn 0.417474 -0.688557 -0.592963
vn 0.511200 -0.688600 -0.514300
vn 0.590405 -0.688606 -0.421004
vn 0.097194 -0.691759 -0.715558
vn 0.202199 -0.689896 -0.695096
vn 0.652863 -0.688560 -0.315682
vn 0.694808 -0.689508 -0.204502
vn 0.715587 -0.691587 -0.098198
vn 0.000000 -0.692713 -0.721213
vn -0.417713 -0.688622 -0.592719
vn -0.312489 -0.688675 -0.654276
vn -0.590405 -0.688606 -0.421004
vn -0.511300 -0.688600 -0.514200
vn -0.202199 -0.689896 -0.695096
vn -0.097201 -0.691809 -0.715509
vn -0.652727 -0.688629 -0.315813
vn -0.694694 -0.689594 -0.204598
vn -0.715474 -0.691675 -0.098396
vn -0.062300 0.803303 -0.592303
vn 0.184099 0.803096 -0.566697
vn 0.398699 0.803099 -0.442799
vn 0.544316 0.803124 -0.242307
vn 0.595880 0.803073 0.000000
vn 0.544316 0.803124 0.242307
vn 0.398699 0.803099 0.442799
vn 0.184105 0.803222 0.566516
vn -0.062298 0.803173 0.592480
vn -0.298111 0.803029 0.516018
vn -0.481896 0.803293 0.349997
vn -0.582515 0.803321 0.123903
vn -0.582515 0.803321 -0.123903
vn -0.481819 0.803331 -0.350014
vn -0.298087 0.803064 -0.515977
vn 0.606886 0.753883 -0.251694
vn 0.657102 0.753802 0.000000
vn 0.606932 0.753840 0.251713
vn 0.464802 0.753603 0.464802
vn 0.251713 0.753840 0.606932
vn 0.476707 0.753710 -0.452406
vn 0.613497 0.753796 -0.235399
vn 0.423013 0.685121 0.593018
vn 0.627792 0.685091 -0.369495
vn 0.627708 0.685109 0.369605
vn 0.423202 0.685103 -0.592903
vn 0.251713 0.753840 -0.606932
vn 0.476692 0.753788 0.452293
vn -0.651794 0.753493 -0.086099
vn 0.153297 0.753786 0.638988
vn -0.102793 0.753850 0.648957
vn -0.634606 0.753907 0.170002
vn 0.464597 0.753795 -0.464697
vn 0.613297 0.753896 0.235599
vn -0.017300 0.753788 0.656890
vn 0.619398 0.753797 -0.219399
vn 0.656201 0.753801 0.034400
vn 0.235399 0.753796 0.613497
vn 0.145105 0.685023 0.713924
vn 0.723707 0.685207 -0.082101
vn -0.282706 0.753617 0.593413
vn 0.654819 0.754022 0.051602
vn 0.585524 0.753732 0.298413
vn -0.034700 0.753701 0.656301
vn -0.157296 0.685184 0.711183
vn 0.694724 0.685124 0.219008
vn -0.499682 0.753773 0.426785
vn 0.577396 0.753795 0.313698
vn 0.413498 0.753796 0.510697
vn -0.298617 0.753643 0.585534
vn -0.433373 0.685057 0.585563
vn 0.545396 0.685095 0.482896
vn -0.630032 0.753938 0.186110
vn 0.399806 0.753711 0.521608
vn 0.170092 0.753664 0.634870
vn -0.510208 0.754012 0.413707
vn -0.634296 0.684996 0.358398
vn 0.302110 0.685222 0.662722
vn -0.725093 0.685094 0.069899
vn 0.006400 0.685110 0.728411
vn -0.560497 0.753696 -0.343198
vn -0.119898 0.753787 0.646089
vn -0.357802 0.753905 0.551004
vn -0.649006 0.753806 -0.102801
vn -0.690777 0.685077 -0.231292
vn -0.290595 0.685088 0.667989
vn -0.372092 0.753883 -0.541488
vn -0.372390 0.753880 0.541286
vn -0.551025 0.753835 0.357917
vn -0.551095 0.753793 -0.357897
vn -0.537100 0.685100 -0.492100
vn -0.537100 0.685100 0.492100
vn -0.290595 0.685088 -0.667989
vn -0.690777 0.685077 0.231292
vn -0.560203 0.754004 0.343002
vn -0.119898 0.753787 -0.646089
vn -0.649112 0.753714 0.102802
vn -0.357892 0.753582 -0.551387
vn 0.006500 0.685163 -0.728361
vn -0.725211 0.685010 -0.069501
vn -0.651485 0.753783 0.085898
vn 0.153602 0.753708 -0.639007
vn -0.634870 0.753664 -0.170092
vn -0.103004 0.753932 -0.648827
vn 0.302091 0.685079 -0.662879
vn -0.633817 0.685119 -0.359010
vn -0.630093 0.753692 -0.186898
vn 0.400111 0.753821 -0.521215
vn -0.510602 0.753803 -0.413602
vn 0.170090 0.753755 -0.634762
vn 0.545492 0.685090 -0.482793
vn -0.432882 0.685272 -0.585676
vn -0.499602 0.753703 -0.427002
vn 0.577492 0.753889 -0.313296
vn -0.298698 0.753795 -0.585297
vn 0.413602 0.753803 -0.510602
vn 0.694839 0.685038 -0.218912
vn -0.157600 0.685098 -0.711198
vn -0.283099 0.753797 -0.592997
vn 0.654880 0.753977 -0.051498
vn -0.033900 0.753907 -0.656106
vn 0.585599 0.753599 -0.298600
vn 0.723792 0.685093 0.082299
vn 0.145693 0.685167 -0.713666
vn -0.017200 0.753882 -0.656785
vn 0.619270 0.753963 0.219189
vn 0.235399 0.753796 -0.613497
vn 0.656412 0.753614 -0.034501
vn 0.600277 0.753771 0.267390
vn 0.452415 0.753825 0.476516
vn 0.656890 0.753788 0.017300
vn 0.593177 0.753771 0.282789
vn 0.439776 0.753458 0.488773
vn 0.427002 0.753703 0.499602
vn 0.219298 0.753994 0.619195
vn 0.202907 0.754025 0.624721
vn -0.051499 0.753792 0.655093
vn 0.186604 0.753916 0.629913
vn -0.068800 0.753796 0.653497
vn -0.313494 0.753886 0.577389
vn -0.085799 0.753789 0.651491
vn -0.328697 0.754094 0.568595
vn -0.521400 0.753699 0.400100
vn -0.343495 0.753788 0.560191
vn -0.531679 0.753571 0.386585
vn -0.638919 0.753823 0.153405
vn -0.541416 0.754023 0.371911
vn -0.642836 0.753742 0.136508
vn -0.646104 0.753805 -0.119701
vn -0.643019 0.753623 -0.136304
vn -0.646023 0.753826 0.120004
vn -0.541397 0.753796 -0.372398
vn -0.639027 0.753732 -0.153406
vn -0.531199 0.753799 -0.386800
vn -0.343495 0.753490 -0.560593
vn -0.521402 0.753803 -0.399902
vn 0.186900 0.753601 -0.630201
vn -0.068396 0.753860 -0.653465
vn -0.328500 0.753799 -0.569100
vn -0.085798 0.753882 -0.651384
vn -0.313500 0.753799 -0.577499
vn -0.051599 0.753788 -0.655089
vn 0.203301 0.753602 -0.625102
vn 0.219505 0.753917 -0.619214
vn 0.427012 0.753821 -0.499414
vn 0.439612 0.753721 -0.488514
vn 0.592921 0.753927 -0.282910
vn 0.600373 0.753766 -0.267188
vn 0.656779 0.753876 -0.017699
vn 0.452406 0.753710 -0.476707
vn 0.600112 0.670513 -0.436209
vn 0.370997 0.670494 -0.642494
vn 0.077398 0.670481 -0.737879
vn -0.229188 0.670666 -0.705464
vn -0.496400 0.670400 -0.551500
vn -0.677687 0.670387 -0.302194
vn -0.742000 0.670400 0.000000
vn -0.677782 0.670382 0.301992
vn -0.496388 0.670584 0.551287
vn -0.229299 0.670698 0.705398
vn 0.077497 0.670476 0.737873
vn 0.370997 0.670494 0.642494
vn 0.600202 0.670502 0.436101
vn 0.725742 0.670439 0.154309
vn 0.725704 0.670504 -0.154201
vn -0.141805 -0.685923 -0.713724
vn -0.128504 -0.731321 -0.669819
vn 0.257104 -0.723012 -0.641211
vn 0.108699 -0.644792 -0.756590
vn -0.365616 -0.640828 -0.675029
vn -0.696785 -0.643186 -0.317493
vn 0.074600 -0.754197 -0.652397
vn -0.731278 -0.682080 0.000000
vn -0.712099 -0.678799 0.179300
vn -0.128397 -0.731281 0.669883
vn -0.141902 -0.685811 0.713812
vn 0.000100 -0.685433 0.728135
vn 0.108707 -0.644840 0.756547
vn 0.256899 -0.723097 0.641197
vn -0.656612 -0.731313 0.184503
vn -0.657597 -0.753196 -0.016200
vn -0.365701 -0.640702 0.675102
vn -0.365505 0.640808 0.675109
vn -0.696785 -0.643186 0.317493
vn -0.365701 -0.640702 0.675102
vn 0.074498 -0.754479 0.652082
vn -0.660001 -0.724401 -0.199100
vn -0.747306 -0.657406 -0.096701
vn 0.128199 -0.731395 -0.669796
vn 0.141794 -0.685670 -0.713969
vn -0.108707 -0.644840 -0.756547
vn -0.257104 -0.723012 -0.641211
vn 0.696785 -0.643186 -0.317493
vn 0.365195 -0.640792 -0.675291
vn -0.074600 -0.754197 -0.652397
vn 0.657598 -0.753197 0.016100
vn 0.660031 -0.724234 0.199609
vn 0.747306 -0.657406 0.096701
vn 0.656693 -0.731292 0.184298
vn 0.712183 -0.678684 0.179396
vn 0.142000 -0.685801 0.713801
vn 0.128505 -0.731130 0.670027
vn 0.657489 -0.753288 -0.016300
vn 0.659997 -0.724296 -0.199499
vn -0.074597 -0.754474 0.652077
vn -0.731278 0.682080 0.000000
vn -0.128199 0.731395 -0.669796
vn 0.074600 0.754197 -0.652397
vn -0.141794 0.685772 -0.713871
vn 0.257104 0.723012 -0.641211
vn -0.696785 0.643186 -0.317493
vn -0.365195 0.640792 -0.675291
vn 0.108699 0.644792 -0.756590
vn -0.712086 -0.678786 -0.179396
vn -0.712086 0.678786 -0.179396
vn -0.656624 -0.731327 -0.184407
vn -0.656624 0.731327 -0.184407
vn 0.000200 -0.685589 -0.727989
vn 0.000000 0.685692 -0.727892
vn -0.657704 -0.753104 0.016100
vn -0.657704 0.753104 0.016100
vn -0.659988 -0.724387 0.199196
vn -0.659988 0.724387 0.199196
vn -0.747299 -0.657399 0.096800
vn -0.747306 0.657406 0.096701
vn -0.712099 0.678799 0.179300
vn -0.656624 0.731327 0.184407
vn -0.657706 0.753107 -0.015900
vn -0.128299 0.731195 0.669995
vn -0.141707 0.685933 0.713734
vn 0.000000 0.685589 0.727989
vn -0.660001 0.724401 -0.199100
vn 0.257403 0.722908 0.641208
vn 0.074501 0.754110 0.652509
vn -0.747306 0.657406 -0.096701
vn -0.696734 0.643231 0.317515
vn -0.365505 0.640808 0.675109
vn 0.108699 0.644792 0.756590
vn 0.657488 0.753286 0.016400
vn 0.128199 0.731395 -0.669796
vn 0.141794 0.685772 -0.713871
vn 0.660031 0.724234 0.199609
vn -0.257104 0.723012 -0.641211
vn -0.074600 0.754197 -0.652397
vn 0.747306 0.657406 0.096701
vn 0.696785 0.643186 -0.317493
vn 0.365220 0.640835 -0.675237
vn -0.108701 0.645006 -0.756407
vn 0.731182 -0.682183 0.000000
vn 0.712183 -0.678684 -0.179396
vn 0.712183 0.678684 -0.179396
vn 0.731182 0.682183 0.000000
vn 0.656507 -0.731408 -0.184502
vn 0.656507 0.731408 -0.184502
vn 0.712183 0.678684 0.179396
vn 0.656705 0.731306 0.184201
vn -0.074500 0.754202 0.652402
vn 0.657489 0.753288 -0.016300
vn 0.141697 0.685884 0.713783
vn 0.128299 0.731195 0.669995
vn 0.659997 0.724296 -0.199499
vn -0.257009 -0.723125 0.641122
vn -0.108707 -0.644840 0.756547
vn -0.108707 0.644840 0.756547
vn -0.257403 0.722908 0.641208
vn 0.365195 -0.640792 0.675291
vn 0.365195 0.640792 0.675291
vn 0.696807 -0.643207 0.317403
vn 0.696807 0.643207 0.317403
vn 0.747306 -0.657406 -0.096701
vn 0.747299 0.657399 -0.096800
vn -0.680006 0.733207 0.000000
vn -0.656610 0.736911 -0.160702
vn -0.572018 0.746723 -0.339411
vn -0.457998 0.736096 -0.498398
vn -0.328295 0.733789 -0.594791
vn -0.162502 0.741209 -0.651308
vn 0.000000 0.730070 -0.683372
vn -0.656677 0.736875 0.160595
vn -0.572105 0.746706 0.339303
vn -0.328295 0.733789 0.594791
vn -0.457998 0.736096 0.498398
vn -0.162502 0.741209 0.651308
vn 0.000000 0.730070 0.683372
vn 0.656789 0.736687 -0.160997
vn 0.680006 0.733207 0.000000
vn 0.572085 0.746681 -0.339391
vn 0.328295 0.733789 -0.594791
vn 0.457998 0.736096 -0.498398
vn 0.162502 0.741209 -0.651308
vn 0.860295 0.000000 -0.509797
vn 0.572085 0.746681 -0.339391
vn 0.656677 0.736875 0.160595
vn 0.572105 0.746706 0.339303
vn 0.457998 0.736096 0.498398
vn 0.328295 0.733789 0.594791
vn 0.162405 0.741221 0.651319
vn 0.840385 -0.541990 0.000000
vn 0.815178 -0.545185 0.195595
vn 0.722701 -0.553001 0.414601
vn 0.580823 -0.545821 0.603924
vn 0.413517 -0.545722 0.728829
vn 0.202093 -0.548482 0.811373
vn 0.000000 -0.539493 0.841990
vn 0.641387 -0.672986 0.368392
vn 0.722701 -0.553001 0.414601
vn 0.815178 -0.545185 -0.195595
vn 0.722701 -0.553001 -0.414601
vn 0.413599 -0.545699 -0.728799
vn 0.580788 -0.545789 -0.603987
vn 0.201597 -0.548493 -0.811489
vn 0.000000 -0.539493 -0.841990
vn -0.815178 -0.545185 0.195595
vn -0.840385 -0.541990 0.000000
vn -0.722701 -0.553001 0.414601
vn -0.413094 -0.545693 0.729090
vn -0.580788 -0.545789 0.603987
vn -0.201997 -0.548493 0.811389
vn -0.815210 -0.545207 -0.195402
vn -0.722701 -0.553001 -0.414601
vn -0.580823 -0.545821 -0.603924
vn -0.413599 -0.545699 -0.728799
vn -0.202093 -0.548482 -0.811373
vn 0.641387 -0.672986 0.368392
vn 0.508294 -0.680493 0.527794
vn 0.362206 -0.679710 0.637810
vn 0.178397 -0.675888 0.715087
vn 0.000000 -0.685486 0.728086
vn -0.178398 -0.675991 0.714990
vn -0.362402 -0.679704 0.637704
vn -0.508321 -0.680528 0.527722
vn -0.641387 -0.672986 0.368392
vn -0.712629 -0.680128 0.172007
vn -0.730603 -0.682803 0.000000
vn -0.712593 -0.680193 -0.171898
vn -0.641493 -0.672992 -0.368196
vn -0.508228 -0.680438 -0.527929
vn -0.362094 -0.679789 -0.637789
vn -0.178603 -0.675912 -0.715013
vn 0.000000 -0.685383 -0.728182
vn 0.178689 -0.676160 -0.714757
vn 0.362292 -0.679686 -0.637787
vn 0.508201 -0.680402 -0.528001
vn 0.641512 -0.672913 -0.368307
vn 0.712776 -0.680077 -0.171594
vn 0.730457 -0.682959 0.000000
vn 0.712777 -0.680178 0.171194
# 1584 Normals

g g_nozzle
f 25//25 26//26 27//27
f 27//27 28//28 25//25
f 29//29 25//25 28//28
f 28//28 30//30 29//29
f 31//31 29//29 30//30
f 30//30 32//32 31//31
f 33//33 31//31 32//32
f 32//32 34//34 33//33
f 35//35 33//33 34//34
f 34//34 36//36 35//35
f 37//37 35//35 36//36
f 36//36 38//38 37//37
f 39//39 37//37 38//38
f 38//38 40//40 39//39
f 39//39 40//40 41//41
f 41//41 42//42 39//39
f 43//43 42//42 41//41
f 41//41 44//44 43//43
f 45//45 43//43 44//44
f 44//44 46//46 45//45
f 47//47 45//45 46//46
f 46//46 48//48 47//47
f 49//49 879//879 880//880
f 880//880 50//50 49//49
f 51//51 49//49 50//50
f 50//50 52//52 51//51
f 53//53 51//51 52//52
f 52//52 54//54 53//53
f 26//26 53//53 54//54
f 54//54 27//27 26//26
f 881//881 55//55 56//56
f 56//56 882//882 881//881
f 883//883 57//57 55//55
f 55//55 881//881 883//883
f 884//884 58//58 57//57
f 57//57 883//883 884//884
f 885//885 59//59 58//58
f 58//58 884//884 885//885
f 886//886 60//60 59//59
f 59//59 885//885 886//886
f 887//887 61//61 60//60
f 60//60 886//886 887//887
f 888//888 62//62 61//61
f 61//61 887//887 888//888
f 889//889 63//63 62//62
f 62//62 888//888 889//889
f 890//890 64//64 63//63
f 63//63 889//889 890//890
f 891//891 65//65 64//64
f 64//64 890//890 891//891
f 892//892 66//66 65//65
f 65//65 891//891 892//892
f 893//893 67//67 66//66
f 66//66 892//892 893//893
f 894//894 68//68 67//67
f 67//67 893//893 894//894
f 895//895 69//69 68//68
f 68//68 894//894 895//895
f 882//882 56//56 69//69
f 69//69 895//895 882//882
f 70//70 56//56 55//55
f 55//55 71//71 70//70
f 72//72 71//71 55//55
f 55//55 57//57 72//72
f 73//73 72//72 57//57
f 57//57 58//58 73//73
f 74//74 73//73 58//58
f 58//58 59//59 74//74
f 75//75 74//74 59//59
f 59//59 60//60 75//75
f 76//76 75//75 60//60
f 60//60 61//61 76//76
f 77//77 76//76 61//61
f 61//61 62//62 77//77
f 78//78 77//77 62//62
f 62//62 63//63 78//78
f 79//79 78//78 63//63
f 63//63 64//64 79//79
f 80//80 79//79 64//64
f 64//64 65//65 80//80
f 81//81 80//80 65//65
f 65//65 66//66 81//81
f 82//82 81//81 66//66
f 66//66 67//67 82//82
f 83//83 82//82 67//67
f 67//67 68//68 83//83
f 84//84 83//83 68//68
f 68//68 69//69 84//84
f 70//70 84//84 69//69
f 69//69 56//56 70//70
f 85//85 86//86 896//896
f 896//896 897//897 85//85
f 87//87 85//85 897//897
f 897//897 898//898 87//87
f 88//88 87//87 898//898
f 898//898 899//899 88//88
f 89//89 88//88 899//899
f 899//899 900//900 89//89
f 90//90 89//89 900//900
f 900//900 901//901 90//90
f 91//91 90//90 901//901
f 901//901 902//902 91//91
f 92//92 91//91 902//902
f 902//902 903//903 92//92
f 93//93 92//92 903//903
f 903//903 904//904 93//93
f 94//94 905//905 906//906
f 906//906 907//907 94//94
f 95//95 94//94 907//907
f 907//907 908//908 95//95
f 96//96 95//95 908//908
f 908//908 909//909 96//96
f 97//97 96//96 909//909
f 909//909 910//910 97//97
f 98//98 97//97 910//910
f 910//910 911//911 98//98
f 99//99 98//98 911//911
f 911//911 912//912 99//99
f 86//86 99//99 912//912
f 912//912 896//896 86//86
f 100//100 101//101 102//102
f 102//102 103//103 100//100
f 104//104 105//105 106//106
f 106//106 107//107 104//104
f 108//108 109//109 110//110
f 110//110 111//111 108//108
f 112//112 113//113 114//114
f 114//114 115//115 112//112
f 116//116 117//117 118//118
f 118//118 119//119 116//116
f 120//120 121//121 122//122
f 122//122 123//123 120//120
f 124//124 125//125 126//126
f 126//126 127//127 124//124
f 128//128 129//129 130//130
f 130//130 131//131 128//128
f 132//132 133//133 134//134
f 134//134 135//135 132//132
f 136//136 137//137 138//138
f 138//138 139//139 136//136
f 140//140 141//141 142//142
f 142//142 143//143 140//140
f 144//144 145//145 146//146
f 146//146 147//147 144//144
f 148//148 149//149 150//150
f 150//150 151//151 148//148
f 152//152 153//153 154//154
f 154//154 155//155 152//152
f 156//156 157//157 158//158
f 158//158 159//159 156//156
f 160//160 161//161 162//162
f 162//162 163//163 160//160
f 164//164 165//165 166//166
f 166//166 167//167 164//164
f 168//168 169//169 170//170
f 170//170 171//171 168//168
f 163//163 162//162 169//169
f 169//169 168//168 163//163
f 172//172 173//173 165//165
f 165//165 164//164 172//172
f 174//174 175//175 173//173
f 173//173 172//172 174//174
f 176//176 177//177 178//178
f 178//178 179//179 176//176
f 167//167 166//166 161//161
f 161//161 160//160 167//167
f 171//171 170//170 180//180
f 180//180 181//181 171//171
f 179//179 178//178 175//175
f 175//175 174//174 179//179
f 182//182 183//183 184//184
f 184//184 185//185 182//182
f 186//186 187//187 188//188
f 188//188 189//189 186//186
f 190//190 191//191 192//192
f 192//192 193//193 190//190
f 193//193 192//192 183//183
f 183//183 182//182 193//193
f 189//189 188//188 194//194
f 194//194 195//195 189//189
f 195//195 194//194 196//196
f 196//196 197//197 195//195
f 198//198 199//199 200//200
f 200//200 201//201 198//198
f 185//185 184//184 187//187
f 187//187 186//186 185//185
f 181//181 180//180 191//191
f 191//191 190//190 181//181
f 197//197 196//196 199//199
f 199//199 198//198 197//197
f 202//202 203//203 204//204
f 204//204 205//205 202//202
f 206//206 207//207 208//208
f 208//208 209//209 206//206
f 210//210 211//211 212//212
f 212//212 213//213 210//210
f 213//213 212//212 203//203
f 203//203 202//202 213//213
f 209//209 208//208 214//214
f 214//214 215//215 209//209
f 215//215 214//214 216//216
f 216//216 217//217 215//215
f 218//218 219//219 177//177
f 177//177 176//176 218//218
f 205//205 204//204 207//207
f 207//207 206//206 205//205
f 220//220 221//221 211//211
f 211//211 210//210 220//220
f 217//217 216//216 219//219
f 219//219 218//218 217//217
f 222//222 223//223 224//224
f 224//224 225//225 222//222
f 226//226 227//227 228//228
f 228//228 229//229 226//226
f 230//230 231//231 232//232
f 232//232 233//233 230//230
f 225//225 224//224 231//231
f 231//231 230//230 225//225
f 234//234 235//235 227//227
f 227//227 226//226 234//234
f 236//236 237//237 235//235
f 235//235 234//234 236//236
f 201//201 200//200 238//238
f 238//238 239//239 201//201
f 229//229 228//228 223//223
f 223//223 222//222 229//229
f 233//233 232//232 221//221
f 221//221 220//220 233//233
f 239//239 238//238 237//237
f 237//237 236//236 239//239
f 913//913 914//914 240//240
f 240//240 241//241 913//913
f 915//915 242//242 240//240
f 240//240 914//914 915//915
f 916//916 243//243 242//242
f 242//242 915//915 916//916
f 917//917 244//244 243//243
f 243//243 916//916 917//917
f 918//918 245//245 244//244
f 244//244 917//917 918//918
f 919//919 246//246 245//245
f 245//245 918//918 919//919
f 920//920 247//247 246//246
f 246//246 919//919 920//920
f 921//921 248//248 247//247
f 247//247 920//920 921//921
f 922//922 249//249 248//248
f 248//248 921//921 922//922
f 923//923 250//250 249//249
f 249//249 922//922 923//923
f 924//924 251//251 250//250
f 250//250 923//923 924//924
f 925//925 252//252 251//251
f 251//251 924//924 925//925
f 926//926 253//253 252//252
f 252//252 925//925 926//926
f 927//927 254//254 253//253
f 253//253 926//926 927//927
f 928//928 255//255 254//254
f 254//254 927//927 928//928
f 929//929 256//256 255//255
f 255//255 928//928 929//929
f 930//930 257//257 256//256
f 256//256 929//929 930//930
f 931//931 258//258 257//257
f 257//257 930//930 931//931
f 932//932 259//259 258//258
f 258//258 931//931 932//932
f 933//933 260//260 259//259
f 259//259 932//932 933//933
f 934//934 261//261 260//260
f 260//260 933//933 934//934
f 935//935 262//262 261//261
f 261//261 934//934 935//935
f 936//936 263//263 262//262
f 262//262 935//935 936//936
f 937//937 264//264 263//263
f 263//263 936//936 937//937
f 938//938 265//265 264//264
f 264//264 937//937 938//938
f 939//939 266//266 265//265
f 265//265 938//938 939//939
f 940//940 267//267 266//266
f 266//266 939//939 940//940
f 941//941 268//268 267//267
f 267//267 940//940 941//941
f 942//942 269//269 268//268
f 268//268 941//941 942//942
f 943//943 270//270 269//269
f 269//269 942//942 943//943
f 944//944 271//271 270//270
f 270//270 943//943 944//944
f 945//945 272//272 271//271
f 271//271 944//944 945//945
f 946//946 273//273 272//272
f 272//272 945//945 946//946
f 947//947 274//274 273//273
f 273//273 946//946 947//947
f 948//948 275//275 274//274
f 274//274 947//947 948//948
f 949//949 276//276 275//275
f 275//275 948//948 949//949
f 950//950 277//277 276//276
f 276//276 949//949 950//950
f 951//951 278//278 277//277
f 277//277 950//950 951//951
f 952//952 279//279 278//278
f 278//278 951//951 952//952
f 913//913 241//241 279//279
f 279//279 952//952 913//913
f 280//280 953//953 281//281
f 281//281 282//282 280//280
f 283//283 280//280 282//282
f 282//282 284//284 283//283
f 285//285 283//283 284//284
f 284//284 286//286 285//285
f 287//287 285//285 286//286
f 286//286 288//288 287//287
f 954//954 289//289 290//290
f 290//290 291//291 954//954
f 289//289 292//292 293//293
f 293//293 290//290 289//289
f 292//292 294//294 295//295
f 295//295 293//293 292//292
f 294//294 287//287 288//288
f 288//288 295//295 294//294
f 296//296 955//955 297//297
f 297//297 298//298 296//296
f 299//299 296//296 298//298
f 298//298 300//300 299//299
f 301//301 299//299 300//300
f 300//300 302//302 301//301
f 303//303 301//301 302//302
f 302//302 304//304 303//303
f 956//956 305//305 306//306
f 306//306 307//307 956//956
f 305//305 308//308 309//309
f 309//309 306//306 305//305
f 308//308 310//310 311//311
f 311//311 309//309 308//308
f 310//310 303//303 304//304
f 304//304 311//311 310//310
f 312//312 957//957 313//313
f 313//313 314//314 312//312
f 315//315 312//312 314//314
f 314//314 316//316 315//315
f 317//317 315//315 316//316
f 316//316 318//318 317//317
f 319//319 317//317 318//318
f 318//318 320//320 319//319
f 958//958 321//321 322//322
f 322//322 323//323 958//958
f 321//321 324//324 325//325
f 325//325 322//322 321//321
f 324//324 326//326 327//327
f 327//327 325//325 324//324
f 326//326 319//319 320//320
f 320//320 327//327 326//326
f 328//328 959//959 329//329
f 329//329 330//330 328//328
f 331//331 328//328 330//330
f 330//330 332//332 331//331
f 333//333 331//331 332//332
f 332//332 334//334 333//333
f 335//335 333//333 334//334
f 334//334 336//336 335//335
f 960//960 337//337 338//338
f 338//338 339//339 960//960
f 337//337 340//340 341//341
f 341//341 338//338 337//337
f 340//340 342//342 343//343
f 343//343 341//341 340//340
f 342//342 335//335 336//336
f 336//336 343//343 342//342
f 344//344 961//961 345//345
f 345//345 346//346 344//344
f 347//347 344//344 346//346
f 346//346 348//348 347//347
f 349//349 347//347 348//348
f 348//348 350//350 349//349
f 351//351 349//349 350//350
f 350//350 352//352 351//351
f 962//962 353//353 354//354
f 354//354 355//355 962//962
f 353//353 356//356 357//357
f 357//357 354//354 353//353
f 356//356 358//358 359//359
f 359//359 357//357 356//356
f 358//358 351//351 352//352
f 352//352 359//359 358//358
f 360//360 963//963 361//361
f 361//361 362//362 360//360
f 363//363 360//360 362//362
f 362//362 364//364 363//363
f 365//365 363//363 364//364
f 364//364 366//366 365//365
f 367//367 365//365 366//366
f 366//366 368//368 367//367
f 964//964 369//369 370//370
f 370//370 371//371 964//964
f 369//369 372//372 373//373
f 373//373 370//370 369//369
f 372//372 374//374 375//375
f 375//375 373//373 372//372
f 374//374 367//367 368//368
f 368//368 375//375 374//374
f 376//376 965//965 377//377
f 377//377 378//378 376//376
f 379//379 376//376 378//378
f 378//378 380//380 379//379
f 381//381 379//379 380//380
f 380//380 382//382 381//381
f 383//383 381//381 382//382
f 382//382 384//384 383//383
f 966//966 385//385 386//386
f 386//386 387//387 966//966
f 385//385 388//388 389//389
f 389//389 386//386 385//385
f 388//388 390//390 391//391
f 391//391 389//389 388//388
f 390//390 383//383 384//384
f 384//384 391//391 390//390
f 392//392 967//967 393//393
f 393//393 394//394 392//392
f 395//395 392//392 394//394
f 394//394 396//396 395//395
f 397//397 395//395 396//396
f 396//396 398//398 397//397
f 399//399 397//397 398//398
f 398//398 400//400 399//399
f 968//968 401//401 402//402
f 402//402 403//403 968//968
f 401//401 404//404 405//405
f 405//405 402//402 401//401
f 404//404 406//406 407//407
f 407//407 405//405 404//404
f 406//406 399//399 400//400
f 400//400 407//407 406//406
f 408//408 969//969 409//409
f 409//409 410//410 408//408
f 411//411 408//408 410//410
f 410//410 412//412 411//411
f 413//413 411//411 412//412
f 412//412 414//414 413//413
f 415//415 413//413 414//414
f 414//414 416//416 415//415
f 970//970 417//417 418//418
f 418//418 419//419 970//970
f 417//417 420//420 421//421
f 421//421 418//418 417//417
f 420//420 422//422 423//423
f 423//423 421//421 420//420
f 422//422 415//415 416//416
f 416//416 423//423 422//422
f 424//424 971//971 425//425
f 425//425 426//426 424//424
f 427//427 424//424 426//426
f 426//426 428//428 427//427
f 429//429 427//427 428//428
f 428//428 430//430 429//429
f 431//431 429//429 430//430
f 430//430 432//432 431//431
f 972//972 433//433 434//434
f 434//434 435//435 972//972
f 433//433 436//436 437//437
f 437//437 434//434 433//433
f 436//436 438//438 439//439
f 439//439 437//437 436//436
f 438//438 431//431 432//432
f 432//432 439//439 438//438
f 440//440 973//973 441//441
f 441//441 442//442 440//440
f 443//443 440//440 442//442
f 442//442 444//444 443//443
f 445//445 443//443 444//444
f 444//444 446//446 445//445
f 447//447 445//445 446//446
f 446//446 448//448 447//447
f 974//974 449//449 450//450
f 450//450 451//451 974//974
f 449//449 452//452 453//453
f 453//453 450//450 449//449
f 452//452 454//454 455//455
f 455//455 453//453 452//452
f 454//454 447//447 448//448
f 448//448 455//455 454//454
f 456//456 975//975 457//457
f 457//457 458//458 456//456
f 459//459 456//456 458//458
f 458//458 460//460 459//459
f 461//461 459//459 460//460
f 460//460 462//462 461//461
f 463//463 461//461 462//462
f 462//462 464//464 463//463
f 976//976 465//465 466//466
f 466//466 467//467 976//976
f 465//465 468//468 469//469
f 469//469 466//466 465//465
f 468//468 470//470 471//471
f 471//471 469//469 468//468
f 470//470 463//463 464//464
f 464//464 471//471 470//470
f 472//472 977//977 473//473
f 473//473 474//474 472//472
f 475//475 472//472 474//474
f 474//474 476//476 475//475
f 477//477 475//475 476//476
f 476//476 478//478 477//477
f 479//479 477//477 478//478
f 478//478 480//480 479//479
f 978//978 481//481 482//482
f 482//482 483//483 978//978
f 481//481 484//484 485//485
f 485//485 482//482 481//481
f 484//484 486//486 487//487
f 487//487 485//485 484//484
f 486//486 479//479 480//480
f 480//480 487//487 486//486
f 488//488 979//979 489//489
f 489//489 490//490 488//488
f 491//491 488//488 490//490
f 490//490 492//492 491//491
f 493//493 491//491 492//492
f 492//492 494//494 493//493
f 495//495 493//493 494//494
f 494//494 496//496 495//495
f 980//980 497//497 498//498
f 498//498 499//499 980//980
f 497//497 500//500 501//501
f 501//501 498//498 497//497
f 500//500 502//502 503//503
f 503//503 501//501 500//500
f 502//502 495//495 496//496
f 496//496 503//503 502//502
f 504//504 981//981 505//505
f 505//505 506//506 504//504
f 507//507 504//504 506//506
f 506//506 508//508 507//507
f 509//509 507//507 508//508
f 508//508 510//510 509//509
f 511//511 509//509 510//510
f 510//510 512//512 511//511
f 982//982 513//513 514//514
f 514//514 515//515 982//982
f 513//513 516//516 517//517
f 517//517 514//514 513//513
f 516//516 518//518 519//519
f 519//519 517//517 516//516
f 518//518 511//511 512//512
f 512//512 519//519 518//518
f 953//953 983//983 281//281
f 955//955 984//984 297//297
f 957//957 985//985 313//313
f 959//959 986//986 329//329
f 961//961 987//987 345//345
f 963//963 988//988 361//361
f 965//965 989//989 377//377
f 967//967 990//990 393//393
f 969//969 991//991 409//409
f 971//971 992//992 425//425
f 973//973 993//993 441//441
f 975//975 994//994 457//457
f 977//977 995//995 473//473
f 979//979 996//996 489//489
f 981//981 997//997 505//505
f 954//954 291//291 998//998
f 956//956 307//307 999//999
f 958//958 323//323 1000//1000
f 960//960 339//339 1001//1001
f 962//962 355//355 1002//1002
f 964//964 371//371 1003//1003
f 966//966 387//387 1004//1004
f 968//968 403//403 1005//1005
f 970//970 419//419 1006//1006
f 972//972 435//435 1007//1007
f 974//974 451//451 1008//1008
f 976//976 467//467 1009//1009
f 978//978 483//483 1010//1010
f 980//980 499//499 1011//1011
f 982//982 515//515 1012//1012
f 1013//1013 1014//1014 1015//1015
f 1015//1015 1016//1016 1013//1013
f 1017//1017 1018//1018 1019//1019
f 1017//1017 1019//1019 1020//1020
f 1017//1017 1020//1020 1021//1021
f 1022//1022 1023//1023 1024//1024
f 1024//1024 1025//1025 1022//1022
f 1026//1026 1027//1027 1028//1028
f 1028//1028 1029//1029 1026//1026
f 1030//1030 1031//1031 1032//1032
f 1032//1032 1033//1033 1030//1030
f 1031//1031 1034//1034 1035//1035
f 1035//1035 1032//1032 1031//1031
f 1036//1036 1037//1037 1038//1038
f 1038//1038 1039//1039 1036//1036
f 1040//1040 1041//1041 1042//1042
f 1040//1040 1042//1042 1043//1043
f 1040//1040 1043//1043 1044//1044
f 1045//1045 1046//1046 1047//1047
f 1047//1047 1048//1048 1045//1045
f 1049//1049 1050//1050 1051//1051
f 1051//1051 1052//1052 1049//1049
f 1053//1053 1054//1054 1055//1055
f 1055//1055 1056//1056 1053//1053
f 1057//1057 1058//1058 1059//1059
f 1059//1059 1060//1060 1057//1057
f 1061//1061 1062//1062 1063//1063
f 1063//1063 1064//1064 1061//1061
f 1065//1065 1066//1066 1067//1067
f 1065//1065 1067//1067 1068//1068
f 1065//1065 1068//1068 1069//1069
f 1070//1070 1071//1071 1072//1072
f 1072//1072 1073//1073 1070//1070
f 1074//1074 1075//1075 1076//1076
f 1076//1076 1077//1077 1074//1074
f 1078//1078 1079//1079 1080//1080
f 1080//1080 1081//1081 1078//1078
f 1079//1079 1082//1082 1083//1083
f 1083//1083 1080//1080 1079//1079
f 1084//1084 1085//1085 1086//1086
f 1086//1086 1087//1087 1084//1084
f 1085//1085 1088//1088 1089//1089
f 1089//1089 1086//1086 1085//1085
f 1090//1090 1091//1091 1092//1092
f 1092//1092 1093//1093 1090//1090
f 1094//1094 1095//1095 1096//1096
f 1094//1094 1096//1096 1097//1097
f 1094//1094 1097//1097 1098//1098
f 1099//1099 1100//1100 1101//1101
f 1101//1101 1102//1102 1099//1099
f 1103//1103 1104//1104 1105//1105
f 1105//1105 1106//1106 1103//1103
f 1107//1107 1108//1108 1109//1109
f 1109//1109 1110//1110 1107//1107
f 1111//1111 1112//1112 1113//1113
f 1113//1113 1114//1114 1111//1111
f 1115//1115 1116//1116 1117//1117
f 1117//1117 1118//1118 1115//1115
f 1119//1119 1120//1120 1121//1121
f 1119//1119 1121//1121 1122//1122
f 1119//1119 1122//1122 1123//1123
f 1124//1124 1125//1125 1126//1126
f 1126//1126 1127//1127 1124//1124
f 1128//1128 1129//1129 1130//1130
f 1128//1128 1130//1130 1131//1131
f 1128//1128 1131//1131 1132//1132
f 1133//1133 1126//1126 1125//1125
f 1125//1125 1134//1134 1133//1133
f 1133//1133 1134//1134 1128//1128
f 1128//1128 1132//1132 1133//1133
f 1135//1135 1015//1015 1014//1014
f 1014//1014 1136//1136 1135//1135
f 1135//1135 1136//1136 1017//1017
f 1017//1017 1021//1021 1135//1135
f 1028//1028 1024//1024 1023//1023
f 1023//1023 1029//1029 1028//1028
f 1026//1026 1137//1137 1138//1138
f 1026//1026 1138//1138 1139//1139
f 1026//1026 1139//1139 1027//1027
f 1140//1140 1141//1141 1142//1142
f 1140//1140 1142//1142 1143//1143
f 1140//1140 1143//1143 1144//1144
f 1035//1035 1034//1034 1140//1140
f 1140//1140 1144//1144 1035//1035
f 1145//1145 1038//1038 1037//1037
f 1037//1037 1146//1146 1145//1145
f 1145//1145 1146//1146 1040//1040
f 1040//1040 1044//1044 1145//1145
f 1051//1051 1047//1047 1046//1046
f 1046//1046 1052//1052 1051//1051
f 1049//1049 1147//1147 1148//1148
f 1049//1049 1148//1148 1149//1149
f 1049//1049 1149//1149 1050//1050
f 1059//1059 1055//1055 1054//1054
f 1054//1054 1060//1060 1059//1059
f 1057//1057 1150//1150 1151//1151
f 1057//1057 1151//1151 1152//1152
f 1057//1057 1152//1152 1058//1058
f 1153//1153 1063//1063 1062//1062
f 1062//1062 1154//1154 1153//1153
f 1153//1153 1154//1154 1065//1065
f 1065//1065 1069//1069 1153//1153
f 1076//1076 1072//1072 1071//1071
f 1071//1071 1077//1077 1076//1076
f 1074//1074 1155//1155 1156//1156
f 1074//1074 1156//1156 1157//1157
f 1074//1074 1157//1157 1075//1075
f 1158//1158 1159//1159 1083//1083
f 1083//1083 1082//1082 1158//1158
f 1158//1158 1160//1160 1161//1161
f 1158//1158 1161//1161 1162//1162
f 1158//1158 1162//1162 1159//1159
f 1163//1163 1164//1164 1165//1165
f 1163//1163 1165//1165 1166//1166
f 1163//1163 1166//1166 1167//1167
f 1089//1089 1088//1088 1163//1163
f 1163//1163 1167//1167 1089//1089
f 1168//1168 1092//1092 1091//1091
f 1091//1091 1169//1169 1168//1168
f 1168//1168 1169//1169 1094//1094
f 1094//1094 1098//1098 1168//1168
f 1105//1105 1101//1101 1100//1100
f 1100//1100 1106//1106 1105//1105
f 1103//1103 1170//1170 1171//1171
f 1103//1103 1171//1171 1172//1172
f 1103//1103 1172//1172 1104//1104
f 1113//1113 1109//1109 1108//1108
f 1108//1108 1114//1114 1113//1113
f 1111//1111 1173//1173 1174//1174
f 1111//1111 1174//1174 1175//1175
f 1111//1111 1175//1175 1112//1112
f 1176//1176 1117//1117 1116//1116
f 1116//1116 1177//1177 1176//1176
f 1176//1176 1177//1177 1119//1119
f 1119//1119 1123//1123 1176//1176
f 85//85 520//520 521//521
f 521//521 86//86 85//85
f 87//87 522//522 520//520
f 520//520 85//85 87//87
f 88//88 523//523 522//522
f 522//522 87//87 88//88
f 89//89 524//524 523//523
f 523//523 88//88 89//89
f 90//90 525//525 524//524
f 524//524 89//89 90//90
f 91//91 526//526 525//525
f 525//525 90//90 91//91
f 92//92 527//527 526//526
f 526//526 91//91 92//92
f 93//93 528//528 527//527
f 527//527 92//92 93//93
f 94//94 529//529 1178//1178
f 1178//1178 905//905 94//94
f 95//95 530//530 529//529
f 529//529 94//94 95//95
f 96//96 531//531 530//530
f 530//530 95//95 96//96
f 97//97 532//532 531//531
f 531//531 96//96 97//97
f 98//98 533//533 532//532
f 532//532 97//97 98//98
f 99//99 534//534 533//533
f 533//533 98//98 99//99
f 86//86 521//521 534//534
f 534//534 99//99 86//86
f 535//535 536//536 537//537
f 537//537 538//538 535//535
f 539//539 540//540 541//541
f 541//541 542//542 539//539
f 543//543 544//544 545//545
f 545//545 546//546 543//543
f 544//544 535//535 538//538
f 538//538 545//545 544//544
f 540//540 547//547 548//548
f 548//548 541//541 540//540
f 547//547 549//549 550//550
f 550//550 548//548 547//547
f 551//551 552//552 553//553
f 553//553 554//554 551//551
f 536//536 539//539 542//542
f 542//542 537//537 536//536
f 555//555 543//543 546//546
f 546//546 556//556 555//555
f 549//549 551//551 554//554
f 554//554 550//550 549//549
f 557//557 558//558 559//559
f 559//559 560//560 557//557
f 561//561 562//562 563//563
f 563//563 564//564 561//561
f 565//565 566//566 567//567
f 567//567 568//568 565//565
f 558//558 565//565 568//568
f 568//568 559//559 558//558
f 569//569 561//561 564//564
f 564//564 570//570 569//569
f 571//571 569//569 570//570
f 570//570 572//572 571//571
f 573//573 574//574 575//575
f 575//575 576//576 573//573
f 562//562 557//557 560//560
f 560//560 563//563 562//562
f 566//566 555//555 556//556
f 556//556 567//567 566//566
f 574//574 571//571 572//572
f 572//572 575//575 574//574
f 577//577 578//578 579//579
f 579//579 580//580 577//577
f 581//581 582//582 583//583
f 583//583 584//584 581//581
f 585//585 586//586 587//587
f 587//587 588//588 585//585
f 578//578 585//585 588//588
f 588//588 579//579 578//578
f 589//589 581//581 584//584
f 584//584 590//590 589//589
f 591//591 589//589 590//590
f 590//590 592//592 591//591
f 552//552 593//593 594//594
f 594//594 553//553 552//552
f 582//582 577//577 580//580
f 580//580 583//583 582//582
f 586//586 595//595 596//596
f 596//596 587//587 586//586
f 593//593 591//591 592//592
f 592//592 594//594 593//593
f 597//597 598//598 599//599
f 599//599 600//600 597//597
f 601//601 602//602 603//603
f 603//603 604//604 601//601
f 605//605 606//606 607//607
f 607//607 608//608 605//605
f 606//606 597//597 600//600
f 600//600 607//607 606//606
f 602//602 609//609 610//610
f 610//610 603//603 602//602
f 1179//1179 611//611 612//612
f 612//612 1180//1180 1179//1179
f 613//613 573//573 576//576
f 576//576 614//614 613//613
f 598//598 601//601 604//604
f 604//604 599//599 598//598
f 595//595 605//605 608//608
f 608//608 596//596 595//595
f 611//611 613//613 614//614
f 614//614 612//612 611//611
f 538//538 537//537 1181//1181
f 1181//1181 1182//1182 538//538
f 542//542 541//541 1183//1183
f 1183//1183 1184//1184 542//542
f 546//546 545//545 1185//1185
f 1185//1185 1186//1186 546//546
f 545//545 538//538 1182//1182
f 1182//1182 1185//1185 545//545
f 541//541 548//548 1187//1187
f 1187//1187 1183//1183 541//541
f 548//548 550//550 1188//1188
f 1188//1188 1187//1187 548//548
f 554//554 553//553 1189//1189
f 1189//1189 1190//1190 554//554
f 537//537 542//542 1184//1184
f 1184//1184 1181//1181 537//537
f 556//556 546//546 1186//1186
f 1186//1186 1191//1191 556//556
f 550//550 554//554 1190//1190
f 1190//1190 1188//1188 550//550
f 560//560 559//559 1192//1192
f 1192//1192 1193//1193 560//560
f 564//564 563//563 1194//1194
f 1194//1194 1195//1195 564//564
f 568//568 567//567 1196//1196
f 1196//1196 1197//1197 568//568
f 559//559 568//568 1197//1197
f 1197//1197 1192//1192 559//559
f 570//570 564//564 1195//1195
f 1195//1195 1198//1198 570//570
f 572//572 570//570 1198//1198
f 1198//1198 1199//1199 572//572
f 576//576 575//575 1200//1200
f 1200//1200 1201//1201 576//576
f 563//563 560//560 1193//1193
f 1193//1193 1194//1194 563//563
f 567//567 556//556 1191//1191
f 1191//1191 1196//1196 567//567
f 575//575 572//572 1199//1199
f 1199//1199 1200//1200 575//575
f 580//580 579//579 1202//1202
f 1202//1202 1203//1203 580//580
f 584//584 583//583 1204//1204
f 1204//1204 1205//1205 584//584
f 588//588 587//587 1206//1206
f 1206//1206 1207//1207 588//588
f 579//579 588//588 1207//1207
f 1207//1207 1202//1202 579//579
f 590//590 584//584 1205//1205
f 1205//1205 1208//1208 590//590
f 590//590 1208//1208 1209//1209
f 1209//1209 592//592 590//590
f 553//553 594//594 1210//1210
f 1210//1210 1189//1189 553//553
f 583//583 580//580 1203//1203
f 1203//1203 1204//1204 583//583
f 587//587 596//596 1211//1211
f 1211//1211 1206//1206 587//587
f 594//594 592//592 1209//1209
f 1209//1209 1210//1210 594//594
f 600//600 599//599 1212//1212
f 1212//1212 1213//1213 600//600
f 604//604 603//603 1214//1214
f 1214//1214 1215//1215 604//604
f 608//608 607//607 1216//1216
f 1216//1216 1217//1217 608//608
f 607//607 600//600 1213//1213
f 1213//1213 1216//1216 607//607
f 603//603 610//610 1218//1218
f 1218//1218 1214//1214 603//603
f 1180//1180 612//612 1219//1219
f 1219//1219 1220//1220 1180//1180
f 614//614 576//576 1201//1201
f 1201//1201 1221//1221 614//614
f 599//599 604//604 1215//1215
f 1215//1215 1212//1212 599//599
f 596//596 608//608 1217//1217
f 1217//1217 1211//1211 596//596
f 612//612 614//614 1221//1221
f 1221//1221 1219//1219 612//612
f 1222//1222 1223//1223 615//615
f 615//615 616//616 1222//1222
f 1224//1224 1225//1225 617//617
f 617//617 618//618 1224//1224
f 1226//1226 1227//1227 619//619
f 619//619 620//620 1226//1226
f 1223//1223 1226//1226 620//620
f 620//620 615//615 1223//1223
f 1228//1228 1224//1224 618//618
f 618//618 621//621 1228//1228
f 1229//1229 1228//1228 621//621
f 621//621 622//622 1229//1229
f 1230//1230 1231//1231 623//623
f 623//623 624//624 1230//1230
f 1225//1225 1222//1222 616//616
f 616//616 617//617 1225//1225
f 1227//1227 1232//1232 625//625
f 625//625 619//619 1227//1227
f 1231//1231 1229//1229 622//622
f 622//622 623//623 1231//1231
f 1233//1233 1234//1234 626//626
f 626//626 627//627 1233//1233
f 1235//1235 1236//1236 628//628
f 628//628 629//629 1235//1235
f 1237//1237 1238//1238 630//630
f 630//630 631//631 1237//1237
f 1238//1238 1233//1233 627//627
f 627//627 630//630 1238//1238
f 1236//1236 1239//1239 632//632
f 632//632 628//628 1236//1236
f 1239//1239 1240//1240 633//633
f 633//633 632//632 1239//1239
f 1241//1241 1242//1242 634//634
f 634//634 635//635 1241//1241
f 1234//1234 1235//1235 629//629
f 629//629 626//626 1234//1234
f 1232//1232 1237//1237 631//631
f 631//631 625//625 1232//1232
f 1240//1240 1241//1241 635//635
f 635//635 633//633 1240//1240
f 1243//1243 1244//1244 636//636
f 636//636 637//637 1243//1243
f 1245//1245 1246//1246 638//638
f 638//638 639//639 1245//1245
f 1247//1247 1248//1248 640//640
f 640//640 641//641 1247//1247
f 1248//1248 1243//1243 637//637
f 637//637 640//640 1248//1248
f 1246//1246 1249//1249 642//642
f 642//642 638//638 1246//1246
f 1249//1249 1250//1250 643//643
f 643//643 642//642 1249//1249
f 1251//1251 1230//1230 624//624
f 624//624 644//644 1251//1251
f 1244//1244 1245//1245 639//639
f 639//639 636//636 1244//1244
f 1252//1252 1247//1247 641//641
f 641//641 645//645 1252//1252
f 1250//1250 1251//1251 644//644
f 644//644 643//643 1250//1250
f 1253//1253 1254//1254 646//646
f 646//646 647//647 1253//1253
f 1255//1255 1256//1256 648//648
f 648//648 649//649 1255//1255
f 1257//1257 1258//1258 650//650
f 650//650 651//651 1257//1257
f 1254//1254 1257//1257 651//651
f 651//651 646//646 1254//1254
f 1259//1259 1255//1255 649//649
f 649//649 652//652 1259//1259
f 1260//1260 1259//1259 652//652
f 652//652 653//653 1260//1260
f 1242//1242 1261//1261 654//654
f 654//654 634//634 1242//1242
f 1256//1256 1253//1253 647//647
f 647//647 648//648 1256//1256
f 1258//1258 1252//1252 645//645
f 645//645 650//650 1258//1258
f 1261//1261 1260//1260 653//653
f 653//653 654//654 1261//1261
f 1262//1262 1263//1263 1036//1036
f 1036//1036 1039//1039 1262//1262
f 1263//1263 1048//1048 1036//1036
f 1263//1263 1264//1264 1045//1045
f 1045//1045 1048//1048 1263//1263
f 1264//1264 1056//1056 1045//1045
f 1264//1264 1265//1265 1053//1053
f 1053//1053 1056//1056 1264//1264
f 1265//1265 1064//1064 1053//1053
f 1265//1265 1266//1266 1061//1061
f 1061//1061 1064//1064 1265//1265
f 1266//1266 1073//1073 1061//1061
f 1266//1266 1267//1267 1070//1070
f 1070//1070 1073//1073 1266//1266
f 1267//1267 1081//1081 1070//1070
f 1267//1267 1268//1268 1078//1078
f 1078//1078 1081//1081 1267//1267
f 1268//1268 1087//1087 1078//1078
f 1268//1268 1269//1269 1084//1084
f 1084//1084 1087//1087 1268//1268
f 1269//1269 1093//1093 1084//1084
f 1269//1269 1270//1270 1090//1090
f 1090//1090 1093//1093 1269//1269
f 1270//1270 1102//1102 1090//1090
f 1270//1270 1271//1271 1099//1099
f 1099//1099 1102//1102 1270//1270
f 1271//1271 1110//1110 1099//1099
f 1271//1271 1272//1272 1107//1107
f 1107//1107 1110//1110 1271//1271
f 1272//1272 1118//1118 1107//1107
f 1272//1272 1273//1273 1115//1115
f 1115//1115 1118//1118 1272//1272
f 1273//1273 1127//1127 1115//1115
f 1273//1273 1274//1274 1124//1124
f 1124//1124 1127//1127 1273//1273
f 1274//1274 1016//1016 1124//1124
f 1274//1274 1275//1275 1013//1013
f 1013//1013 1016//1016 1274//1274
f 1275//1275 1025//1025 1013//1013
f 1275//1275 1276//1276 1022//1022
f 1022//1022 1025//1025 1275//1275
f 1276//1276 1033//1033 1022//1022
f 1276//1276 1262//1262 1030//1030
f 1030//1030 1033//1033 1276//1276
f 1262//1262 1039//1039 1030//1030
f 250//250 251//251 1277//1277
f 1277//1277 1278//1278 250//250
f 250//250 1278//1278 1279//1279
f 1279//1279 249//249 250//250
f 1280//1280 1281//1281 1282//1282
f 1282//1282 1283//1283 1280//1280
f 1284//1284 1285//1285 1282//1282
f 1282//1282 1281//1281 1284//1284
f 1286//1286 1287//1287 1288//1288
f 1288//1288 1289//1289 1286//1286
f 1290//1290 1291//1291 1292//1292
f 1292//1292 1293//1293 1290//1290
f 1289//1289 1288//1288 1294//1294
f 1294//1294 1295//1295 1289//1289
f 1296//1296 1297//1297 1298//1298
f 1298//1298 1299//1299 1296//1296
f 1300//1300 1301//1301 1297//1297
f 1297//1297 1296//1296 1300//1300
f 1302//1302 1303//1303 1304//1304
f 1304//1304 1305//1305 1302//1302
f 1306//1306 1307//1307 1303//1303
f 1303//1303 1302//1302 1306//1306
f 1308//1308 1309//1309 1310//1310
f 1310//1310 1311//1311 1308//1308
f 1312//1312 1313//1313 1309//1309
f 1309//1309 1308//1308 1312//1312
f 1314//1314 1315//1315 1316//1316
f 1316//1316 1317//1317 1314//1314
f 1318//1318 1319//1319 1315//1315
f 1315//1315 1314//1314 1318//1318
f 1320//1320 1321//1321 1291//1291
f 1291//1291 1290//1290 1320//1320
f 1322//1322 1323//1323 1324//1324
f 1324//1324 1325//1325 1322//1322
f 1326//1326 1327//1327 1323//1323
f 1323//1323 1322//1322 1326//1326
f 1328//1328 1329//1329 1330//1330
f 1330//1330 1331//1331 1328//1328
f 1332//1332 1333//1333 1329//1329
f 1329//1329 1328//1328 1332//1332
f 249//249 1279//1279 1280//1280
f 1334//1334 1335//1335 1336//1336
f 1336//1336 1337//1337 1334//1334
f 1338//1338 1339//1339 1337//1337
f 1337//1337 1336//1336 1338//1338
f 1340//1340 1341//1341 1342//1342
f 1342//1342 1343//1343 1340//1340
f 1344//1344 1345//1345 1343//1343
f 1343//1343 1342//1342 1344//1344
f 1346//1346 1347//1347 1348//1348
f 1348//1348 1349//1349 1346//1346
f 1350//1350 1351//1351 1349//1349
f 1349//1349 1348//1348 1350//1350
f 1352//1352 1353//1353 1354//1354
f 1354//1354 1355//1355 1352//1352
f 1356//1356 1357//1357 1355//1355
f 1355//1355 1354//1354 1356//1356
f 1358//1358 1359//1359 1360//1360
f 1360//1360 1361//1361 1358//1358
f 1362//1362 1363//1363 1361//1361
f 1361//1361 1360//1360 1362//1362
f 1364//1364 1365//1365 1366//1366
f 1366//1366 1367//1367 1364//1364
f 1368//1368 1369//1369 1367//1367
f 1367//1367 1366//1366 1368//1368
f 1370//1370 1371//1371 247//247
f 1299//1299 246//246 247//247
f 247//247 1371//1371 1299//1299
f 1372//1372 1370//1370 247//247
f 247//247 248//248 1372//1372
f 1283//1283 1372//1372 248//248
f 249//249 1280//1280 1283//1283
f 1283//1283 248//248 249//249
f 1373//1373 1374//1374 245//245
f 246//246 1299//1299 1298//1298
f 1298//1298 245//245 246//246
f 1298//1298 1373//1373 245//245
f 1304//1304 1375//1375 243//243
f 1376//1376 1305//1305 244//244
f 1376//1376 244//244 245//245
f 245//245 1374//1374 1376//1376
f 243//243 244//244 1305//1305
f 1305//1305 1304//1304 243//243
f 1375//1375 1377//1377 242//242
f 242//242 243//243 1375//1375
f 1377//1377 1378//1378 242//242
f 1310//1310 1379//1379 241//241
f 242//242 1378//1378 1311//1311
f 1311//1311 240//240 242//242
f 240//240 1311//1311 1310//1310
f 1310//1310 241//241 240//240
f 1380//1380 1381//1381 279//279
f 1317//1317 278//278 279//279
f 279//279 1381//1381 1317//1317
f 1316//1316 1382//1382 277//277
f 1379//1379 1380//1380 279//279
f 279//279 241//241 1379//1379
f 278//278 1317//1317 1316//1316
f 1316//1316 277//277 278//278
f 1382//1382 1383//1383 277//277
f 1383//1383 1384//1384 276//276
f 276//276 277//277 1383//1383
f 1384//1384 1293//1293 276//276
f 1293//1293 1292//1292 275//275
f 275//275 276//276 1293//1293
f 1292//1292 1385//1385 274//274
f 274//274 275//275 1292//1292
f 1386//1386 1387//1387 274//274
f 1385//1385 1386//1386 274//274
f 1387//1387 273//273 274//274
f 1387//1387 1325//1325 273//273
f 1324//1324 272//272 273//273
f 273//273 1325//1325 1324//1324
f 1388//1388 1389//1389 272//272
f 1324//1324 1388//1388 272//272
f 1389//1389 271//271 272//272
f 1389//1389 1390//1390 271//271
f 1330//1330 269//269 270//270
f 270//270 1331//1331 1330//1330
f 271//271 1390//1390 1331//1331
f 270//270 271//271 1331//1331
f 1391//1391 268//268 269//269
f 1392//1392 1391//1391 269//269
f 1330//1330 1392//1392 269//269
f 1391//1391 1393//1393 268//268
f 1394//1394 1395//1395 266//266
f 268//268 1393//1393 1339//1339
f 267//267 268//268 1339//1339
f 1339//1339 1338//1338 267//267
f 1396//1396 265//265 266//266
f 266//266 1395//1395 1396//1396
f 1338//1338 1394//1394 266//266
f 266//266 267//267 1338//1338
f 1344//1344 1397//1397 264//264
f 265//265 1396//1396 1345//1345
f 265//265 1345//1345 1344//1344
f 1344//1344 264//264 265//265
f 1398//1398 260//260 261//261
f 261//261 1399//1399 1398//1398
f 1400//1400 1401//1401 263//263
f 1397//1397 1400//1400 264//264
f 1400//1400 263//263 264//264
f 263//263 1401//1401 1351//1351
f 262//262 263//263 1351//1351
f 1351//1351 1350//1350 262//262
f 1402//1402 261//261 262//262
f 1350//1350 1402//1402 262//262
f 1402//1402 1399//1399 261//261
f 1398//1398 1357//1357 260//260
f 1356//1356 1403//1403 259//259
f 259//259 260//260 1357//1357
f 1357//1357 1356//1356 259//259
f 1403//1403 1404//1404 258//258
f 1362//1362 1405//1405 256//256
f 257//257 258//258 1404//1404
f 1406//1406 1363//1363 257//257
f 1404//1404 1406//1406 257//257
f 1403//1403 258//258 259//259
f 257//257 1363//1363 1362//1362
f 1362//1362 256//256 257//257
f 1405//1405 1407//1407 256//256
f 1407//1407 1408//1408 255//255
f 1408//1408 1369//1369 255//255
f 1409//1409 1410//1410 253//253
f 1407//1407 255//255 256//256
f 254//254 255//255 1369//1369
f 1369//1369 1368//1368 254//254
f 254//254 1368//1368 1411//1411
f 1411//1411 1409//1409 253//253
f 1410//1410 252//252 253//253
f 1294//1294 1277//1277 251//251
f 252//252 1410//1410 1295//1295
f 1411//1411 253//253 254//254
f 252//252 1295//1295 1294//1294
f 1294//1294 251//251 252//252
f 1412//1412 1413//1413 1414//1414
f 1414//1414 1415//1415 1416//1416
f 1412//1412 1414//1414 1416//1416
f 1416//1416 1417//1417 1418//1418
f 1418//1418 1419//1419 1420//1420
f 1416//1416 1418//1418 1420//1420
f 1420//1420 1421//1421 1422//1422
f 1422//1422 1423//1423 1424//1424
f 1420//1420 1422//1422 1424//1424
f 1416//1416 1420//1420 1424//1424
f 1412//1412 1416//1416 1424//1424
f 1412//1412 1424//1424 1425//1425
f 1426//1426 1412//1412 1425//1425
f 655//655 656//656 657//657
f 657//657 658//658 655//655
f 659//659 658//658 657//657
f 657//657 660//660 659//659
f 661//661 662//662 663//663
f 663//663 664//664 661//661
f 664//664 663//663 665//665
f 665//665 666//666 664//664
f 667//667 666//666 665//665
f 665//665 668//668 667//667
f 669//669 670//670 662//662
f 662//662 671//671 669//669
f 669//669 672//672 673//673
f 670//670 669//669 673//673
f 670//670 673//673 674//674
f 675//675 670//670 674//674
f 676//676 677//677 1427//1427
f 1427//1427 1428//1428 676//676
f 678//678 679//679 1429//1429
f 1429//1429 1430//1430 678//678
f 680//680 678//678 1430//1430
f 1430//1430 1431//1431 680//680
f 681//681 680//680 1431//1431
f 1431//1431 1432//1432 681//681
f 676//676 1428//1428 1433//1433
f 1433//1433 682//682 676//676
f 683//683 656//656 655//655
f 655//655 684//684 683//683
f 685//685 683//683 684//684
f 684//684 686//686 685//685
f 685//685 686//686 687//687
f 687//687 688//688 685//685
f 689//689 690//690 691//691
f 691//691 692//692 689//689
f 693//693 689//689 692//692
f 692//692 694//694 693//693
f 695//695 696//696 688//688
f 688//688 697//697 695//695
f 698//698 699//699 696//696
f 700//700 698//698 696//696
f 701//701 700//700 696//696
f 695//695 701//701 696//696
f 702//702 703//703 1434//1434
f 1434//1434 1435//1435 702//702
f 704//704 705//705 1436//1436
f 1436//1436 1437//1437 704//704
f 706//706 704//704 1437//1437
f 1437//1437 1438//1438 706//706
f 707//707 708//708 1439//1439
f 1439//1439 1440//1440 707//707
f 709//709 710//710 1441//1441
f 1441//1441 1442//1442 709//709
f 708//708 711//711 1443//1443
f 1443//1443 1439//1439 708//708
f 1444//1444 712//712 1445//1445
f 1445//1445 1446//1446 1444//1444
f 713//713 707//707 1440//1440
f 1440//1440 1447//1447 713//713
f 714//714 709//709 1442//1442
f 1442//1442 1448//1448 714//714
f 715//715 714//714 1448//1448
f 1448//1448 1449//1449 715//715
f 716//716 717//717 718//718
f 718//718 719//719 716//716
f 720//720 716//716 719//719
f 719//719 721//721 720//720
f 722//722 723//723 724//724
f 725//725 726//726 727//727
f 727//727 728//728 725//725
f 667//667 668//668 725//725
f 725//725 728//728 667//667
f 729//729 730//730 724//724
f 724//724 723//723 729//729
f 731//731 732//732 730//730
f 733//733 731//731 730//730
f 734//734 733//733 730//730
f 729//729 734//734 730//730
f 735//735 736//736 1450//1450
f 1450//1450 1451//1451 735//735
f 737//737 738//738 1452//1452
f 1452//1452 1453//1453 737//737
f 739//739 740//740 1454//1454
f 1454//1454 1455//1455 739//739
f 741//741 737//737 1453//1453
f 1453//1453 1456//1456 741//741
f 742//742 743//743 1457//1457
f 1457//1457 1458//1458 742//742
f 740//740 744//744 1459//1459
f 1459//1459 1454//1454 740//740
f 744//744 742//742 1458//1458
f 1458//1458 1459//1459 744//744
f 745//745 718//718 717//717
f 717//717 746//746 745//745
f 745//745 746//746 747//747
f 747//747 748//748 745//745
f 749//749 750//750 751//751
f 751//751 752//752 749//749
f 753//753 752//752 751//751
f 751//751 754//754 753//753
f 753//753 754//754 693//693
f 693//693 694//694 753//753
f 755//755 756//756 750//750
f 750//750 757//757 755//755
f 755//755 758//758 759//759
f 760//760 761//761 756//756
f 759//759 760//760 756//756
f 755//755 759//759 756//756
f 762//762 763//763 1460//1460
f 1460//1460 1461//1461 762//762
f 764//764 765//765 1462//1462
f 1462//1462 1463//1463 764//764
f 765//765 706//706 1438//1438
f 1438//1438 1462//1462 765//765
f 763//763 766//766 1464//1464
f 1464//1464 1460//1460 763//763
f 766//766 767//767 1465//1465
f 1465//1465 1464//1464 766//766
f 768//768 764//764 1463//1463
f 1463//1463 1466//1466 768//768
f 769//769 770//770 1467//1467
f 1467//1467 771//771 769//769
f 769//769 772//772 773//773
f 773//773 770//770 769//769
f 774//774 1468//1468 1469//1469
f 1469//1469 775//775 774//774
f 776//776 1470//1470 1468//1468
f 1468//1468 774//774 776//776
f 776//776 777//777 778//778
f 778//778 1470//1470 776//776
f 1471//1471 779//779 780//780
f 780//780 1469//1469 1471//1471
f 1472//1472 781//781 779//779
f 1473//1473 1472//1472 779//779
f 1474//1474 1473//1473 779//779
f 1471//1471 1474//1474 779//779
f 1475//1475 1434//1434 703//703
f 703//703 1476//1476 1475//1475
f 1477//1477 1475//1475 1476//1476
f 1476//1476 1478//1478 1477//1477
f 1479//1479 1427//1427 677//677
f 677//677 1480//1480 1479//1479
f 1481//1481 1477//1477 1478//1478
f 1478//1478 1482//1482 1481//1481
f 1433//1433 1429//1429 679//679
f 679//679 682//682 1433//1433
f 1483//1483 1481//1481 1482//1482
f 1482//1482 1484//1484 1483//1483
f 1432//1432 1485//1485 1486//1486
f 1486//1486 681//681 1432//1432
f 1485//1485 1483//1483 1484//1484
f 1484//1484 1486//1486 1485//1485
f 1467//1467 1487//1487 782//782
f 782//782 771//771 1467//1467
f 782//782 1487//1487 1488//1488
f 1488//1488 783//783 782//782
f 783//783 1488//1488 1489//1489
f 1489//1489 784//784 783//783
f 1490//1490 1491//1491 785//785
f 785//785 786//786 1490//1490
f 785//785 1491//1491 1492//1492
f 1492//1492 787//787 785//785
f 1493//1493 1494//1494 1495//1495
f 1495//1495 1489//1489 1493//1493
f 1493//1493 1496//1496 1497//1497
f 1498//1498 1499//1499 1494//1494
f 1497//1497 1498//1498 1494//1494
f 1493//1493 1497//1497 1494//1494
f 1435//1435 1441//1441 710//710
f 710//710 702//702 1435//1435
f 1449//1449 1445//1445 712//712
f 712//712 715//715 1449//1449
f 1447//1447 1436//1436 705//705
f 705//705 713//713 1447//1447
f 788//788 789//789 790//790
f 790//790 791//791 788//788
f 790//790 789//789 792//792
f 792//792 793//793 790//790
f 793//793 792//792 1500//1500
f 1500//1500 794//794 793//793
f 1501//1501 1502//1502 795//795
f 795//795 796//796 1501//1501
f 795//795 1502//1502 778//778
f 778//778 777//777 795//795
f 1503//1503 1504//1504 1505//1505
f 1505//1505 1500//1500 1503//1503
f 1503//1503 1506//1506 1507//1507
f 1508//1508 1509//1509 1504//1504
f 1507//1507 1508//1508 1504//1504
f 1503//1503 1507//1507 1504//1504
f 1510//1510 1511//1511 1512//1512
f 1512//1512 1513//1513 1510//1510
f 1511//1511 1514//1514 1515//1515
f 1515//1515 1512//1512 1511//1511
f 1451//1451 1479//1479 1480//1480
f 1480//1480 735//735 1451//1451
f 1514//1514 1457//1457 743//743
f 743//743 1515//1515 1514//1514
f 1455//1455 1452//1452 738//738
f 738//738 739//739 1455//1455
f 1456//1456 1450//1450 736//736
f 736//736 741//741 1456//1456
f 797//797 1516//1516 788//788
f 788//788 791//791 797//797
f 797//797 798//798 1517//1517
f 1517//1517 1516//1516 797//797
f 799//799 1518//1518 1519//1519
f 800//800 1520//1520 1521//1521
f 1521//1521 801//801 800//800
f 800//800 787//787 1492//1492
f 1492//1492 1520//1520 800//800
f 802//802 1522//1522 1519//1519
f 1519//1519 1518//1518 802//802
f 803//803 804//804 1522//1522
f 805//805 803//803 1522//1522
f 806//806 805//805 1522//1522
f 802//802 806//806 1522//1522
f 1461//1461 1510//1510 1513//1513
f 1513//1513 762//762 1461//1461
f 1523//1523 1524//1524 1525//1525
f 1525//1525 1526//1526 1523//1523
f 1524//1524 1527//1527 1528//1528
f 1528//1528 1525//1525 1524//1524
f 1527//1527 1529//1529 1530//1530
f 1530//1530 1528//1528 1527//1527
f 1466//1466 1523//1523 1526//1526
f 1526//1526 768//768 1466//1466
f 1529//1529 1531//1531 1532//1532
f 1532//1532 1530//1530 1529//1529
f 1531//1531 1465//1465 767//767
f 767//767 1532//1532 1531//1531
f 1533//1533 807//807 808//808
f 808//808 1534//1534 1533//1533
f 1534//1534 808//808 809//809
f 809//809 1535//1535 1534//1534
f 1536//1536 810//810 811//811
f 811//811 1537//1537 1536//1536
f 1537//1537 811//811 812//812
f 812//812 1538//1538 1537//1537
f 1538//1538 812//812 813//813
f 813//813 1539//1539 1538//1538
f 1535//1535 809//809 810//810
f 810//810 1536//1536 1535//1535
f 1540//1540 814//814 807//807
f 807//807 1533//1533 1540//1540
f 1541//1541 815//815 814//814
f 814//814 1540//1540 1541//1541
f 1542//1542 816//816 817//817
f 817//817 1543//1543 1542//1542
f 1544//1544 818//818 816//816
f 816//816 1542//1542 1544//1544
f 1545//1545 819//819 818//818
f 818//818 1544//1544 1545//1545
f 1543//1543 817//817 815//815
f 815//815 1541//1541 1543//1543
f 1546//1546 820//820 821//821
f 821//821 1547//1547 1546//1546
f 1548//1548 822//822 820//820
f 820//820 1546//1546 1548//1548
f 1549//1549 823//823 824//824
f 824//824 1550//1550 1549//1549
f 1551//1551 825//825 823//823
f 823//823 1549//1549 1551//1551
f 1539//1539 813//813 825//825
f 825//825 1551//1551 1539//1539
f 1550//1550 824//824 1552//1552
f 1552//1552 1553//1553 1550//1550
f 1547//1547 821//821 826//826
f 826//826 1554//1554 1547//1547
f 1554//1554 826//826 827//827
f 827//827 1555//1555 1554//1554
f 1556//1556 828//828 829//829
f 829//829 1557//1557 1556//1556
f 1557//1557 829//829 830//830
f 830//830 1558//1558 1557//1557
f 1558//1558 830//830 819//819
f 819//819 1545//1545 1558//1558
f 1555//1555 827//827 828//828
f 828//828 1556//1556 1555//1555
f 655//655 658//658 831//831
f 831//831 832//832 655//655
f 658//658 659//659 833//833
f 833//833 831//831 658//658
f 664//664 834//834 835//835
f 835//835 661//661 664//664
f 664//664 666//666 836//836
f 836//836 834//834 664//664
f 667//667 837//837 836//836
f 836//836 666//666 667//667
f 661//661 835//835 833//833
f 833//833 659//659 661//661
f 655//655 832//832 838//838
f 838//838 684//684 655//655
f 684//684 838//838 839//839
f 839//839 686//686 684//684
f 687//687 840//840 841//841
f 841//841 691//691 687//687
f 692//692 691//691 841//841
f 841//841 842//842 692//692
f 694//694 692//692 842//842
f 842//842 843//843 694//694
f 687//687 686//686 839//839
f 839//839 840//840 687//687
f 718//718 844//844 845//845
f 845//845 719//719 718//718
f 719//719 845//845 846//846
f 846//846 721//721 719//719
f 727//727 722//722 847//847
f 847//847 848//848 727//727
f 728//728 727//727 848//848
f 848//848 849//849 728//728
f 667//667 728//728 849//849
f 849//849 837//837 667//667
f 722//722 721//721 846//846
f 846//846 847//847 722//722
f 718//718 745//745 850//850
f 850//850 844//844 718//718
f 745//745 748//748 851//851
f 851//851 850//850 745//745
f 752//752 852//852 853//853
f 853//853 749//749 752//752
f 752//752 753//753 854//854
f 854//854 852//852 752//752
f 694//694 843//843 854//854
f 854//854 753//753 694//694
f 749//749 853//853 851//851
f 851//851 748//748 749//749
f 855//855 856//856 1559//1559
f 1559//1559 1560//1560 855//855
f 857//857 855//855 1560//1560
f 1560//1560 1561//1561 857//857
f 858//858 859//859 1562//1562
f 1562//1562 1563//1563 858//858
f 860//860 858//858 1563//1563
f 1563//1563 1564//1564 860//860
f 861//861 860//860 1564//1564
f 1564//1564 1565//1565 861//861
f 859//859 1566//1566 1567//1567
f 1567//1567 1562//1562 859//859
f 856//856 862//862 1568//1568
f 1568//1568 1559//1559 856//856
f 862//862 863//863 1569//1569
f 1569//1569 1568//1568 862//862
f 864//864 865//865 1570//1570
f 1570//1570 1571//1571 864//864
f 865//865 866//866 1572//1572
f 1572//1572 1570//1570 865//865
f 866//866 867//867 1573//1573
f 1573//1573 1572//1572 866//866
f 863//863 864//864 1571//1571
f 1571//1571 1569//1569 863//863
f 868//868 869//869 1574//1574
f 1574//1574 1575//1575 868//868
f 869//869 870//870 1576//1576
f 1576//1576 1574//1574 869//869
f 871//871 872//872 1577//1577
f 1577//1577 1578//1578 871//871
f 872//872 873//873 1579//1579
f 1579//1579 1577//1577 872//872
f 873//873 861//861 1565//1565
f 1565//1565 1579//1579 873//873
f 870//870 871//871 1578//1578
f 1578//1578 1576//1576 870//870
f 874//874 868//868 1575//1575
f 1575//1575 1580//1580 874//874
f 875//875 874//874 1580//1580
f 1580//1580 1581//1581 875//875
f 876//876 877//877 1582//1582
f 1582//1582 1583//1583 876//876
f 878//878 876//876 1583//1583
f 1583//1583 1584//1584 878//878
f 867//867 878//878 1584//1584
f 1584//1584 1573//1573 867//867
f 877//877 875//875 1581//1581
f 1581//1581 1582//1582 877//877
f 1585//1585 1586//1586 1587//1587
f 1587//1587 1588//1588 1589//1589
f 1589//1589 1590//1590 1591//1591
f 1587//1587 1589//1589 1591//1591
f 1591//1591 1592//1592 1593//1593
f 1593//1593 1594//1594 1595//1595
f 1591//1591 1593//1593 1595//1595
f 1595//1595 1596//1596 1597//1597
f 1597//1597 1598//1598 1599//1599
f 1595//1595 1597//1597 1599//1599
f 1591//1591 1595//1595 1599//1599
f 1599//1599 1600//1600 1601//1601
f 1601//1601 1602//1602 1603//1603
f 1599//1599 1601//1601 1603//1603
f 1603//1603 1604//1604 1605//1605
f 1605//1605 1606//1606 1607//1607
f 1603//1603 1605//1605 1607//1607
f 1599//1599 1603//1603 1607//1607
f 1591//1591 1599//1599 1607//1607
f 1587//1587 1591//1591 1607//1607
f 1585//1585 1587//1587 1607//1607
f 1608//1608 1585//1585 1607//1607
f 659//659 660//660 671//671
f 671//671 661//661 659//659
f 661//661 671//671 662//662
f 687//687 697//697 688//688
f 691//691 690//690 697//697
f 697//697 687//687 691//691
f 749//749 757//757 750//750
f 748//748 747//747 757//757
f 757//757 749//749 748//748
f 727//727 726//726 723//723
f 723//723 722//722 727//727
f 794//794 1505//1505 1501//1501
f 1501//1501 796//796 794//794
f 1500//1500 1505//1505 794//794
f 780//780 773//773 772//772
f 772//772 775//775 780//780
f 775//775 1469//1469 780//780
f 1495//1495 1490//1490 786//786
f 786//786 784//784 1495//1495
f 784//784 1489//1489 1495//1495
f 801//801 1521//1521 1518//1518
f 1518//1518 799//799 801//801
f 1519//1519 1517//1517 798//798
f 798//798 799//799 1519//1519
f 720//720 721//721 722//722
f 722//722 724//724 720//720
# 1640 Faces

