#
# object co_culling
#

o co_culling
v -5.730232 -7.540390 15.572970
v 5.730232 -7.540390 -15.572970
v 5.730232 -7.540390 15.572970
v -5.730232 -7.540390 -15.572970
v -5.730232 7.540390 15.572970
v 5.730232 -7.540390 15.572970
v 5.730232 7.540390 15.572970
v -5.730232 -7.540390 15.572970
v -5.730232 7.540390 -15.572970
v 5.730232 7.540390 15.572970
v 5.730232 7.540390 -15.572970
v -5.730232 7.540390 15.572970
v -5.730232 -7.540390 -15.572970
v 5.730232 7.540390 -15.572970
v 5.730232 -7.540390 -15.572970
v -5.730232 7.540390 -15.572970
v 5.730232 -7.540390 15.572970
v 5.730232 7.540390 -15.572970
v 5.730232 7.540390 15.572970
v 5.730232 -7.540390 -15.572970
v -5.730232 7.540390 15.572970
v -5.730232 -7.540390 -15.572970
v -5.730232 -7.540390 15.572970
v -5.730232 7.540390 -15.572970
# 24 vertices

# 0 UVs

vn 0.000000 -1.000000 0.000000
vn 0.000000 -1.000000 0.000000
vn 0.000000 -1.000000 0.000000
vn 0.000000 -1.000000 0.000000
vn 0.000000 0.000000 1.000000
vn 0.000000 0.000000 1.000000
vn 0.000000 0.000000 1.000000
vn 0.000000 0.000000 1.000000
vn 0.000000 1.000000 0.000000
vn 0.000000 1.000000 0.000000
vn 0.000000 1.000000 0.000000
vn 0.000000 1.000000 0.000000
vn 0.000000 0.000000 -1.000000
vn 0.000000 0.000000 -1.000000
vn 0.000000 0.000000 -1.000000
vn 0.000000 0.000000 -1.000000
vn 1.000000 0.000000 0.000000
vn 1.000000 0.000000 0.000000
vn 1.000000 0.000000 0.000000
vn 1.000000 0.000000 0.000000
vn -1.000000 0.000000 0.000000
vn -1.000000 0.000000 0.000000
vn -1.000000 0.000000 0.000000
vn -1.000000 0.000000 0.000000
# 24 Normals

g co_culling
f 1//1 2//2 3//3
f 4//4 2//2 1//1
f 5//5 6//6 7//7
f 8//8 6//6 5//5
f 9//9 10//10 11//11
f 12//12 10//10 9//9
f 13//13 14//14 15//15
f 16//16 14//14 13//13
f 17//17 18//18 19//19
f 20//20 18//18 17//17
f 21//21 22//22 23//23
f 24//24 22//22 21//21
# 12 Faces

#
# object g_nozzle
#

o g_nozzle
v -1.097434 56.905110 6.942892
v -1.097434 57.875350 6.942893
v -0.758482 56.905110 6.617258
v -0.758482 57.875350 6.617259
v -0.419195 56.905110 6.450109
v -0.419195 57.875350 6.450110
v -0.002663 56.905110 6.351556
v -0.002663 57.875350 6.351558
v 0.419195 56.905110 6.450109
v 0.419195 57.875350 6.450110
v 0.758482 56.905110 6.617258
v 0.758482 57.875350 6.617259
v 1.097434 56.905110 6.942892
v 1.097434 57.875350 6.942893
v -1.097434 56.905110 8.537768
v -1.097434 57.875350 8.537768
v -1.097434 57.875350 6.942893
v -1.097434 56.905110 6.942892
v 1.097434 57.875350 8.537768
v 0.758482 56.905110 8.864070
v 1.097434 56.905110 8.537768
v 0.758482 57.875350 8.864070
v 0.419195 56.905110 9.030550
v 0.419195 57.875350 9.030551
v 0.002663 56.905110 9.128440
v 0.002663 57.875350 9.128440
v -0.419195 56.905110 9.030550
v -0.419195 57.875350 9.030551
v -0.758482 56.905110 8.864070
v -0.758482 57.875350 8.864070
v -1.097434 56.905110 8.537768
v -1.097434 57.875350 8.537768
v 1.097434 56.905110 6.942892
v 1.097434 57.875350 8.537768
v 1.097434 56.905110 8.537768
v 1.097434 57.875350 6.942893
v 0.977570 57.875350 6.994169
v 0.678239 57.944610 6.731798
v 0.977570 57.944610 6.994169
v 0.678239 57.875350 6.731798
v 0.371917 57.944610 6.582630
v 0.371917 57.875350 6.582630
v -0.002663 57.944610 6.489403
v -0.002663 57.875350 6.489403
v -0.371917 57.944610 6.582630
v -0.371917 57.875350 6.582630
v -0.678239 57.944610 6.731798
v -0.678239 57.875350 6.731798
v -0.977570 57.944610 6.994169
v -0.977570 57.875350 6.994169
v -0.977570 57.944610 8.487160
v -0.977570 57.875350 6.994169
v -0.977570 57.875350 8.487160
v -0.977570 57.944610 6.994169
v -0.678239 57.944610 8.749532
v -0.977570 57.944610 8.487160
v -0.977570 57.875350 8.487160
v -0.678239 57.875350 8.749532
v 0.977570 57.944610 6.994169
v 0.977570 57.944610 8.487160
v 0.977570 57.875350 8.487160
v 0.977570 57.875350 6.994169
v 0.977570 57.944610 8.487160
v 0.678239 57.875350 8.749532
v 0.977570 57.875350 8.487160
v 0.678239 57.944610 8.749532
v 0.371917 57.875350 8.898032
v 0.371917 57.944610 8.898032
v 0.002663 57.875350 8.991261
v 0.002663 57.944610 8.991261
v -0.371917 57.875350 8.898032
v -0.371917 57.944610 8.898032
v -0.678239 57.875350 8.749532
v -0.678239 57.944610 8.749532
v 0.407542 58.798650 8.994591
v 0.774463 57.925630 8.806801
v 0.775130 58.798650 8.807468
v 0.407211 57.925630 8.993925
v 0.002663 58.798650 9.059184
v 0.002663 57.925630 9.058519
v -0.407211 57.925630 8.993925
v -0.407542 58.798650 8.994591
v -0.774463 57.925630 8.806801
v -0.775130 58.798650 8.807468
v -1.066138 57.925630 8.515129
v -1.066803 58.798650 8.515794
v -1.254592 58.798650 8.147874
v -1.253260 57.925630 8.147540
v -1.319186 58.798650 7.741220
v -1.317854 57.925630 7.741220
v -1.253260 57.925630 7.333121
v -1.254592 58.798650 7.332788
v -1.066138 57.925630 6.965534
v -1.066803 58.798650 6.964869
v -0.774463 57.925630 6.674529
v -0.775130 58.798650 6.673193
v -0.407542 58.798650 6.486073
v -0.407211 57.925630 6.487402
v 0.002663 58.798650 6.421476
v 0.002663 57.925630 6.422810
v 0.407211 57.925630 6.487402
v 0.407542 58.798650 6.486073
v 0.774463 57.925630 6.674529
v 0.775130 58.798650 6.673193
v 1.066803 58.798650 6.964869
v 1.066138 57.925630 6.965534
v 1.254592 58.798650 7.332788
v 1.253260 57.925630 7.333121
v 1.319186 58.798650 7.741220
v 1.317854 57.925630 7.741220
v 1.253260 57.925630 8.147540
v 1.254592 58.798650 8.147874
v 1.066138 57.925630 8.515129
v 1.066803 58.798650 8.515794
v 0.774463 57.925630 8.806801
v 0.775130 58.798650 8.807468
v 0.791779 58.798650 6.650555
v 0.791779 58.975790 6.650555
v 1.089445 58.798650 6.948885
v 1.089445 58.975790 6.948885
v 1.281229 58.798650 7.324131
v 1.281229 58.975790 7.324131
v 1.347154 58.798650 7.741220
v 1.347154 58.975790 7.741220
v 1.281229 58.798650 8.156530
v 1.281229 58.975790 8.156530
v 1.089445 58.798650 8.532442
v 1.089445 58.975790 8.532442
v 0.791779 58.798650 8.830108
v 0.791779 58.975790 8.830108
v 0.791779 58.798650 6.650555
v 0.416199 58.975790 6.459434
v 0.791779 58.975790 6.650555
v 0.416199 58.798650 6.459434
v 0.002663 58.798650 6.393508
v 0.002663 58.975790 6.393508
v -0.416199 58.798650 6.459434
v -0.416199 58.975790 6.459434
v -0.791779 58.798650 6.650555
v -0.791779 58.975790 6.650555
v -1.089445 58.975790 6.948885
v -1.089445 58.798650 6.948885
v -1.089445 58.798650 6.948885
v -1.281229 58.975790 7.324131
v -1.089445 58.975790 6.948885
v -1.281229 58.798650 7.324131
v -1.347154 58.975790 7.741220
v -1.347154 58.798650 7.741220
v -1.281229 58.975790 8.156530
v -1.281229 58.798650 8.156530
v -1.089445 58.975790 8.532442
v -1.089445 58.798650 8.532442
v -0.791779 58.975790 8.830108
v -0.791779 58.798650 8.830108
v -0.416199 58.975790 9.021227
v -0.791779 58.975790 8.830108
v -0.791779 58.798650 8.830108
v -0.416199 58.798650 9.021227
v 0.002663 58.975790 9.087153
v 0.002663 58.798650 9.087153
v 0.416199 58.975790 9.021227
v 0.416199 58.798650 9.021227
v 0.791779 58.975790 8.830108
v 0.791779 58.798650 8.830108
v -0.971576 60.512730 7.158986
v -0.897661 60.664560 7.010817
v -0.926961 60.568670 7.068419
v -1.064139 60.512730 7.340781
v -0.880345 60.856350 6.980185
v -1.064139 61.207950 7.340782
v -0.897661 61.048130 7.010817
v -0.926961 61.144020 7.068419
v -0.971576 61.207950 7.158986
v -1.128069 61.207950 7.741222
v -1.128069 60.512730 7.741222
v -1.064139 61.207950 8.140217
v -1.064139 60.512730 8.140216
v -0.880345 60.856350 8.501144
v -0.897661 60.664560 8.469848
v -0.971576 60.512730 8.322012
v -0.897661 61.048130 8.469849
v -0.926961 60.568670 8.412580
v -0.926961 61.144020 8.412580
v -0.971576 61.207950 8.322013
v -1.046826 60.856350 6.980185
v -1.063475 60.664560 7.010817
v -0.897661 60.664560 7.010817
v -0.880345 60.856350 6.980185
v -0.897661 61.048130 7.010817
v -1.063475 61.048130 7.010817
v -0.897661 60.664560 7.010817
v -1.063475 60.664560 7.010817
v -0.926961 60.568670 7.068419
v -1.092775 60.568670 7.068419
v -0.971576 60.512730 7.158986
v -1.138057 60.512730 7.158986
v -1.064139 60.512730 7.340781
v -1.230620 60.512730 7.340781
v -1.128069 60.512730 7.741222
v -1.293882 60.512730 7.741222
v -1.230620 60.512730 8.140216
v -1.064139 60.512730 8.140216
v -1.138057 60.512730 8.322012
v -0.971576 60.512730 8.322012
v -1.092775 60.568670 8.412580
v -0.926961 60.568670 8.412580
v -1.063475 60.664560 8.469848
v -0.897661 60.664560 8.469848
v -0.926961 61.144020 7.068419
v -1.063475 61.048130 7.010817
v -0.897661 61.048130 7.010817
v -1.092775 61.144020 7.068419
v -0.971576 61.207950 7.158986
v -1.138057 61.207950 7.158986
v -1.064139 61.207950 7.340782
v -1.230620 61.207950 7.340782
v -1.128069 61.207950 7.741222
v -1.293882 61.207950 7.741222
v -1.230620 61.207950 8.140217
v -1.064139 61.207950 8.140217
v -1.138057 61.207950 8.322013
v -0.971576 61.207950 8.322013
v -1.092775 61.144020 8.412580
v -0.926961 61.144020 8.412580
v -1.063475 61.048130 8.469849
v -0.897661 61.048130 8.469849
v -1.046826 60.856350 8.501144
v -0.897661 60.664560 8.469848
v -1.063475 60.664560 8.469848
v -0.880345 60.856350 8.501144
v -0.897661 61.048130 8.469849
v -1.063475 61.048130 8.469849
v -0.399886 58.975790 8.970618
v -0.760480 63.988830 8.786827
v -0.760480 58.975790 8.786824
v -0.399886 63.988830 8.970622
v 0.002663 58.975790 9.033879
v 0.002663 63.988830 9.033882
v 0.399886 58.975790 8.970618
v 0.399886 63.988830 8.970622
v 0.760480 58.975790 8.786824
v 0.760480 63.988830 8.786827
v 1.046826 61.418380 8.501145
v 1.046826 60.856350 8.501144
v 1.046826 60.512730 8.501144
v 1.046826 58.975790 8.501143
v 1.046826 61.980420 8.501146
v 1.046826 62.537120 8.501146
v 1.046826 63.093830 8.501146
v 1.046826 63.445440 8.501146
v 1.046826 63.988830 8.501146
v -1.064139 62.742230 7.340783
v -0.926961 62.806160 7.068419
v -0.971576 62.742230 7.158987
v -0.897661 62.902050 7.010819
v -0.880345 63.093830 6.980185
v -1.064139 63.445440 7.340784
v -0.897661 63.285620 7.010819
v -1.128069 63.445440 7.741223
v -1.128069 62.742230 7.741222
v -0.926961 63.381510 7.068420
v -0.971576 63.445440 7.158988
v -1.064139 63.445440 8.140219
v -1.064139 62.742230 8.140219
v -0.880345 63.093830 8.501146
v -0.897661 63.285620 8.469850
v -0.926961 63.381510 8.412581
v -0.971576 63.445440 8.322014
v -0.897661 62.902050 8.469850
v -0.926961 62.806160 8.412581
v -0.971576 62.742230 8.322014
v -1.046826 63.445440 6.980186
v -1.046826 63.988830 6.980186
v -0.760480 63.988830 6.693841
v -1.046826 63.093830 6.980185
v -1.046826 62.537120 6.980185
v -1.046826 61.980420 6.980185
v -1.046826 61.418380 6.980185
v -0.760480 58.975790 6.693839
v -1.046826 60.856350 6.980185
v -0.399886 58.975790 6.510046
v -0.399886 63.988830 6.510048
v -1.046826 60.512730 6.980185
v -1.046826 58.975790 6.980184
v 0.002663 58.975790 6.446784
v 0.002663 63.988830 6.446785
v 0.399886 58.975790 6.510046
v 0.399886 63.988830 6.510048
v 0.760480 63.988830 6.693841
v 0.760480 58.975790 6.693839
v 1.046826 61.418380 6.980185
v 1.046826 60.856350 6.980185
v 1.046826 60.512730 6.980185
v 1.046826 58.975790 6.980184
v 1.046826 61.980420 6.980185
v 1.046826 62.537120 6.980185
v 1.046826 63.093830 6.980185
v 1.046826 63.445440 6.980186
v 1.046826 63.988830 6.980186
v -1.046826 63.093830 6.980185
v -1.063475 62.902050 7.010819
v -0.897661 62.902050 7.010819
v 1.092775 62.806160 8.412581
v 1.138057 62.742230 8.322014
v 0.957593 62.742230 8.322014
v 1.050156 62.742230 8.140219
v 1.230620 62.742230 8.140219
v 1.113419 62.742230 7.741222
v 1.293882 62.742230 7.741222
v 1.230620 62.742230 7.340783
v 1.050156 62.742230 7.340783
v 1.138057 62.742230 7.158987
v 0.957593 62.742230 7.158987
v 1.092775 62.806160 7.068419
v 0.912311 62.806160 7.068419
v 1.063475 62.902050 7.010819
v 0.883010 62.902050 7.010819
v 0.912311 63.381510 8.412581
v 1.063475 63.285620 8.469850
v 0.883010 63.285620 8.469850
v 1.092775 63.381510 8.412581
v 0.957593 63.445440 8.322014
v 1.138057 63.445440 8.322014
v 1.050156 63.445440 8.140219
v 1.230620 63.445440 8.140219
v 1.113419 63.445440 7.741223
v 1.293882 63.445440 7.741223
v 1.230620 63.445440 7.340784
v 1.050156 63.445440 7.340784
v 1.138057 63.445440 7.158988
v 0.957593 63.445440 7.158988
v 1.092775 63.381510 7.068420
v 0.912311 63.381510 7.068420
v 1.063475 63.285620 7.010819
v 0.883010 63.285620 7.010819
v 1.046826 63.093830 6.980185
v 0.883010 62.902050 7.010819
v 1.063475 62.902050 7.010819
v 0.866362 63.093830 6.980185
v 0.883010 63.285620 7.010819
v 1.063475 63.285620 7.010819
v 0.912311 62.268090 8.412581
v 1.050156 62.332020 8.140218
v 0.957593 62.332020 8.322014
v 0.883010 62.172200 8.469850
v 0.866362 61.980420 8.501146
v 1.050156 61.628810 8.140217
v 1.113419 62.332020 7.741222
v 0.883010 61.788630 8.469849
v 0.912311 61.695400 8.412580
v 0.957593 61.628810 8.322013
v 1.113419 61.628810 7.741222
v 1.050156 62.332020 7.340782
v 1.050156 61.628810 7.340782
v 0.866362 61.980420 6.980185
v 0.883010 62.172200 7.010819
v 0.912311 62.268090 7.068419
v 0.957593 62.332020 7.158986
v 0.883010 61.788630 7.010819
v 0.912311 61.695400 7.068419
v 0.957593 61.628810 7.158986
v 0.883010 61.788630 8.469849
v 1.046826 61.980420 8.501146
v 1.063475 61.788630 8.469849
v 0.866362 61.980420 8.501146
v 0.883010 62.172200 8.469850
v 1.063475 62.172200 8.469850
v 1.063475 61.788630 8.469849
v 0.912311 61.695400 8.412580
v 0.883010 61.788630 8.469849
v 1.092775 61.695400 8.412580
v 0.957593 61.628810 8.322013
v 1.138057 61.628810 8.322013
v 1.050156 61.628810 8.140217
v 1.230620 61.628810 8.140217
v 1.113419 61.628810 7.741222
v 1.293882 61.628810 7.741222
v 1.230620 61.628810 7.340782
v 1.050156 61.628810 7.340782
v 1.138057 61.628810 7.158986
v 0.957593 61.628810 7.158986
v 1.092775 61.695400 7.068419
v 0.912311 61.695400 7.068419
v 1.063475 61.788630 7.010819
v 0.883010 61.788630 7.010819
v 0.912311 62.268090 8.412581
v 1.063475 62.172200 8.469850
v 0.883010 62.172200 8.469850
v 1.092775 62.268090 8.412581
v 0.957593 62.332020 8.322014
v 1.138057 62.332020 8.322014
v 1.050156 62.332020 8.140218
v 1.230620 62.332020 8.140218
v 1.113419 62.332020 7.741222
v 1.293882 62.332020 7.741222
v 1.230620 62.332020 7.340782
v 1.050156 62.332020 7.340782
v 1.138057 62.332020 7.158986
v 0.957593 62.332020 7.158986
v 1.092775 62.268090 7.068419
v 0.912311 62.268090 7.068419
v 1.063475 62.172200 7.010819
v 0.883010 62.172200 7.010819
v 1.046826 61.980420 6.980185
v 0.883010 61.788630 7.010819
v 1.063475 61.788630 7.010819
v 0.866362 61.980420 6.980185
v 0.883010 62.172200 7.010819
v 1.063475 62.172200 7.010819
v -0.634622 64.026120 6.687850
v -0.760480 63.988830 6.693841
v -0.729848 64.026120 6.736461
v -0.399886 63.988830 6.510048
v -0.383570 64.026120 6.559992
v -0.337456 64.026120 6.552669
v 0.002663 63.988830 6.446785
v 0.002663 64.026120 6.499393
v 0.328964 64.026120 6.559992
v 0.399886 63.988830 6.510048
v -1.004207 64.026120 7.010819
v -0.760480 63.988830 6.693841
v -1.046826 63.988830 6.980186
v -0.729848 64.026120 6.736461
v -1.046826 63.988830 6.980186
v -1.180676 64.026120 7.356764
v -1.004207 64.026120 7.010819
v -1.230620 63.988830 7.340784
v -1.293882 63.988830 7.741223
v -1.241273 64.026120 7.741223
v -1.200653 64.026120 8.026681
v -1.230620 63.988830 8.140219
v -1.180676 64.026120 8.123903
v -1.004207 64.026120 8.469850
v -1.046826 63.988830 8.501146
v -0.803099 64.026120 8.660970
v -1.004207 64.026120 8.469850
v -1.046826 63.988830 8.501146
v -0.760480 63.988830 8.786827
v -0.534401 64.026120 8.844097
v -0.399886 63.988830 8.970622
v -0.383570 64.026120 8.921343
v 0.002663 64.026120 8.981941
v -0.383570 64.026120 8.921343
v -0.399886 63.988830 8.970622
v 0.002663 63.988830 9.033882
v 0.383570 64.026120 8.921343
v 0.399886 63.988830 8.970622
v 0.684566 64.026120 8.767515
v 0.760480 63.988830 8.786827
v 0.886338 64.026120 8.587716
v 1.046826 63.988830 8.501146
v 1.004207 64.026120 8.469850
v 0.760480 63.988830 8.786827
v 0.684566 64.026120 8.767515
v 1.230620 63.988830 8.140219
v 1.004207 64.026120 8.469850
v 1.046826 63.988830 8.501146
v 1.180676 64.026120 8.123903
v 1.208645 64.026120 7.996213
v 1.293882 63.988830 7.741223
v 1.241273 64.026120 7.741223
v 1.230620 63.988830 7.340784
v 1.180676 64.026120 7.356764
v 1.046826 63.988830 6.980186
v 1.004207 64.026120 7.010819
v 0.760480 63.988830 6.693841
v 1.004207 64.026120 7.010819
v 1.046826 63.988830 6.980186
v 0.729848 64.026120 6.736461
v 0.614312 64.026120 6.677195
v 0.399886 63.988830 6.510048
v 0.328964 64.026120 6.559992
v 0.031986 64.020790 7.783412
v 0.002663 64.026120 6.499393
v -0.239732 64.026120 6.928912
v -0.337456 64.026120 6.552669
v -0.383570 64.026120 6.559992
v -0.283183 64.026120 7.540226
v 0.031986 64.020790 7.783412
v -0.239732 64.026120 6.928912
v -0.864363 64.026120 7.943274
v 0.031986 64.020790 7.783412
v -0.283183 64.026120 7.540226
v -1.180676 64.026120 8.123903
v -1.200653 64.026120 8.026681
v -1.180676 64.026120 8.123903
v -1.004207 64.026120 8.469850
v 0.031986 64.020790 7.783412
v 0.024639 64.542880 8.154535
v -0.538062 64.548200 8.431893
v 0.023766 64.537540 8.413246
v -0.428186 64.542880 8.613022
v -0.757817 64.452310 8.710246
v -0.575021 64.457630 8.824118
v -0.534401 64.026120 8.844097
v -0.383570 64.026120 8.921343
v -0.418531 64.026120 8.690269
v 0.002663 64.026120 8.981941
v 0.002663 64.026120 8.513801
v 0.383570 64.026120 8.921343
v 0.469139 64.026120 8.626340
v 0.684566 64.026120 8.767515
v 1.004207 64.026120 8.469850
v 1.180676 64.026120 8.123903
v 0.031986 64.020790 7.783412
v 0.031986 64.020790 7.783412
v 1.180676 64.026120 8.123903
v 0.807761 64.020790 7.932951
v 1.208645 64.026120 7.996213
v 1.241273 64.026120 7.741223
v 1.180676 64.026120 7.356764
v 0.978901 64.026120 7.676866
v 0.652934 64.026120 7.369418
v 1.180676 64.026120 7.356764
v 1.004207 64.026120 7.010819
v 0.978901 64.026120 7.676866
v 0.520417 64.036770 6.911596
v 0.729848 64.026120 6.736461
v 0.614312 64.026120 6.677195
v 1.004207 64.026120 7.010819
v 0.652934 64.026120 7.369418
v -0.634622 64.026120 6.687850
v -0.729848 64.026120 6.736461
v -0.568696 64.026120 6.935572
v -0.729848 64.026120 6.736461
v -1.004207 64.026120 7.010819
v -0.568696 64.026120 6.935572
v -0.655930 64.031450 7.364423
v -1.180676 64.026120 7.356764
v -0.655930 64.031450 7.364423
v -1.004207 64.026120 7.010819
v -0.980233 64.026120 7.669041
v -1.241273 64.026120 7.741223
v -0.360928 64.537540 7.520579
v -0.321639 64.532220 6.902277
v -0.573025 64.548200 7.401381
v -0.518752 64.542880 6.909602
v -0.423193 64.478940 6.630579
v -0.609981 64.478940 6.673863
v -0.573025 64.548200 7.401381
v -0.891000 64.537540 7.894660
v -0.360928 64.537540 7.520579
v -0.986226 64.548200 7.732732
v -1.199321 64.425670 7.970745
v -1.241273 64.436330 7.763102
v -0.634622 64.026120 6.687850
v -0.423193 64.478940 6.630579
v -0.383570 64.026120 6.559992
v -0.609981 64.478940 6.673863
v -0.568696 64.026120 6.935572
v -0.609981 64.478940 6.673863
v -0.634622 64.026120 6.687850
v -0.518752 64.542880 6.909602
v -0.655930 64.031450 7.364423
v -0.573025 64.548200 7.401381
v -0.986226 64.548200 7.732732
v -0.980233 64.026120 7.669041
v -0.239732 64.026120 6.928912
v -0.423193 64.478940 6.630579
v -0.321639 64.532220 6.902277
v -0.383570 64.026120 6.559992
v -0.360928 64.537540 7.520579
v -0.239732 64.026120 6.928912
v -0.321639 64.532220 6.902277
v -0.283183 64.026120 7.540226
v -0.980233 64.026120 7.669041
v -1.241273 64.436330 7.763102
v -0.986226 64.548200 7.732732
v -1.241273 64.026120 7.741223
v -1.200653 64.026120 8.026681
v -1.199321 64.425670 7.970745
v -1.241273 64.026120 7.741223
v -1.241273 64.436330 7.763102
v -1.199321 64.425670 7.970745
v -0.864363 64.026120 7.943274
v -0.891000 64.537540 7.894660
v -1.200653 64.026120 8.026681
v -0.891000 64.537540 7.894660
v -0.864363 64.026120 7.943274
v -0.360928 64.537540 7.520579
v -0.283183 64.026120 7.540226
v 0.252050 64.026120 6.872310
v 0.031986 64.020790 7.783412
v 0.276523 64.026120 7.622132
v 0.002663 64.026120 6.499393
v 0.328964 64.026120 6.559992
v 0.276523 64.026120 7.622132
v 0.031986 64.020790 7.783412
v 0.807761 64.020790 7.932951
v 0.891000 64.548200 7.878846
v 1.211973 64.478940 7.940775
v 1.245270 64.478940 7.749732
v 0.912976 64.558850 7.694822
v 0.374247 64.553530 7.519749
v 0.583678 64.564190 7.409707
v 0.583678 64.564190 7.409707
v 0.308654 64.537540 6.901608
v 0.374247 64.553530 7.519749
v 0.500438 64.537540 6.896946
v 0.413204 64.473620 6.573310
v 0.587008 64.468290 6.651888
v 0.631959 64.026120 8.339994
v 0.031986 64.020790 7.783412
v 0.012860 64.026120 8.041997
v 1.004207 64.026120 8.469850
v 0.886338 64.026120 8.587716
v -1.004207 64.026120 8.469850
v -0.803099 64.026120 8.660970
v -0.617309 64.026120 8.381616
v 0.031986 64.020790 7.783412
v 0.012860 64.026120 8.041997
v 0.828405 64.473620 8.642323
v 0.504767 64.548200 8.569071
v 0.684566 64.478940 8.767515
v 0.601991 64.548200 8.410916
v 0.023766 64.537540 8.413246
v 0.024639 64.542880 8.154535
v -0.803099 64.026120 8.660970
v -0.757817 64.452310 8.710246
v -0.617309 64.026120 8.381616
v -0.538062 64.548200 8.431893
v 0.684566 64.478940 8.767515
v 0.684566 64.026120 8.767515
v 0.828405 64.473620 8.642323
v 0.886338 64.026120 8.587716
v 0.631959 64.026120 8.339994
v 0.828405 64.473620 8.642323
v 0.886338 64.026120 8.587716
v 0.601991 64.548200 8.410916
v 0.012860 64.026120 8.041997
v 0.601991 64.548200 8.410916
v 0.631959 64.026120 8.339994
v 0.024639 64.542880 8.154535
v 0.684566 64.478940 8.767515
v 0.469139 64.026120 8.626340
v 0.684566 64.026120 8.767515
v 0.504767 64.548200 8.569071
v 0.023766 64.537540 8.413246
v 0.002663 64.026120 8.513801
v -0.428186 64.542880 8.613022
v -0.418531 64.026120 8.690269
v -0.575021 64.457630 8.824118
v -0.534401 64.026120 8.844097
v 0.012860 64.026120 8.041997
v -0.617309 64.026120 8.381616
v -0.538062 64.548200 8.431893
v 0.024639 64.542880 8.154535
v -0.757817 64.452310 8.710246
v -0.534401 64.026120 8.844097
v -0.575021 64.457630 8.824118
v -0.803099 64.026120 8.660970
v 1.211973 64.478940 7.940775
v 1.241273 64.026120 7.741223
v 1.245270 64.478940 7.749732
v 1.208645 64.026120 7.996213
v 0.978901 64.026120 7.676866
v 1.245270 64.478940 7.749732
v 1.241273 64.026120 7.741223
v 0.912976 64.558850 7.694822
v 0.652934 64.026120 7.369418
v 0.583678 64.564190 7.409707
v 0.891000 64.548200 7.878846
v 0.807761 64.020790 7.932951
v 1.211973 64.478940 7.940775
v 1.208645 64.026120 7.996213
v 0.374247 64.553530 7.519749
v 0.807761 64.020790 7.932951
v 0.891000 64.548200 7.878846
v 0.276523 64.026120 7.622132
v 0.652934 64.026120 7.369418
v 0.500438 64.537540 6.896946
v 0.583678 64.564190 7.409707
v 0.520417 64.036770 6.911596
v 0.587008 64.468290 6.651888
v 0.614312 64.026120 6.677195
v 0.328964 64.026120 6.559992
v 0.413204 64.473620 6.573310
v 0.614312 64.026120 6.677195
v -0.880345 63.093830 6.980185
v -0.897661 63.285620 7.010819
v -1.063475 63.285620 7.010819
v -0.897661 62.902050 7.010819
v -1.063475 62.902050 7.010819
v -0.926961 62.806160 7.068419
v -1.092775 62.806160 7.068419
v -0.971576 62.742230 7.158987
v -1.138057 62.742230 7.158987
v -1.064139 62.742230 7.340783
v -1.230620 62.742230 7.340783
v -1.128069 62.742230 7.741222
v -1.293882 62.742230 7.741222
v -1.230620 62.742230 8.140219
v -1.064139 62.742230 8.140219
v -1.138057 62.742230 8.322014
v -0.971576 62.742230 8.322014
v -1.092775 62.806160 8.412581
v -0.926961 62.806160 8.412581
v -1.063475 62.902050 8.469850
v -0.897661 62.902050 8.469850
v -0.926961 63.381510 7.068420
v -1.063475 63.285620 7.010819
v -0.897661 63.285620 7.010819
v -1.092775 63.381510 7.068420
v -0.971576 63.445440 7.158988
v -1.138057 63.445440 7.158988
v -1.064139 63.445440 7.340784
v -1.230620 63.445440 7.340784
v -1.128069 63.445440 7.741223
v -1.293882 63.445440 7.741223
v -1.230620 63.445440 8.140219
v -1.064139 63.445440 8.140219
v -1.138057 63.445440 8.322014
v -0.971576 63.445440 8.322014
v -1.092775 63.381510 8.412581
v -0.926961 63.381510 8.412581
v -1.063475 63.285620 8.469850
v -0.897661 63.285620 8.469850
v -1.046826 63.093830 8.501146
v -0.897661 62.902050 8.469850
v -1.063475 62.902050 8.469850
v -0.880345 63.093830 8.501146
v -0.897661 63.285620 8.469850
v -1.063475 63.285620 8.469850
v -1.064139 61.628810 7.340782
v -0.926961 61.695400 7.068419
v -0.971576 61.628810 7.158986
v -0.897661 61.788630 7.010819
v -0.880345 61.980420 6.980185
v -1.064139 62.332020 7.340782
v -0.897661 62.172200 7.010819
v -1.128069 62.332020 7.741222
v -1.128069 61.628810 7.741222
v -0.926961 62.268090 7.068419
v -0.971576 62.332020 7.158986
v -1.064139 62.332020 8.140218
v -1.064139 61.628810 8.140217
v -0.880345 61.980420 8.501146
v -0.897661 62.172200 8.469850
v -0.926961 62.268090 8.412581
v -0.971576 62.332020 8.322014
v -0.897661 61.788630 8.469849
v -0.926961 61.695400 8.412580
v -0.971576 61.628810 8.322013
v -1.046826 61.980420 6.980185
v -1.063475 61.788630 7.010819
v -0.897661 61.788630 7.010819
v -0.880345 61.980420 6.980185
v -0.897661 62.172200 7.010819
v -1.063475 62.172200 7.010819
v -0.897661 61.788630 7.010819
v -1.063475 61.788630 7.010819
v -0.926961 61.695400 7.068419
v -1.092775 61.695400 7.068419
v -0.971576 61.628810 7.158986
v -1.138057 61.628810 7.158986
v -1.064139 61.628810 7.340782
v -1.230620 61.628810 7.340782
v -1.128069 61.628810 7.741222
v -1.293882 61.628810 7.741222
v -1.230620 61.628810 8.140217
v -1.064139 61.628810 8.140217
v -1.138057 61.628810 8.322013
v -0.971576 61.628810 8.322013
v -1.092775 61.695400 8.412580
v -0.926961 61.695400 8.412580
v -1.063475 61.788630 8.469849
v -0.897661 61.788630 8.469849
v -0.926961 62.268090 7.068419
v -1.063475 62.172200 7.010819
v -0.897661 62.172200 7.010819
v -1.092775 62.268090 7.068419
v -0.971576 62.332020 7.158986
v -1.138057 62.332020 7.158986
v -1.064139 62.332020 7.340782
v -1.230620 62.332020 7.340782
v -1.128069 62.332020 7.741222
v -1.293882 62.332020 7.741222
v -1.230620 62.332020 8.140218
v -1.064139 62.332020 8.140218
v -1.138057 62.332020 8.322014
v -0.971576 62.332020 8.322014
v -1.092775 62.268090 8.412581
v -0.926961 62.268090 8.412581
v -1.063475 62.172200 8.469850
v -0.897661 62.172200 8.469850
v -1.046826 61.980420 8.501146
v -0.897661 61.788630 8.469849
v -1.063475 61.788630 8.469849
v -0.880345 61.980420 8.501146
v -0.897661 62.172200 8.469850
v -1.063475 62.172200 8.469850
v 1.063475 60.664560 7.010817
v 1.046826 60.512730 6.980185
v 1.046826 60.856350 6.980185
v 1.092775 60.568670 7.068419
v 1.138057 60.512730 7.158986
v 1.046826 58.975790 6.980184
v 1.230620 58.975790 7.340781
v 1.230620 60.512730 7.340781
v 1.293882 60.512730 7.741222
v 1.293882 58.975790 7.741220
v 1.230620 60.512730 8.140216
v 1.230620 58.975790 8.140216
v 1.138057 60.512730 8.322012
v 1.046826 58.975790 8.501143
v 1.046826 60.512730 8.501144
v 1.092775 60.568670 8.412580
v 1.063475 60.664560 8.469848
v 1.046826 60.856350 8.501144
v 1.046826 61.418380 8.501145
v 1.046826 60.856350 8.501144
v 1.063475 61.048130 8.469849
v 1.092775 61.144020 8.412580
v 1.138057 61.207950 8.322013
v 1.138057 61.628810 8.322013
v 1.230620 61.207950 8.140217
v 1.092775 61.695400 8.412580
v 1.063475 61.788630 8.469849
v 1.046826 61.980420 8.501146
v 1.230620 61.628810 8.140217
v 1.293882 61.207950 7.741222
v 1.293882 61.628810 7.741222
v 1.230620 61.207950 7.340782
v 1.230620 61.628810 7.340782
v 1.138057 61.628810 7.158986
v 1.138057 61.207950 7.158986
v 1.046826 61.418380 6.980185
v 1.092775 61.695400 7.068419
v 1.092775 61.144020 7.068419
v 1.063475 61.788630 7.010819
v 1.063475 61.048130 7.010817
v 1.046826 61.980420 6.980185
v 1.046826 60.856350 6.980185
v 0.912311 61.144020 8.412580
v 1.050156 61.207950 8.140217
v 0.957593 61.207950 8.322013
v 0.883010 61.048130 8.469849
v 0.866362 60.856350 8.501144
v 1.050156 60.512730 8.140216
v 1.113419 61.207950 7.741222
v 0.883010 60.664560 8.469848
v 1.113419 60.512730 7.741222
v 0.957593 60.512730 8.322012
v 1.050156 61.207950 7.340782
v 0.912311 60.568670 8.412580
v 1.050156 60.512730 7.340781
v 0.866362 60.856350 6.980185
v 0.883010 60.664560 7.010817
v 0.957593 60.512730 7.158986
v 0.883010 61.048130 7.010817
v 0.912311 60.568670 7.068419
v 0.912311 61.144020 7.068419
v 0.957593 61.207950 7.158986
v 0.883010 60.664560 8.469848
v 1.046826 60.856350 8.501144
v 1.063475 60.664560 8.469848
v 0.866362 60.856350 8.501144
v 0.883010 61.048130 8.469849
v 1.063475 61.048130 8.469849
v 1.063475 60.664560 8.469848
v 0.912311 60.568670 8.412580
v 0.883010 60.664560 8.469848
v 1.092775 60.568670 8.412580
v 0.957593 60.512730 8.322012
v 1.138057 60.512730 8.322012
v 1.050156 60.512730 8.140216
v 1.230620 60.512730 8.140216
v 1.113419 60.512730 7.741222
v 1.293882 60.512730 7.741222
v 1.230620 60.512730 7.340781
v 1.050156 60.512730 7.340781
v 1.138057 60.512730 7.158986
v 0.957593 60.512730 7.158986
v 1.092775 60.568670 7.068419
v 0.912311 60.568670 7.068419
v 1.063475 60.664560 7.010817
v 0.883010 60.664560 7.010817
v 0.912311 61.144020 8.412580
v 1.063475 61.048130 8.469849
v 0.883010 61.048130 8.469849
v 1.092775 61.144020 8.412580
v 0.957593 61.207950 8.322013
v 1.138057 61.207950 8.322013
v 1.050156 61.207950 8.140217
v 1.230620 61.207950 8.140217
v 1.113419 61.207950 7.741222
v 1.293882 61.207950 7.741222
v 1.230620 61.207950 7.340782
v 1.050156 61.207950 7.340782
v 1.138057 61.207950 7.158986
v 0.957593 61.207950 7.158986
v 1.092775 61.144020 7.068419
v 0.912311 61.144020 7.068419
v 1.063475 61.048130 7.010817
v 0.883010 61.048130 7.010817
v 1.046826 60.856350 6.980185
v 0.883010 60.664560 7.010817
v 1.063475 60.664560 7.010817
v 0.866362 60.856350 6.980185
v 0.883010 61.048130 7.010817
v 1.063475 61.048130 7.010817
v 1.063475 62.902050 7.010819
v 1.046826 62.537120 6.980185
v 1.046826 63.093830 6.980185
v 1.092775 62.806160 7.068419
v 1.138057 62.742230 7.158987
v 1.138057 62.332020 7.158986
v 1.230620 62.332020 7.340782
v 1.230620 62.742230 7.340783
v 1.092775 62.268090 7.068419
v 1.063475 62.172200 7.010819
v 1.046826 61.980420 6.980185
v 1.293882 62.332020 7.741222
v 1.293882 62.742230 7.741222
v 1.230620 62.332020 8.140218
v 1.230620 62.742230 8.140219
v 1.138057 62.332020 8.322014
v 1.138057 62.742230 8.322014
v 1.046826 62.537120 8.501146
v 1.092775 62.268090 8.412581
v 1.092775 62.806160 8.412581
v 1.063475 62.172200 8.469850
v 1.063475 62.902050 8.469850
v 1.046826 61.980420 8.501146
v 1.046826 63.093830 8.501146
v 1.046826 63.445440 8.501146
v 1.046826 63.093830 8.501146
v 1.063475 63.285620 8.469850
v 1.092775 63.381510 8.412581
v 1.138057 63.445440 8.322014
v 1.046826 63.988830 8.501146
v 1.230620 63.988830 8.140219
v 1.230620 63.445440 8.140219
v 1.293882 63.988830 7.741223
v 1.293882 63.445440 7.741223
v 1.230620 63.988830 7.340784
v 1.230620 63.445440 7.340784
v 1.138057 63.445440 7.158988
v 1.046826 63.988830 6.980186
v 1.046826 63.445440 6.980186
v 1.092775 63.381510 7.068420
v 1.063475 63.285620 7.010819
v 1.046826 63.093830 6.980185
v 0.912311 63.381510 8.412581
v 1.050156 63.445440 8.140219
v 0.957593 63.445440 8.322014
v 0.883010 63.285620 8.469850
v 0.866362 63.093830 8.501146
v 1.050156 62.742230 8.140219
v 1.113419 63.445440 7.741223
v 0.883010 62.902050 8.469850
v 0.912311 62.806160 8.412581
v 0.957593 62.742230 8.322014
v 1.113419 62.742230 7.741222
v 1.050156 63.445440 7.340784
v 1.050156 62.742230 7.340783
v 0.866362 63.093830 6.980185
v 0.883010 63.285620 7.010819
v 0.912311 63.381510 7.068420
v 0.957593 63.445440 7.158988
v 0.883010 62.902050 7.010819
v 0.912311 62.806160 7.068419
v 0.957593 62.742230 7.158987
v 0.883010 62.902050 8.469850
v 1.046826 63.093830 8.501146
v 1.063475 62.902050 8.469850
v 0.866362 63.093830 8.501146
v 0.883010 63.285620 8.469850
v 1.063475 63.285620 8.469850
v 1.063475 62.902050 8.469850
v 0.912311 62.806160 8.412581
v 0.883010 62.902050 8.469850
v 0.587008 64.468290 6.651888
v 0.252050 64.026120 6.872310
v 0.413204 64.473620 6.573310
v 0.328964 64.026120 6.559992
v 0.308654 64.537540 6.901608
v 0.276523 64.026120 7.622132
v 0.374247 64.553530 7.519749
v 0.252050 64.026120 6.872310
v 0.308654 64.537540 6.901608
v 0.002663 56.905110 7.741219
v 0.758482 56.905110 6.617258
v 1.097434 56.905110 6.942892
v 0.419195 56.905110 6.450109
v 1.097434 56.905110 8.537768
v -0.002663 56.905110 6.351556
v 0.758482 56.905110 8.864070
v -0.419195 56.905110 6.450109
v 0.419195 56.905110 9.030550
v -0.758482 56.905110 6.617258
v 0.002663 56.905110 9.128440
v -1.097434 56.905110 6.942892
v -0.419195 56.905110 9.030550
v -1.097434 56.905110 8.537768
v -0.758482 56.905110 8.864070
v 0.758482 57.875350 6.617259
v 0.977570 57.875350 6.994169
v 1.097434 57.875350 6.942893
v 1.097434 57.875350 8.537768
v 0.678239 57.875350 6.731798
v 0.419195 57.875350 6.450110
v 0.977570 57.875350 8.487160
v 0.758482 57.875350 8.864070
v 0.371917 57.875350 6.582630
v 0.678239 57.875350 8.749532
v 0.419195 57.875350 9.030551
v -0.002663 57.875350 6.489403
v -0.002663 57.875350 6.351558
v 0.371917 57.875350 8.898032
v -0.419195 57.875350 6.450110
v -0.371917 57.875350 6.582630
v 0.002663 57.875350 8.991261
v 0.002663 57.875350 9.128440
v -0.678239 57.875350 6.731798
v -0.758482 57.875350 6.617259
v -0.419195 57.875350 9.030551
v -0.371917 57.875350 8.898032
v -0.977570 57.875350 6.994169
v -1.097434 57.875350 6.942893
v -0.678239 57.875350 8.749532
v -0.758482 57.875350 8.864070
v -0.977570 57.875350 8.487160
v -1.097434 57.875350 8.537768
v 1.066138 57.925630 6.965534
v 1.253260 57.925630 7.333121
v 0.002663 57.925630 7.741220
v 0.774463 57.925630 6.674529
v 1.317854 57.925630 7.741220
v 0.407211 57.925630 6.487402
v 1.253260 57.925630 8.147540
v 0.002663 57.925630 6.422810
v 1.066138 57.925630 8.515129
v -0.407211 57.925630 6.487402
v 0.774463 57.925630 8.806801
v -0.774463 57.925630 6.674529
v 0.407211 57.925630 8.993925
v -1.066138 57.925630 6.965534
v 0.002663 57.925630 9.058519
v -1.253260 57.925630 7.333121
v -0.407211 57.925630 8.993925
v -1.317854 57.925630 7.741220
v -0.774463 57.925630 8.806801
v -1.253260 57.925630 8.147540
v -1.066138 57.925630 8.515129
v 1.281229 58.798650 7.324131
v 1.066803 58.798650 6.964869
v 1.089445 58.798650 6.948885
v 0.791779 58.798650 6.650555
v 1.254592 58.798650 7.332788
v 1.347154 58.798650 7.741220
v 0.775130 58.798650 6.673193
v 0.416199 58.798650 6.459434
v 1.319186 58.798650 7.741220
v 1.281229 58.798650 8.156530
v 0.407542 58.798650 6.486073
v 1.254592 58.798650 8.147874
v 1.089445 58.798650 8.532442
v 0.002663 58.798650 6.421476
v 0.002663 58.798650 6.393508
v 1.066803 58.798650 8.515794
v -0.416199 58.798650 6.459434
v -0.407542 58.798650 6.486073
v 0.775130 58.798650 8.807468
v 0.791779 58.798650 8.830108
v -0.775130 58.798650 6.673193
v -0.791779 58.798650 6.650555
v 0.407542 58.798650 8.994591
v 0.416199 58.798650 9.021227
v -1.066803 58.798650 6.964869
v -1.089445 58.798650 6.948885
v 0.002663 58.798650 9.087153
v 0.002663 58.798650 9.059184
v -1.281229 58.798650 7.324131
v -1.254592 58.798650 7.332788
v -0.407542 58.798650 8.994591
v -0.416199 58.798650 9.021227
v -1.347154 58.798650 7.741220
v -1.319186 58.798650 7.741220
v -0.791779 58.798650 8.830108
v -0.775130 58.798650 8.807468
v -1.281229 58.798650 8.156530
v -1.254592 58.798650 8.147874
v -1.089445 58.798650 8.532442
v -1.066803 58.798650 8.515794
v 0.760480 58.975790 6.693839
v 1.089445 58.975790 6.948885
v 0.791779 58.975790 6.650555
v 0.416199 58.975790 6.459434
v 1.046826 58.975790 6.980184
v 0.399886 58.975790 6.510046
v 1.281229 58.975790 7.324131
v 1.230620 58.975790 7.340781
v 0.002663 58.975790 6.446784
v 0.002663 58.975790 6.393508
v 1.347154 58.975790 7.741220
v 1.293882 58.975790 7.741220
v -0.416199 58.975790 6.459434
v -0.399886 58.975790 6.510046
v 1.281229 58.975790 8.156530
v 1.230620 58.975790 8.140216
v -0.760480 58.975790 6.693839
v -0.791779 58.975790 6.650555
v 1.089445 58.975790 8.532442
v 1.046826 58.975790 8.501143
v -1.089445 58.975790 6.948885
v -1.046826 58.975790 6.980184
v 0.791779 58.975790 8.830108
v 0.760480 58.975790 8.786824
v -1.281229 58.975790 7.324131
v -1.230620 58.975790 7.340781
v 0.416199 58.975790 9.021227
v 0.399886 58.975790 8.970618
v -1.347154 58.975790 7.741220
v -1.293882 58.975790 7.741220
v 0.002663 58.975790 9.087153
v 0.002663 58.975790 9.033879
v -1.281229 58.975790 8.156530
v -1.230620 58.975790 8.140216
v -0.399886 58.975790 8.970618
v -0.416199 58.975790 9.021227
v -1.089445 58.975790 8.532442
v -1.046826 58.975790 8.501143
v -0.760480 58.975790 8.786824
v -0.791779 58.975790 8.830108
v -1.046826 60.512730 6.980185
v -1.138057 60.512730 7.158986
v -1.092775 60.568670 7.068419
v -1.063475 60.664560 7.010817
v -1.046826 60.856350 6.980185
v -1.046826 58.975790 6.980184
v -1.230620 58.975790 7.340781
v -1.230620 60.512730 7.340781
v -1.293882 58.975790 7.741220
v -1.293882 60.512730 7.741222
v -1.230620 58.975790 8.140216
v -1.230620 60.512730 8.140216
v -1.138057 60.512730 8.322012
v -1.046826 58.975790 8.501143
v -1.046826 61.418380 6.980185
v -1.063475 61.048130 7.010817
v -1.092775 61.144020 7.068419
v -1.138057 61.207950 7.158986
v -1.046826 60.512730 8.501144
v -1.092775 60.568670 8.412580
v -0.760480 58.975790 8.786824
v -1.063475 60.664560 8.469848
v -1.046826 60.856350 8.501144
v -1.138057 61.628810 7.158986
v -1.230620 61.207950 7.340782
v -1.092775 61.695400 7.068419
v -1.063475 61.788630 7.010819
v -1.046826 61.980420 6.980185
v -1.230620 61.628810 7.340782
v -1.293882 61.207950 7.741222
v -1.046826 61.418380 8.501145
v -0.760480 63.988830 8.786827
v -1.063475 61.048130 8.469849
v -1.293882 61.628810 7.741222
v -1.230620 61.207950 8.140217
v -1.092775 61.144020 8.412580
v -1.230620 61.628810 8.140217
v -1.138057 61.207950 8.322013
v -1.138057 61.628810 8.322013
v -1.046826 61.980420 8.501146
v -1.092775 61.695400 8.412580
v -1.063475 61.788630 8.469849
v -1.046826 62.537120 8.501146
v -1.063475 62.172200 8.469850
v -1.092775 62.268090 8.412581
v -1.138057 62.332020 8.322014
v -1.138057 62.742230 8.322014
v -1.230620 62.332020 8.140218
v -1.230620 62.742230 8.140219
v -1.092775 62.806160 8.412581
v -1.293882 62.332020 7.741222
v -1.293882 62.742230 7.741222
v -1.063475 62.902050 8.469850
v -1.046826 63.093830 8.501146
v -1.230620 62.332020 7.340782
v -1.230620 62.742230 7.340783
v -1.138057 62.332020 7.158986
v -1.138057 62.742230 7.158987
v -1.046826 63.445440 8.501146
v -1.063475 63.285620 8.469850
v -1.046826 63.988830 8.501146
v -1.138057 63.445440 8.322014
v -1.092775 63.381510 8.412581
v -1.230620 63.988830 8.140219
v -1.046826 62.537120 6.980185
v -1.092775 62.268090 7.068419
v -1.092775 62.806160 7.068419
v -1.230620 63.445440 8.140219
v -1.063475 62.172200 7.010819
v -1.063475 62.902050 7.010819
v -1.293882 63.445440 7.741223
v -1.293882 63.988830 7.741223
v -1.046826 63.093830 6.980185
v -1.230620 63.445440 7.340784
v -1.230620 63.988830 7.340784
v -1.138057 63.445440 7.158988
v -1.046826 63.988830 6.980186
v -1.046826 63.445440 6.980186
v -1.063475 63.285620 7.010819
v -1.092775 63.381510 7.068420
# 1205 vertices

# 0 UVs

vn -0.692815 0.000000 -0.721116
vn -0.692815 0.000000 -0.721116
vn -0.574093 0.000000 -0.818790
vn -0.441886 0.000000 -0.897071
vn -0.338192 0.000000 -0.941077
vn -0.338192 0.000000 -0.941077
vn -0.001400 0.000000 -0.999999
vn 0.227495 0.000000 -0.973779
vn 0.336913 0.000000 -0.941536
vn 0.336913 0.000000 -0.941536
vn 0.574093 0.000000 -0.818790
vn 0.574093 0.000000 -0.818790
vn 0.692815 0.000000 -0.721116
vn 0.692815 0.000000 -0.721116
vn -1.000000 0.000000 0.000000
vn -1.000000 0.000000 0.000000
vn -1.000000 0.000000 0.000000
vn -1.000000 0.000000 0.000000
vn 0.693528 0.000000 0.720429
vn 0.573912 0.000000 0.818917
vn 0.693528 0.000000 0.720429
vn 0.573912 0.000000 0.818917
vn 0.336793 0.000000 0.941579
vn 0.336793 0.000000 0.941579
vn 0.001400 0.000000 0.999999
vn 0.001400 0.000000 0.999999
vn -0.335481 0.000000 0.942047
vn -0.335392 0.000000 0.942079
vn -0.573912 0.000000 0.818917
vn -0.573912 0.000000 0.818917
vn -0.693528 0.000000 0.720429
vn -0.693528 0.000000 0.720429
vn 1.000000 0.000000 0.000000
vn 1.000000 0.000000 0.000000
vn 1.000000 0.000000 0.000000
vn 1.000000 0.000000 0.000000
vn 0.659184 0.000000 -0.751982
vn 0.553407 0.000000 -0.832911
vn 0.659184 0.000000 -0.751982
vn 0.437789 0.000000 -0.899078
vn 0.341583 0.000000 -0.939852
vn 0.341583 0.000000 -0.939852
vn -0.001700 0.000000 -0.999999
vn -0.001700 0.000000 -0.999999
vn -0.343100 0.000000 -0.939299
vn -0.343100 0.000000 -0.939299
vn -0.553407 0.000000 -0.832911
vn -0.553407 0.000000 -0.832911
vn -0.659127 0.000000 -0.752031
vn -0.659127 0.000000 -0.752031
vn -1.000000 0.000000 0.000000
vn -1.000000 0.000000 0.000000
vn -1.000000 0.000000 0.000000
vn -1.000000 0.000000 0.000000
vn -0.659127 0.000000 0.752031
vn -0.659184 0.000000 0.751982
vn -0.659184 0.000000 0.751982
vn -0.659127 0.000000 0.752031
vn 1.000000 0.000000 0.000000
vn 1.000000 0.000000 0.000000
vn 1.000000 0.000000 0.000000
vn 1.000000 0.000000 0.000000
vn 0.659127 0.000000 0.752031
vn 0.552691 0.000000 0.833386
vn 0.659127 0.000000 0.752031
vn 0.552691 0.000000 0.833386
vn 0.342297 0.000000 0.939592
vn 0.342297 0.000000 0.939592
vn 0.001700 0.000000 0.999999
vn 0.001700 0.000000 0.999999
vn -0.340691 0.000000 0.940175
vn -0.340691 0.000000 0.940175
vn -0.436220 0.000000 0.899840
vn -0.436180 0.000000 0.899859
vn 0.309409 -0.000900 0.950929
vn 0.453881 -0.000900 0.891062
vn 0.453681 -0.001000 0.891163
vn 0.309590 -0.000800 0.950870
vn 0.001000 -0.000800 0.999999
vn 0.001000 -0.000800 0.999999
vn -0.308598 -0.000800 0.951192
vn -0.453681 -0.000900 0.891164
vn -0.587690 -0.001000 0.809086
vn -0.587624 -0.001100 0.809133
vn -0.809051 -0.001300 0.587737
vn -0.808792 -0.001100 0.588094
vn -0.950928 -0.001400 0.309409
vn -0.951026 -0.001500 0.309108
vn -0.999999 -0.001600 0.000300
vn -0.999999 -0.001500 0.000300
vn -0.951123 -0.001500 -0.308808
vn -0.951026 -0.001400 -0.309108
vn -0.808710 -0.001200 -0.588207
vn -0.808710 -0.001300 -0.588207
vn -0.587398 -0.001400 -0.809297
vn -0.587624 -0.001700 -0.809133
vn -0.308507 -0.001600 -0.951221
vn -0.308597 -0.001500 -0.951192
vn 0.001000 -0.001600 -0.999998
vn 0.001000 -0.001500 -0.999998
vn 0.309590 -0.001500 -0.950869
vn 0.309409 -0.001600 -0.950928
vn 0.587398 -0.001400 -0.809297
vn 0.587624 -0.001700 -0.809133
vn 0.808710 -0.001300 -0.588207
vn 0.808710 -0.001200 -0.588207
vn 0.951026 -0.001400 -0.309108
vn 0.951123 -0.001500 -0.308808
vn 0.999999 -0.001600 0.000300
vn 0.999999 -0.001500 0.000300
vn 0.951026 -0.001500 0.309108
vn 0.950928 -0.001400 0.309409
vn 0.809051 -0.001200 0.587737
vn 0.808792 -0.001100 0.588094
vn 0.707106 -0.001100 0.707106
vn 0.707106 -0.001100 0.707106
vn 0.707906 0.000000 -0.706306
vn 0.707906 0.000000 -0.706306
vn 0.809004 0.000000 -0.587803
vn 0.809004 0.000000 -0.587803
vn 0.950899 0.000000 -0.309500
vn 0.950899 0.000000 -0.309500
vn 1.000000 0.000000 0.000300
vn 1.000000 0.000000 0.000300
vn 0.950929 0.000000 0.309409
vn 0.950929 0.000000 0.309409
vn 0.808874 0.000000 0.587981
vn 0.808874 0.000000 0.587981
vn 0.707107 0.000000 0.707107
vn 0.707107 0.000000 0.707107
vn 0.453523 0.000000 -0.891245
vn 0.309199 0.000000 -0.950997
vn 0.453523 0.000000 -0.891245
vn 0.309199 0.000000 -0.950997
vn 0.001000 0.000000 -1.000000
vn 0.001000 0.000000 -1.000000
vn -0.308297 0.000000 -0.951290
vn -0.308297 0.000000 -0.951290
vn -0.588029 0.000000 -0.808840
vn -0.588029 0.000000 -0.808840
vn -0.707906 0.000000 -0.706306
vn -0.707906 0.000000 -0.706306
vn -0.890432 0.000000 -0.455116
vn -0.950899 0.000000 -0.309500
vn -0.890432 0.000000 -0.455116
vn -0.950899 0.000000 -0.309500
vn -1.000000 0.000000 0.000300
vn -1.000000 0.000000 0.000300
vn -0.950929 0.000000 0.309409
vn -0.950929 0.000000 0.309409
vn -0.808874 0.000000 0.587981
vn -0.707107 0.000000 0.707107
vn -0.707107 0.000000 0.707107
vn -0.707107 0.000000 0.707107
vn -0.308297 0.000000 0.951290
vn -0.453523 0.000000 0.891245
vn -0.453523 0.000000 0.891245
vn -0.308297 0.000000 0.951290
vn 0.001000 0.000000 1.000000
vn 0.001000 0.000000 1.000000
vn 0.309290 0.000000 0.950968
vn 0.309199 0.000000 0.950997
vn 0.453523 0.000000 0.891245
vn 0.453482 0.000000 0.891265
vn -0.891953 -0.006900 -0.452076
vn -0.894603 0.007400 -0.446801
vn -0.900281 0.013800 -0.435091
vn -0.951095 -0.000200 -0.308898
vn -0.892721 0.000000 -0.450611
vn -0.951222 0.000300 -0.308507
vn -0.894338 -0.008100 -0.447319
vn -0.893083 0.000000 -0.449892
vn -0.890968 0.020899 -0.453584
vn -1.000000 0.000000 0.000300
vn -1.000000 0.000000 0.000300
vn -0.951124 0.000300 0.308808
vn -0.951027 -0.000200 0.309109
vn -0.892580 0.000000 0.450890
vn -0.894249 0.006300 0.447525
vn -0.892040 -0.005800 0.451920
vn -0.893964 -0.007100 0.448082
vn -0.900852 0.016201 0.433825
vn -0.893243 -0.001600 0.449571
vn -0.890968 0.020899 0.453584
vn 0.000000 0.000000 1.000000
vn 0.000000 0.157698 0.987487
vn 0.000000 0.157698 0.987487
vn 0.000000 0.000000 1.000000
vn 0.000000 -0.157698 0.987487
vn 0.000000 -0.157698 0.987487
vn 0.000000 0.514922 0.857237
vn 0.000000 0.514922 0.857237
vn 0.000000 0.664178 0.747575
vn 0.000000 0.736469 0.676471
vn 0.000000 0.937010 0.349304
vn 0.000000 0.980140 0.198308
vn 0.000000 1.000000 0.000000
vn 0.000000 1.000000 0.000000
vn 0.000000 1.000000 0.000000
vn 0.000000 1.000000 0.000000
vn 0.000000 1.000000 0.000000
vn 0.000000 1.000000 0.000000
vn 0.000000 0.980140 -0.198308
vn 0.000000 0.937010 -0.349304
vn 0.000000 0.735800 -0.677200
vn 0.000000 0.663010 -0.748611
vn 0.000000 0.512804 -0.858506
vn 0.000000 0.512804 -0.858506
vn 0.000000 -0.647210 0.762312
vn 0.000000 -0.514922 0.857237
vn 0.000000 -0.514922 0.857237
vn 0.000000 -0.710300 0.703900
vn 0.000000 -0.922671 0.385588
vn 0.000000 -0.975227 0.221206
vn 0.000000 -1.000000 0.000000
vn 0.000000 -1.000000 0.000000
vn 0.000000 -1.000000 0.000000
vn 0.000000 -1.000000 0.000000
vn 0.000000 -1.000000 0.000000
vn 0.000000 -1.000000 0.000000
vn 0.000000 -0.975227 -0.221206
vn 0.000000 -0.922671 -0.385588
vn 0.000000 -0.709602 -0.704602
vn 0.000000 -0.646018 -0.763322
vn 0.000000 -0.512730 -0.858550
vn 0.000000 -0.512686 -0.858576
vn 0.000000 0.000000 -1.000000
vn 0.000000 0.161009 -0.986953
vn 0.000000 0.161009 -0.986953
vn 0.000000 0.000000 -1.000000
vn 0.000000 -0.161106 -0.986937
vn 0.000000 -0.161106 -0.986937
vn -0.308507 0.000000 0.951222
vn -0.454121 0.000000 0.890940
vn -0.454121 0.000000 0.890940
vn -0.308507 0.000000 0.951222
vn 0.001000 0.000000 1.000000
vn 0.001000 0.000000 1.000000
vn 0.309500 0.000000 0.950899
vn 0.309500 0.000000 0.950899
vn 0.587399 0.000000 0.809298
vn 0.587399 0.000000 0.809298
vn 0.706306 0.000000 0.707906
vn 0.706306 0.000000 0.707906
vn 0.706306 0.000000 0.707906
vn 0.706306 0.000000 0.707906
vn 0.706306 0.000000 0.707906
vn 0.706306 0.000000 0.707906
vn 0.706306 0.000000 0.707906
vn 0.706306 0.000000 0.707906
vn 0.706306 0.000000 0.707906
vn -0.951193 -0.000300 -0.308598
vn -0.893083 0.000000 -0.449892
vn -0.890948 -0.020901 -0.453624
vn -0.894338 0.008100 -0.447319
vn -0.892721 0.000000 -0.450611
vn -0.951222 0.000300 -0.308507
vn -0.894338 -0.008100 -0.447319
vn -1.000000 0.000000 0.000300
vn -1.000000 0.000600 0.000300
vn -0.893123 0.000000 -0.449812
vn -0.890948 0.020901 -0.453624
vn -0.951124 0.000300 0.308808
vn -0.951124 -0.000300 0.308808
vn -0.892580 0.000000 0.450890
vn -0.893964 -0.007100 0.448082
vn -0.893283 -0.001600 0.449492
vn -0.890948 0.020901 0.453624
vn -0.893964 0.007100 0.448082
vn -0.893223 0.001600 0.449612
vn -0.890948 -0.020901 0.453624
vn -0.707107 0.000000 -0.707107
vn -0.707107 0.000000 -0.707107
vn -0.587803 0.000000 -0.809004
vn -0.707107 0.000000 -0.707107
vn -0.707107 0.000000 -0.707107
vn -0.707107 0.000000 -0.707107
vn -0.707107 0.000000 -0.707107
vn -0.587803 0.000000 -0.809004
vn -0.707107 0.000000 -0.707107
vn -0.308507 0.000000 -0.951222
vn -0.308507 0.000000 -0.951222
vn -0.707107 0.000000 -0.707107
vn -0.707107 0.000000 -0.707107
vn 0.001000 0.000000 -1.000000
vn 0.001000 0.000000 -1.000000
vn 0.309500 0.000000 -0.950899
vn 0.309500 0.000000 -0.950899
vn 0.587803 0.000000 -0.809004
vn 0.587803 0.000000 -0.809004
vn 0.707107 0.000000 -0.707107
vn 0.707107 0.000000 -0.707107
vn 0.707107 0.000000 -0.707107
vn 0.707107 0.000000 -0.707107
vn 0.707107 0.000000 -0.707107
vn 0.707107 0.000000 -0.707107
vn 0.707107 0.000000 -0.707107
vn 0.707107 0.000000 -0.707107
vn 0.707107 0.000000 -0.707107
vn 0.000000 -0.045902 0.998946
vn 0.000000 0.157698 0.987487
vn 0.000000 0.157698 0.987487
vn 0.000000 0.709602 -0.704602
vn 0.000000 0.975227 -0.221206
vn 0.000000 0.922535 -0.385914
vn 0.000000 1.000000 0.000000
vn 0.000000 1.000000 0.000000
vn 0.000000 1.000000 0.000000
vn 0.000000 1.000000 0.000000
vn 0.000000 1.000000 0.000000
vn 0.000000 1.000000 0.000000
vn 0.000000 0.975227 0.221206
vn 0.000000 0.922535 0.385914
vn 0.000000 0.710300 0.703900
vn 0.000000 0.646888 0.762585
vn 0.000000 0.514922 0.857237
vn 0.000000 0.514878 0.857263
vn 0.000000 -0.645696 -0.763595
vn 0.000000 -0.512730 -0.858550
vn 0.000000 -0.512804 -0.858506
vn 0.000000 -0.709602 -0.704602
vn 0.000000 -0.922535 -0.385914
vn 0.000000 -0.975249 -0.221111
vn 0.000000 -1.000000 0.000000
vn 0.000000 -1.000000 0.000000
vn 0.000000 -1.000000 0.000000
vn 0.000000 -1.000000 0.000000
vn 0.000000 -1.000000 0.000000
vn 0.000000 -1.000000 0.000000
vn 0.000000 -0.975249 0.221111
vn 0.000000 -0.922535 0.385914
vn 0.000000 -0.710300 0.703900
vn 0.000000 -0.646888 0.762585
vn 0.000000 -0.514922 0.857237
vn 0.000000 -0.514996 0.857193
vn 0.000000 0.000000 1.000000
vn 0.000000 0.157698 0.987487
vn 0.000000 0.157698 0.987487
vn 0.000000 0.000000 1.000000
vn 0.000000 -0.157698 0.987487
vn 0.000000 -0.157698 0.987487
vn 0.892377 -0.001500 0.451288
vn 0.951222 0.000200 0.308507
vn 0.891124 0.011600 0.453612
vn 0.892614 -0.003800 0.450807
vn 0.891873 0.000000 0.452286
vn 0.951222 -0.000200 0.308507
vn 1.000000 0.000000 0.000300
vn 0.892653 0.003900 0.450727
vn 0.892417 0.001600 0.451209
vn 0.891048 -0.011099 0.453774
vn 1.000000 0.000000 0.000300
vn 0.951320 0.000100 -0.308206
vn 0.951320 -0.000100 -0.308206
vn 0.892014 0.000000 -0.452007
vn 0.893012 -0.004900 -0.450006
vn 0.892216 0.000100 -0.451608
vn 0.891124 0.011600 -0.453612
vn 0.893012 0.004900 -0.450006
vn 0.892277 0.000000 -0.451488
vn 0.891048 -0.011099 -0.453774
vn 0.000000 0.161106 -0.986937
vn 0.000000 0.000000 -1.000000
vn 0.000000 0.161106 -0.986937
vn 0.000000 0.000000 -1.000000
vn 0.000000 -0.161106 -0.986937
vn 0.000000 -0.161106 -0.986937
vn 0.000000 0.523394 -0.852091
vn 0.000000 0.645862 -0.763455
vn 0.000000 0.523394 -0.852091
vn 0.000000 0.705004 -0.709204
vn 0.000000 0.917727 -0.397212
vn 0.000000 0.973547 -0.228488
vn 0.000000 1.000000 0.000000
vn 0.000000 1.000000 0.000000
vn 0.000000 1.000000 0.000000
vn 0.000000 1.000000 0.000000
vn 0.000000 1.000000 0.000000
vn 0.000000 1.000000 0.000000
vn 0.000000 0.973547 0.228488
vn 0.000000 0.917727 0.397212
vn 0.000000 0.705705 0.708506
vn 0.000000 0.647103 0.762403
vn 0.000000 0.525614 0.850723
vn 0.000000 0.525614 0.850723
vn 0.000000 -0.645696 -0.763595
vn 0.000000 -0.512804 -0.858506
vn 0.000000 -0.512730 -0.858550
vn 0.000000 -0.709602 -0.704602
vn 0.000000 -0.922535 -0.385914
vn 0.000000 -0.975227 -0.221206
vn 0.000000 -1.000000 0.000000
vn 0.000000 -1.000000 0.000000
vn 0.000000 -1.000000 0.000000
vn 0.000000 -1.000000 0.000000
vn 0.000000 -1.000000 0.000000
vn 0.000000 -1.000000 0.000000
vn 0.000000 -0.975227 0.221206
vn 0.000000 -0.922535 0.385914
vn 0.000000 -0.710300 0.703900
vn 0.000000 -0.646888 0.762585
vn 0.000000 -0.514922 0.857237
vn 0.000000 -0.514922 0.857237
vn 0.000000 0.000000 1.000000
vn 0.000000 0.157698 0.987487
vn 0.000000 0.157698 0.987487
vn 0.000000 0.000000 1.000000
vn 0.000000 -0.157698 0.987487
vn 0.000000 -0.157698 0.987487
vn -0.265213 0.811741 -0.520326
vn -0.265305 0.811914 -0.520009
vn -0.265382 0.812045 -0.519765
vn -0.178804 0.815319 -0.550713
vn -0.178795 0.815476 -0.550484
vn -0.090903 0.811727 -0.576919
vn 0.006500 0.818613 -0.574309
vn 0.009000 0.815783 -0.578288
vn 0.084502 0.848124 -0.523015
vn 0.082600 0.851200 -0.518300
vn -0.413117 0.811533 -0.413217
vn -0.413217 0.811533 -0.413117
vn -0.413117 0.811533 -0.413217
vn -0.413183 0.811567 -0.413083
vn -0.520009 0.811914 -0.265305
vn -0.551087 0.814980 -0.179196
vn -0.519894 0.811990 -0.265297
vn -0.551310 0.814915 -0.178803
vn -0.580885 0.813979 -0.003400
vn -0.578305 0.815807 -0.004700
vn -0.601595 0.792593 0.099399
vn -0.553870 0.811056 0.188190
vn -0.545987 0.815380 0.192495
vn -0.518313 0.813420 0.264007
vn -0.518096 0.813594 0.263898
vn -0.350299 0.857899 0.375899
vn -0.401196 0.812892 0.422196
vn -0.397414 0.818429 0.415014
vn -0.267283 0.888844 0.372177
vn -0.263302 0.823506 0.502504
vn -0.267493 0.809279 0.522987
vn -0.267997 0.808590 0.523794
vn 0.000600 0.812271 0.583279
vn -0.091196 0.808365 0.581575
vn -0.091201 0.808412 0.581509
vn 0.000500 0.812319 0.583213
vn 0.180602 0.812209 0.554706
vn 0.180994 0.812275 0.554483
vn 0.265913 0.810741 0.521526
vn 0.265698 0.810895 0.521397
vn 0.403409 0.818918 0.408209
vn 0.410794 0.813788 0.411094
vn 0.410711 0.814022 0.410711
vn 0.342189 0.860471 0.377487
vn 0.331400 0.867101 0.371900
vn 0.554905 0.809407 0.192202
vn 0.518313 0.813420 0.264007
vn 0.518096 0.813594 0.263898
vn 0.544726 0.815338 0.196209
vn 0.622899 0.775598 0.102200
vn 0.582974 0.812464 -0.006600
vn 0.578287 0.815782 -0.009200
vn 0.551206 0.815008 -0.178702
vn 0.551096 0.814995 -0.179099
vn 0.520009 0.811914 -0.265305
vn 0.519908 0.812012 -0.265204
vn 0.340908 0.814919 -0.468711
vn 0.413117 0.811533 -0.413217
vn 0.413117 0.811533 -0.413217
vn 0.341394 0.815186 -0.467892
vn 0.257589 0.818966 -0.512779
vn 0.183696 0.882679 -0.432590
vn 0.172602 0.890910 -0.420105
vn 0.007100 0.999967 0.004000
vn 0.002600 0.999996 0.001500
vn 0.005100 0.999983 0.002900
vn 0.000000 1.000000 0.000000
vn 0.000000 1.000000 0.000000
vn 0.016000 0.999871 0.001100
vn 0.016000 0.999871 0.001100
vn 0.016000 0.999871 0.001100
vn 0.007900 0.999878 0.013500
vn 0.008100 0.999896 0.011900
vn 0.008000 0.999902 0.011500
vn 0.001400 0.999996 0.002500
vn 0.000000 1.000000 0.000000
vn 0.003800 0.999991 -0.001900
vn 0.003800 0.999991 -0.001900
vn 0.003800 0.999991 -0.001900
vn 0.019700 0.999592 0.020700
vn -0.088202 0.992622 0.083202
vn 0.019600 0.999606 0.020100
vn -0.103401 0.988314 0.112002
vn -0.198904 0.955918 0.216004
vn -0.185900 0.949198 0.253899
vn 0.000000 1.000000 0.000000
vn 0.000000 1.000000 0.000000
vn 0.000000 1.000000 0.000000
vn 0.000000 1.000000 0.000000
vn 0.000000 1.000000 0.000000
vn 0.000000 1.000000 0.000000
vn 0.000000 1.000000 0.000000
vn 0.000000 1.000000 0.000100
vn -0.004000 0.999990 -0.002100
vn -0.004000 0.999990 -0.002100
vn -0.004000 0.999990 -0.002100
vn 0.008600 0.998964 -0.044698
vn -0.010200 0.999916 -0.008000
vn 0.006500 0.999158 -0.040498
vn -0.012900 0.999913 -0.002800
vn 0.000000 1.000000 0.000000
vn 0.000000 1.000000 0.000000
vn 0.000000 1.000000 0.000000
vn 0.000000 1.000000 0.000000
vn 0.000000 1.000000 0.000000
vn 0.000000 1.000000 0.000000
vn 0.000000 1.000000 0.000000
vn 0.021900 0.999714 -0.009600
vn 0.024200 0.999201 -0.031800
vn 0.019300 0.999107 -0.037600
vn 0.021799 0.999762 0.001100
vn 0.018299 0.999671 0.017999
vn 0.000000 1.000000 0.000000
vn 0.000000 1.000000 0.000000
vn 0.000000 1.000000 0.000000
vn 0.000000 1.000000 0.000000
vn -0.001400 0.999968 -0.007900
vn -0.001200 0.999976 -0.006800
vn -0.002200 0.999914 -0.012900
vn -0.007500 0.999972 0.000300
vn -0.010200 0.999948 0.000700
vn -0.010100 0.999935 -0.005200
vn -0.005300 0.999980 0.003400
vn 0.000000 1.000000 0.000000
vn 0.053099 0.998576 -0.005200
vn 0.049898 0.993766 -0.099697
vn 0.053702 0.998545 -0.004900
vn 0.030400 0.992512 -0.118302
vn -0.015900 0.973413 -0.228503
vn -0.055898 0.968866 -0.241192
vn 0.029299 0.998754 0.040398
vn -0.116595 0.984356 0.132094
vn 0.028001 0.998823 0.039601
vn -0.154699 0.979997 0.125200
vn -0.348497 0.922993 0.163199
vn -0.386087 0.913968 0.124896
vn -0.396385 0.069297 -0.915465
vn -0.305900 0.022400 -0.951800
vn -0.451618 0.098704 -0.886735
vn -0.225708 -0.017801 -0.974033
vn -0.995736 0.084803 0.036301
vn -0.945371 0.094197 0.312090
vn -0.964602 0.060400 0.256701
vn -0.989337 0.122805 0.078303
vn -0.865433 0.128305 -0.484318
vn -0.863743 0.172409 -0.473523
vn -0.648215 0.121403 -0.751717
vn -0.683126 0.080703 -0.725828
vn 0.921927 0.134104 -0.363411
vn 0.921328 0.132504 -0.365511
vn 0.920202 0.129500 -0.369401
vn 0.922927 0.136904 -0.359810
vn 0.985385 0.156998 0.066099
vn 0.985260 0.158194 0.065097
vn 0.984793 0.162599 0.061200
vn 0.985799 0.152600 0.070100
vn -0.231103 0.075301 -0.970011
vn -0.196993 0.098296 -0.975465
vn -0.168091 0.117493 -0.978745
vn -0.266188 0.051298 -0.962555
vn -0.989771 0.022999 0.140796
vn -0.984353 0.002200 0.176192
vn -0.987249 0.012499 0.158692
vn -0.980245 -0.010500 0.197509
vn 0.216295 0.114598 0.969579
vn 0.223310 0.120706 0.967245
vn 0.202891 0.103096 0.973759
vn 0.238587 0.133893 0.961847
vn 0.573307 0.107101 0.812310
vn 0.570134 0.111507 0.813949
vn 0.568884 0.113297 0.814577
vn 0.565887 0.117397 0.816082
vn -0.006000 0.999978 0.003000
vn -0.017501 0.999846 0.001600
vn -0.021299 0.999773 0.000700
vn -0.002700 0.999995 0.001800
vn 0.000000 1.000000 0.000000
vn -0.004900 0.999663 0.025499
vn -0.004900 0.999663 0.025499
vn -0.004900 0.999663 0.025499
vn 0.119900 0.990798 0.062800
vn 0.204196 0.978283 0.035599
vn 0.209402 0.976509 0.050800
vn 0.075100 0.995003 0.065800
vn -0.026100 0.998413 0.049901
vn -0.025500 0.998512 0.048201
vn -0.050401 0.998414 -0.025100
vn -0.011400 0.993699 -0.111500
vn -0.060997 0.997950 -0.019399
vn 0.019200 0.991010 -0.132401
vn 0.079702 0.973620 -0.213804
vn 0.131806 0.965143 -0.226110
vn 0.005000 0.999891 -0.013900
vn 0.009000 0.999771 -0.019399
vn 0.009600 0.999756 -0.019899
vn 0.001100 0.999995 -0.003100
vn 0.000000 1.000000 0.000000
vn -0.000700 0.999995 -0.003200
vn 0.000000 1.000000 0.000000
vn -0.002700 0.999945 -0.010100
vn -0.010000 0.999754 -0.019799
vn -0.011600 0.999702 -0.021500
vn 0.189093 0.970062 0.152394
vn 0.088997 0.993967 0.064098
vn 0.184399 0.967897 0.170799
vn 0.085804 0.994646 0.057603
vn -0.018400 0.999715 0.015200
vn -0.018400 0.999621 0.020500
vn -0.823181 0.150797 -0.547388
vn -0.809237 0.167408 -0.563126
vn -0.813712 0.162102 -0.558208
vn -0.801206 0.176701 -0.571704
vn 0.656513 0.000000 0.754315
vn 0.663005 -0.003700 0.748606
vn 0.659395 -0.001600 0.751795
vn 0.665280 -0.005000 0.746577
vn 0.704314 0.158303 -0.692013
vn 0.714144 0.148609 -0.684042
vn 0.686884 0.174996 -0.705384
vn 0.729512 0.133002 -0.670911
vn 0.411589 0.168396 -0.895677
vn 0.415990 0.162796 -0.894679
vn 0.429111 0.145704 -0.891423
vn 0.397306 0.186603 -0.898514
vn -0.671301 0.090000 0.735701
vn -0.445200 0.104600 0.889301
vn -0.548106 0.000000 0.836409
vn -0.508491 0.128098 0.851485
vn 0.056100 0.169700 0.983898
vn 0.095500 0.182800 0.978501
vn 0.579083 0.136996 0.803676
vn 0.619612 0.126702 0.774615
vn 0.795899 0.103600 0.596499
vn 0.794524 0.102503 0.598518
vn -0.448399 0.180600 -0.875398
vn -0.468688 0.154896 -0.869678
vn -0.453923 0.173709 -0.873945
vn -0.431525 0.201312 -0.879352
vn -0.542385 -0.020599 0.839877
vn -0.552589 -0.027999 0.832983
vn -0.528486 -0.010400 0.848878
vn -0.562810 -0.035701 0.825815
vn 0.987519 -0.005500 0.157403
vn 0.990359 0.003000 0.138494
vn 0.985078 -0.011900 0.171696
vn 0.991882 0.008200 0.126898
vn 0.451413 0.070502 -0.889526
vn 0.194393 0.043398 -0.979963
vn 0.238196 0.016100 -0.971084
vn 0.474382 0.099596 -0.874667
vn 0.668197 0.122100 -0.733897
vn 0.649469 0.139593 -0.747465
vn -0.161696 0.125897 0.978777
vn -0.158493 0.123095 0.979657
vn -0.159497 0.123998 0.979380
vn -0.156292 0.121194 0.980247
vn -0.521409 0.216004 0.825515
vn -0.528116 0.208706 0.823125
vn -0.561016 0.171605 0.809823
vn -0.486733 0.252517 0.836257
vn 0.971509 0.085601 -0.221002
vn 0.996957 0.072597 0.028399
vn 0.976461 0.138095 -0.165693
vn 0.998022 0.051401 0.036201
vn 0.940716 0.056201 0.334506
vn 0.926684 0.078299 0.367594
vn 0.379603 -0.043900 -0.924107
vn 0.399307 -0.033201 -0.916216
vn 0.387799 -0.039500 -0.920897
vn 0.000000 0.000000 1.000000
vn 0.000000 -0.157698 0.987487
vn 0.000000 -0.157698 0.987487
vn 0.000000 0.514878 0.857263
vn 0.000000 0.514922 0.857237
vn 0.000000 0.647210 0.762312
vn 0.000000 0.710300 0.703900
vn 0.000000 0.922671 0.385588
vn 0.000000 0.975227 0.221206
vn 0.000000 1.000000 0.000000
vn 0.000000 1.000000 0.000000
vn 0.000000 1.000000 0.000000
vn 0.000000 1.000000 0.000000
vn 0.000000 1.000000 0.000000
vn 0.000000 1.000000 0.000000
vn 0.000000 0.975249 -0.221111
vn 0.000000 0.922671 -0.385588
vn 0.000000 0.709602 -0.704602
vn 0.000000 0.645969 -0.763364
vn 0.000000 0.512804 -0.858506
vn 0.000000 0.512686 -0.858576
vn 0.000000 -0.647210 0.762312
vn 0.000000 -0.514922 0.857237
vn 0.000000 -0.514922 0.857237
vn 0.000000 -0.710300 0.703900
vn 0.000000 -0.922671 0.385588
vn 0.000000 -0.975227 0.221206
vn 0.000000 -1.000000 0.000000
vn 0.000000 -1.000000 0.000000
vn 0.000000 -1.000000 0.000000
vn 0.000000 -1.000000 0.000000
vn 0.000000 -1.000000 0.000000
vn 0.000000 -1.000000 0.000000
vn 0.000000 -0.975227 -0.221206
vn 0.000000 -0.922671 -0.385588
vn 0.000000 -0.709602 -0.704602
vn 0.000000 -0.646018 -0.763322
vn 0.000000 -0.512804 -0.858506
vn 0.000000 -0.512804 -0.858506
vn 0.000000 0.000000 -1.000000
vn 0.000000 0.161106 -0.986937
vn 0.000000 0.161106 -0.986937
vn 0.000000 0.000000 -1.000000
vn 0.000000 -0.161106 -0.986937
vn 0.000000 -0.161106 -0.986937
vn -0.951193 -0.000300 -0.308598
vn -0.893123 0.000200 -0.449812
vn -0.890924 -0.020001 -0.453712
vn -0.894358 0.008100 -0.447279
vn -0.892721 0.000000 -0.450611
vn -0.951222 0.000300 -0.308507
vn -0.894338 -0.008100 -0.447319
vn -1.000000 0.000000 0.000300
vn -1.000000 0.000000 0.000300
vn -0.893123 0.000000 -0.449812
vn -0.890908 0.020900 -0.453704
vn -0.951124 0.000300 0.308808
vn -0.951124 -0.000300 0.308808
vn -0.892580 0.000000 0.450890
vn -0.893964 -0.007100 0.448082
vn -0.893283 -0.001600 0.449492
vn -0.890908 0.020900 0.453704
vn -0.894004 0.007100 0.448002
vn -0.893283 0.001800 0.449491
vn -0.890924 -0.020001 0.453712
vn 0.000000 0.000000 1.000000
vn 0.000000 0.157698 0.987487
vn 0.000000 0.157698 0.987487
vn 0.000000 0.000000 1.000000
vn 0.000000 -0.157698 0.987487
vn 0.000000 -0.157698 0.987487
vn 0.000000 0.525614 0.850723
vn 0.000000 0.525614 0.850723
vn 0.000000 0.647376 0.762171
vn 0.000000 0.705705 0.708506
vn 0.000000 0.917868 0.396886
vn 0.000000 0.973569 0.228393
vn 0.000000 1.000000 0.000000
vn 0.000000 1.000000 0.000000
vn 0.000000 1.000000 0.000000
vn 0.000000 1.000000 0.000000
vn 0.000000 1.000000 0.000000
vn 0.000000 1.000000 0.000000
vn 0.000000 0.973569 -0.228393
vn 0.000000 0.917904 -0.396802
vn 0.000000 0.705004 -0.709204
vn 0.000000 0.646184 -0.763181
vn 0.000000 0.523394 -0.852091
vn 0.000000 0.523394 -0.852091
vn 0.000000 -0.647210 0.762312
vn 0.000000 -0.514922 0.857237
vn 0.000000 -0.514922 0.857237
vn 0.000000 -0.710300 0.703900
vn 0.000000 -0.922671 0.385588
vn 0.000000 -0.975227 0.221206
vn 0.000000 -1.000000 0.000000
vn 0.000000 -1.000000 0.000000
vn 0.000000 -1.000000 0.000000
vn 0.000000 -1.000000 0.000000
vn 0.000000 -1.000000 0.000000
vn 0.000000 -1.000000 0.000000
vn 0.000000 -0.975227 -0.221206
vn 0.000000 -0.922671 -0.385588
vn 0.000000 -0.709602 -0.704602
vn 0.000000 -0.646018 -0.763322
vn 0.000000 -0.512804 -0.858506
vn 0.000000 -0.512804 -0.858506
vn 0.000000 0.000000 -1.000000
vn 0.000000 0.161106 -0.986937
vn 0.000000 0.161009 -0.986953
vn 0.000000 0.000000 -1.000000
vn 0.000000 -0.161106 -0.986937
vn 0.000000 -0.161106 -0.986937
vn 0.880836 -0.001100 -0.473420
vn 0.889202 -0.003700 -0.457501
vn 0.878625 0.000000 -0.477513
vn 0.889607 -0.010600 -0.456604
vn 0.890898 -0.002100 -0.454199
vn 0.890940 -0.000100 -0.454121
vn 0.951095 0.000000 -0.308898
vn 0.951163 0.000000 -0.308688
vn 1.000000 0.000000 0.000300
vn 1.000000 0.000000 0.000300
vn 0.951066 0.000000 0.308989
vn 0.951066 0.000000 0.308989
vn 0.891101 -0.001900 0.453801
vn 0.891103 0.000000 0.453801
vn 0.889776 -0.002900 0.456388
vn 0.889927 -0.009000 0.456014
vn 0.884140 -0.000600 0.467221
vn 0.882820 0.000000 0.469711
vn 0.890859 0.000000 0.454279
vn 0.882820 0.000000 0.469711
vn 0.884099 0.000300 0.467300
vn 0.890795 0.002500 0.454398
vn 0.891872 0.001600 0.452286
vn 0.891872 -0.001600 0.452286
vn 0.951066 0.000000 0.308989
vn 0.890795 -0.002500 0.454398
vn 0.884162 -0.000300 0.467180
vn 0.882884 0.000000 0.469591
vn 0.951066 0.000000 0.308989
vn 1.000000 0.000000 0.000300
vn 1.000000 0.000000 0.000300
vn 0.951163 0.000000 -0.308688
vn 0.951163 0.000000 -0.308688
vn 0.891770 -0.001800 -0.452485
vn 0.891770 0.001800 -0.452485
vn 0.890493 0.000000 -0.454997
vn 0.891037 -0.003200 -0.453919
vn 0.891037 0.003200 -0.453919
vn 0.880859 -0.000400 -0.473378
vn 0.880795 0.000400 -0.473497
vn 0.878625 0.000000 -0.477513
vn 0.878625 0.000000 -0.477513
vn 0.892377 -0.001500 0.451288
vn 0.951222 0.000200 0.308507
vn 0.891124 0.011600 0.453612
vn 0.892614 -0.003800 0.450807
vn 0.891873 0.000000 0.452286
vn 0.951163 -0.000100 0.308688
vn 1.000000 0.000000 0.000300
vn 0.892776 0.003400 0.450488
vn 1.000000 0.000000 0.000300
vn 0.891667 -0.002800 0.452683
vn 0.951320 0.000100 -0.308206
vn 0.896810 0.009900 0.442305
vn 0.951261 -0.000100 -0.308387
vn 0.892014 0.000000 -0.452007
vn 0.893114 0.004500 -0.449807
vn 0.891603 -0.003900 -0.452801
vn 0.893012 -0.004900 -0.450006
vn 0.896235 0.007400 -0.443517
vn 0.892216 0.000100 -0.451608
vn 0.891124 0.011600 -0.453612
vn 0.000000 0.161106 -0.986937
vn 0.000000 0.000000 -1.000000
vn 0.000000 0.161009 -0.986953
vn 0.000000 0.000000 -1.000000
vn 0.000000 -0.161106 -0.986937
vn 0.000000 -0.161106 -0.986937
vn 0.000000 0.512730 -0.858550
vn 0.000000 0.662587 -0.748985
vn 0.000000 0.512804 -0.858506
vn 0.000000 0.735800 -0.677200
vn 0.000000 0.936899 -0.349600
vn 0.000000 0.980163 -0.198193
vn 0.000000 1.000000 0.000000
vn 0.000000 1.000000 0.000000
vn 0.000000 1.000000 0.000000
vn 0.000000 1.000000 0.000000
vn 0.000000 1.000000 0.000000
vn 0.000000 1.000000 0.000000
vn 0.000000 0.980163 0.198193
vn 0.000000 0.936899 0.349600
vn 0.000000 0.736469 0.676471
vn 0.000000 0.663805 0.747906
vn 0.000000 0.514922 0.857237
vn 0.000000 0.514996 0.857193
vn 0.000000 -0.645696 -0.763595
vn 0.000000 -0.512804 -0.858506
vn 0.000000 -0.512730 -0.858550
vn 0.000000 -0.709602 -0.704602
vn 0.000000 -0.922535 -0.385914
vn 0.000000 -0.975227 -0.221206
vn 0.000000 -1.000000 0.000000
vn 0.000000 -1.000000 0.000000
vn 0.000000 -1.000000 0.000000
vn 0.000000 -1.000000 0.000000
vn 0.000000 -1.000000 0.000000
vn 0.000000 -1.000000 0.000000
vn 0.000000 -0.975227 0.221206
vn 0.000000 -0.922535 0.385914
vn 0.000000 -0.710300 0.703900
vn 0.000000 -0.646888 0.762585
vn 0.000000 -0.514996 0.857193
vn 0.000000 -0.514922 0.857237
vn 0.000000 0.000000 1.000000
vn 0.000000 0.157698 0.987487
vn 0.000000 0.157698 0.987487
vn 0.000000 0.000000 1.000000
vn 0.000000 -0.157698 0.987487
vn 0.000000 -0.157698 0.987487
vn 0.880837 -0.000400 -0.473420
vn 0.890493 0.000000 -0.454997
vn 0.878625 0.000000 -0.477513
vn 0.891037 -0.003300 -0.453919
vn 0.891770 -0.001800 -0.452485
vn 0.891770 0.001800 -0.452485
vn 0.951163 0.000000 -0.308688
vn 0.951163 0.000000 -0.308688
vn 0.891037 0.003300 -0.453919
vn 0.880795 0.000400 -0.473497
vn 0.878625 0.000000 -0.477513
vn 1.000000 0.000000 0.000300
vn 1.000000 0.000000 0.000300
vn 0.951066 0.000000 0.308989
vn 0.951066 0.000000 0.308989
vn 0.891872 0.001600 0.452286
vn 0.891872 -0.001600 0.452286
vn 0.890859 0.000000 0.454279
vn 0.890795 0.002600 0.454398
vn 0.890795 -0.002600 0.454398
vn 0.884099 0.000300 0.467300
vn 0.884099 -0.000300 0.467300
vn 0.882820 0.000000 0.469711
vn 0.882820 0.000000 0.469711
vn 0.889879 0.002800 0.456189
vn 0.882820 0.000000 0.469711
vn 0.884140 0.000600 0.467221
vn 0.889896 0.007800 0.456098
vn 0.891101 0.001800 0.453801
vn 0.891103 0.000000 0.453801
vn 0.951066 0.000000 0.308989
vn 0.951066 0.000000 0.308989
vn 1.000000 0.000000 0.000300
vn 1.000000 0.000000 0.000300
vn 0.951124 0.000100 -0.308808
vn 0.951163 0.000000 -0.308688
vn 0.890898 0.002000 -0.454199
vn 0.890900 0.000100 -0.454200
vn 0.889305 0.003500 -0.457302
vn 0.889619 0.009300 -0.456610
vn 0.880836 0.001000 -0.473420
vn 0.878625 0.000000 -0.477513
vn 0.892417 -0.001500 0.451209
vn 0.951222 0.000200 0.308507
vn 0.891083 0.011600 0.453692
vn 0.892614 -0.003800 0.450807
vn 0.891873 0.000000 0.452286
vn 0.951222 -0.000200 0.308507
vn 1.000000 0.000000 0.000300
vn 0.892575 0.003400 0.450887
vn 0.892377 0.001500 0.451288
vn 0.891083 -0.011600 0.453692
vn 1.000000 0.000000 0.000300
vn 0.951320 0.000100 -0.308206
vn 0.951320 -0.000100 -0.308206
vn 0.892014 0.000000 -0.452007
vn 0.893013 -0.004800 -0.450006
vn 0.892277 0.000100 -0.451488
vn 0.891083 0.011600 -0.453692
vn 0.893012 0.004900 -0.450006
vn 0.892216 -0.000100 -0.451608
vn 0.891083 -0.011600 -0.453692
vn 0.000000 0.161106 -0.986937
vn 0.000000 0.000000 -1.000000
vn 0.000000 0.161106 -0.986937
vn 0.000000 0.000000 -1.000000
vn 0.000000 -0.161106 -0.986937
vn 0.000000 -0.161106 -0.986937
vn 0.000000 0.512730 -0.858550
vn 0.000000 0.645696 -0.763595
vn 0.000000 0.512686 -0.858576
vn 0.411099 -0.026800 -0.911197
vn -0.949017 0.160503 -0.271305
vn -0.945301 0.145200 -0.292100
vn -0.953937 0.186607 -0.234909
vn -0.938559 0.122395 -0.322686
vn -0.981627 0.188105 0.032001
vn -0.985969 0.156195 0.058898
vn -0.987302 0.142400 0.070400
vn -0.989343 0.103605 0.102305
vn 0.000000 -1.000000 0.000000
vn 0.000000 -1.000000 0.000000
vn 0.000000 -1.000000 0.000000
vn 0.000000 -1.000000 0.000000
vn 0.000000 -1.000000 0.000000
vn 0.000000 -1.000000 0.000000
vn 0.000000 -1.000000 0.000000
vn 0.000000 -1.000000 0.000000
vn 0.000000 -1.000000 0.000000
vn 0.000000 -1.000000 0.000000
vn 0.000000 -1.000000 0.000000
vn 0.000000 -1.000000 0.000000
vn 0.000000 -1.000000 0.000000
vn 0.000000 -1.000000 0.000000
vn 0.000000 -1.000000 0.000000
vn 0.000000 1.000000 0.000000
vn 0.000000 1.000000 0.000000
vn 0.000000 1.000000 0.000000
vn 0.000000 1.000000 0.000000
vn 0.000000 1.000000 0.000000
vn 0.000000 1.000000 0.000000
vn 0.000000 1.000000 0.000000
vn 0.000000 1.000000 0.000000
vn 0.000000 1.000000 -0.000100
vn 0.000000 1.000000 0.000000
vn 0.000000 1.000000 0.000000
vn 0.000000 1.000000 0.000000
vn 0.000000 1.000000 0.000000
vn 0.000000 1.000000 0.000000
vn 0.000000 1.000000 0.000000
vn 0.000000 1.000000 0.000000
vn 0.000000 1.000000 0.000000
vn 0.000000 1.000000 0.000000
vn 0.000000 1.000000 0.000000
vn 0.000000 1.000000 0.000000
vn 0.000000 1.000000 0.000000
vn 0.000000 1.000000 0.000100
vn 0.000000 1.000000 0.000000
vn 0.000000 1.000000 0.000000
vn 0.000000 1.000000 0.000000
vn 0.000000 1.000000 0.000000
vn 0.000000 1.000000 0.000000
vn 0.000000 1.000000 0.000000
vn 0.000000 -1.000000 0.000000
vn 0.000000 -1.000000 0.000000
vn 0.000000 -1.000000 0.000000
vn 0.000000 -1.000000 0.000000
vn 0.000000 -1.000000 0.000000
vn 0.000000 -1.000000 0.000000
vn 0.000000 -1.000000 0.000000
vn 0.000000 -1.000000 0.000000
vn 0.000000 -1.000000 0.000000
vn 0.000000 -1.000000 0.000000
vn 0.000000 -1.000000 0.000000
vn 0.000000 -1.000000 0.000000
vn 0.000000 -1.000000 0.000000
vn 0.000000 -1.000000 0.000000
vn 0.000000 -1.000000 0.000000
vn 0.000000 -1.000000 0.000000
vn 0.000000 -1.000000 0.000000
vn 0.000000 -1.000000 0.000000
vn 0.000000 -1.000000 0.000000
vn 0.000000 -1.000000 0.000000
vn 0.000000 -1.000000 0.000000
vn 0.000000 -1.000000 0.000000
vn 0.000000 -1.000000 0.000000
vn 0.000000 -1.000000 0.000000
vn 0.000000 -1.000000 0.000000
vn 0.000000 -1.000000 0.000000
vn 0.000000 -1.000000 0.000000
vn 0.000000 -1.000000 0.000000
vn 0.000000 -1.000000 0.000000
vn 0.000000 -1.000000 0.000000
vn 0.000000 -1.000000 0.000000
vn 0.000000 -1.000000 0.000000
vn 0.000000 -1.000000 0.000000
vn 0.000000 -1.000000 0.000000
vn 0.000000 -1.000000 0.000000
vn 0.000000 -1.000000 0.000000
vn 0.000000 -1.000000 0.000000
vn 0.000000 -1.000000 0.000000
vn 0.000000 -1.000000 0.000300
vn 0.000000 -1.000000 0.000000
vn 0.000000 -1.000000 0.000000
vn 0.000000 -1.000000 0.000000
vn 0.000000 -1.000000 0.000000
vn 0.000000 -1.000000 0.000000
vn 0.000000 -1.000000 0.000000
vn 0.000000 -1.000000 0.000000
vn 0.000000 -1.000000 0.000000
vn 0.000000 -1.000000 0.000000
vn 0.000000 -1.000000 0.000000
vn 0.000000 -1.000000 0.000000
vn 0.000000 -1.000000 0.000000
vn 0.000000 -1.000000 0.000000
vn 0.000000 -1.000000 0.000300
vn 0.000000 -1.000000 0.000000
vn 0.000000 -1.000000 0.000000
vn 0.000000 -1.000000 0.000000
vn 0.000000 -1.000000 0.000000
vn 0.000000 -1.000000 0.000000
vn 0.000000 -1.000000 0.000300
vn 0.000000 -1.000000 0.000000
vn 0.000000 -1.000000 0.000000
vn 0.000000 1.000000 0.000000
vn 0.000000 1.000000 0.000000
vn 0.000000 1.000000 0.000000
vn 0.000000 1.000000 0.000100
vn 0.000000 1.000000 0.000000
vn 0.000000 1.000000 0.000100
vn 0.000000 1.000000 0.000000
vn 0.000000 1.000000 0.000000
vn 0.000000 1.000000 0.000000
vn 0.000000 1.000000 0.000000
vn 0.000000 1.000000 0.000000
vn 0.000000 1.000000 0.000000
vn 0.000000 1.000000 0.000000
vn 0.000000 1.000000 0.000000
vn 0.000000 1.000000 0.000000
vn 0.000000 1.000000 0.000000
vn 0.000000 1.000000 0.000000
vn 0.000000 1.000000 0.000000
vn 0.000000 1.000000 0.000000
vn 0.000000 1.000000 0.000000
vn 0.000000 1.000000 0.000000
vn 0.000000 1.000000 0.000000
vn 0.000000 1.000000 0.000000
vn 0.000000 1.000000 0.000000
vn 0.000000 1.000000 0.000000
vn 0.000000 1.000000 0.000000
vn 0.000000 1.000000 -0.000100
vn 0.000000 1.000000 -0.000100
vn 0.000000 1.000000 0.000000
vn 0.000000 1.000000 0.000000
vn 0.000000 1.000000 0.000000
vn 0.000000 1.000000 0.000000
vn 0.000000 1.000000 0.000000
vn 0.000000 1.000000 0.000000
vn 0.000000 1.000000 0.000000
vn 0.000000 1.000000 0.000000
vn 0.000000 1.000000 0.000000
vn 0.000000 1.000000 0.000000
vn 0.000000 1.000000 0.000000
vn 0.000000 1.000000 0.000000
vn -0.889202 -0.003700 -0.457501
vn -0.890898 -0.002100 -0.454199
vn -0.889607 -0.010600 -0.456604
vn -0.880836 -0.001100 -0.473420
vn -0.878625 0.000000 -0.477513
vn -0.890940 -0.000100 -0.454121
vn -0.951095 0.000000 -0.308898
vn -0.951163 0.000000 -0.308688
vn -1.000000 0.000000 0.000300
vn -1.000000 0.000000 0.000300
vn -0.951066 0.000000 0.308989
vn -0.951066 0.000000 0.308989
vn -0.891101 -0.001900 0.453801
vn -0.808710 0.000000 0.588207
vn -0.890493 0.000000 -0.454997
vn -0.880795 0.000400 -0.473497
vn -0.891037 0.003200 -0.453919
vn -0.891770 0.001800 -0.452485
vn -0.807908 -0.001500 0.589306
vn -0.889927 -0.009000 0.456014
vn -0.706306 0.000000 0.707906
vn -0.884140 -0.000600 0.467221
vn -0.727698 0.000000 0.685898
vn -0.891770 -0.001800 -0.452485
vn -0.951163 0.000000 -0.308688
vn -0.891037 -0.003200 -0.453919
vn -0.880859 -0.000400 -0.473378
vn -0.878625 0.000000 -0.477513
vn -0.951163 0.000000 -0.308688
vn -1.000000 0.000000 0.000300
vn -0.808580 0.000000 0.588386
vn -0.706306 0.000000 0.707906
vn -0.884099 0.000300 0.467300
vn -1.000000 0.000000 0.000300
vn -0.951066 0.000000 0.308989
vn -0.890795 0.002500 0.454398
vn -0.951066 0.000000 0.308989
vn -0.891872 0.001600 0.452286
vn -0.891872 -0.001600 0.452286
vn -0.727698 0.000000 0.685898
vn -0.890795 -0.002500 0.454398
vn -0.884140 -0.000300 0.467221
vn -0.808580 0.000000 0.588386
vn -0.884099 0.000300 0.467300
vn -0.890795 0.002600 0.454398
vn -0.891872 0.001600 0.452286
vn -0.891872 -0.001600 0.452286
vn -0.951066 0.000000 0.308989
vn -0.951066 0.000000 0.308989
vn -0.890795 -0.002600 0.454398
vn -1.000000 0.000000 0.000300
vn -1.000000 0.000000 0.000300
vn -0.884099 -0.000300 0.467300
vn -0.727698 0.000000 0.685898
vn -0.951163 0.000000 -0.308688
vn -0.951163 0.000000 -0.308688
vn -0.891770 0.001800 -0.452485
vn -0.891770 -0.001800 -0.452485
vn -0.807909 0.001400 0.589306
vn -0.884140 0.000600 0.467221
vn -0.808710 0.000000 0.588207
vn -0.891101 0.001800 0.453801
vn -0.889896 0.007800 0.456098
vn -0.951066 0.000000 0.308989
vn -0.890493 0.000000 -0.454997
vn -0.891037 0.003300 -0.453919
vn -0.891037 -0.003300 -0.453919
vn -0.951066 0.000000 0.308989
vn -0.880795 0.000400 -0.473497
vn -0.880837 -0.000400 -0.473420
vn -1.000000 0.000000 0.000300
vn -1.000000 0.000000 0.000300
vn -0.878625 0.000000 -0.477513
vn -0.951163 0.000000 -0.308688
vn -0.951124 0.000100 -0.308808
vn -0.890898 0.002000 -0.454199
vn -0.890900 0.000100 -0.454200
vn -0.889305 0.003500 -0.457302
vn -0.880836 0.001000 -0.473420
vn -0.889619 0.009300 -0.456610
# 1205 Normals

g g_nozzle
f 25//25 26//26 27//27
f 27//27 26//26 28//28
f 27//27 28//28 29//29
f 29//29 28//28 30//30
f 29//29 30//30 31//31
f 31//31 30//30 32//32
f 31//31 32//32 33//33
f 33//33 32//32 34//34
f 33//33 34//34 35//35
f 35//35 34//34 36//36
f 35//35 36//36 37//37
f 37//37 36//36 38//38
f 39//39 40//40 41//41
f 39//39 41//41 42//42
f 43//43 44//44 45//45
f 46//46 44//44 43//43
f 46//46 47//47 44//44
f 48//48 47//47 46//46
f 48//48 49//49 47//47
f 50//50 49//49 48//48
f 50//50 51//51 49//49
f 52//52 51//51 50//50
f 52//52 53//53 51//51
f 54//54 53//53 52//52
f 54//54 55//55 53//53
f 56//56 55//55 54//54
f 57//57 58//58 59//59
f 58//58 57//57 60//60
f 61//61 62//62 63//63
f 62//62 61//61 64//64
f 64//64 65//65 62//62
f 64//64 66//66 65//65
f 66//66 67//67 65//65
f 66//66 68//68 67//67
f 68//68 69//69 67//67
f 68//68 70//70 69//69
f 70//70 71//71 69//69
f 70//70 72//72 71//71
f 72//72 73//73 71//71
f 73//73 72//72 74//74
f 75//75 76//76 77//77
f 76//76 75//75 78//78
f 79//79 80//80 81//81
f 79//79 81//81 82//82
f 83//83 84//84 85//85
f 85//85 86//86 83//83
f 87//87 88//88 89//89
f 87//87 90//90 88//88
f 90//90 91//91 88//88
f 90//90 92//92 91//91
f 92//92 93//93 91//91
f 92//92 94//94 93//93
f 94//94 95//95 93//93
f 94//94 96//96 95//95
f 96//96 97//97 95//95
f 96//96 98//98 97//97
f 99//99 100//100 101//101
f 100//100 99//99 102//102
f 103//103 102//102 99//99
f 102//102 103//103 104//104
f 103//103 105//105 104//104
f 106//106 105//105 103//103
f 106//106 107//107 105//105
f 108//108 107//107 106//106
f 108//108 109//109 107//107
f 110//110 109//109 108//108
f 111//111 109//109 110//110
f 109//109 111//111 112//112
f 113//113 112//112 111//111
f 112//112 113//113 114//114
f 113//113 115//115 114//114
f 115//115 113//113 116//116
f 116//116 117//117 115//115
f 117//117 116//116 118//118
f 118//118 119//119 117//117
f 119//119 118//118 120//120
f 121//121 119//119 120//120
f 119//119 121//121 122//122
f 123//123 122//122 121//121
f 122//122 123//123 124//124
f 124//124 123//123 125//125
f 125//125 123//123 126//126
f 125//125 126//126 127//127
f 127//127 126//126 128//128
f 129//129 127//127 128//128
f 127//127 129//129 130//130
f 131//131 130//130 129//129
f 130//130 131//131 132//132
f 133//133 132//132 131//131
f 132//132 133//133 134//134
f 134//134 133//133 135//135
f 136//136 135//135 133//133
f 135//135 136//136 137//137
f 138//138 137//137 136//136
f 137//137 138//138 139//139
f 140//140 139//139 138//138
f 141//141 142//142 143//143
f 143//143 142//142 144//144
f 145//145 143//143 144//144
f 144//144 146//146 145//145
f 147//147 145//145 146//146
f 146//146 148//148 147//147
f 149//149 147//147 148//148
f 148//148 150//150 149//149
f 151//151 149//149 150//150
f 150//150 152//152 151//151
f 153//153 151//151 152//152
f 154//154 153//153 152//152
f 155//155 156//156 157//157
f 156//156 155//155 158//158
f 159//159 156//156 158//158
f 156//156 159//159 160//160
f 161//161 160//160 159//159
f 160//160 161//161 162//162
f 163//163 162//162 161//161
f 162//162 163//163 164//164
f 163//163 165//165 164//164
f 165//165 163//163 166//166
f 167//167 168//168 169//169
f 168//168 167//167 170//170
f 170//170 171//171 168//168
f 171//171 170//170 172//172
f 172//172 173//173 171//171
f 173//173 172//172 174//174
f 174//174 175//175 173//173
f 175//175 174//174 176//176
f 177//177 175//175 176//176
f 177//177 176//176 178//178
f 179//179 180//180 181//181
f 179//179 181//181 182//182
f 183//183 179//179 182//182
f 183//183 182//182 184//184
f 185//185 183//183 184//184
f 185//185 184//184 186//186
f 187//187 185//185 186//186
f 187//187 186//186 188//188
f 189//189 190//190 191//191
f 192//192 190//190 189//189
f 190//190 192//192 193//193
f 193//193 192//192 194//194
f 194//194 195//195 193//193
f 195//195 194//194 196//196
f 196//196 194//194 197//197
f 192//192 198//198 194//194
f 198//198 192//192 199//199
f 199//199 200//200 198//198
f 200//200 199//199 201//201
f 202//202 200//200 201//201
f 202//202 201//201 203//203
f 204//204 203//203 201//201
f 205//205 200//200 202//202
f 203//203 204//204 206//206
f 207//207 200//200 205//205
f 200//200 207//207 208//208
f 209//209 210//210 211//211
f 212//212 209//209 211//211
f 213//213 209//209 212//212
f 209//209 213//213 214//214
f 215//215 216//216 217//217
f 216//216 218//218 217//217
f 218//218 219//219 217//217
f 220//220 219//219 218//218
f 220//220 221//221 219//219
f 222//222 221//221 220//220
f 222//222 223//223 221//221
f 223//223 222//222 224//224
f 225//225 223//223 224//224
f 223//223 225//225 226//226
f 227//227 226//226 225//225
f 226//226 227//227 228//228
f 229//229 228//228 227//227
f 228//228 229//229 230//230
f 231//231 230//230 229//229
f 230//230 231//231 232//232
f 233//233 234//234 235//235
f 234//234 233//233 236//236
f 237//237 236//236 233//233
f 236//236 237//237 238//238
f 239//239 238//238 237//237
f 238//238 239//239 240//240
f 241//241 240//240 239//239
f 240//240 241//241 242//242
f 243//243 242//242 241//241
f 241//241 244//244 243//243
f 245//245 243//243 244//244
f 244//244 246//246 245//245
f 247//247 245//245 246//246
f 248//248 247//247 246//246
f 249//249 247//247 248//248
f 250//250 249//249 248//248
f 251//251 252//252 253//253
f 252//252 251//251 254//254
f 254//254 251//251 255//255
f 251//251 256//256 255//255
f 257//257 258//258 259//259
f 258//258 257//257 260//260
f 261//261 260//260 257//257
f 260//260 261//261 262//262
f 263//263 262//262 261//261
f 262//262 263//263 264//264
f 265//265 264//264 263//263
f 264//264 265//265 266//266
f 267//267 266//266 265//265
f 267//267 265//265 268//268
f 268//268 265//265 269//269
f 270//270 269//269 265//265
f 266//266 267//267 271//271
f 266//266 271//271 272//272
f 266//266 272//272 273//273
f 266//266 273//273 274//274
f 266//266 274//274 275//275
f 276//276 277//277 278//278
f 277//277 276//276 279//279
f 279//279 276//276 280//280
f 280//280 276//276 281//281
f 281//281 282//282 280//280
f 276//276 283//283 281//281
f 283//283 276//276 284//284
f 282//282 281//281 285//285
f 285//285 281//281 286//286
f 284//284 287//287 283//283
f 287//287 284//284 288//288
f 289//289 287//287 288//288
f 290//290 287//287 289//289
f 291//291 287//287 290//290
f 287//287 291//291 292//292
f 289//289 288//288 293//293
f 293//293 288//288 294//294
f 294//294 288//288 295//295
f 296//296 297//297 298//298
f 298//298 299//299 296//296
f 298//298 300//300 299//299
f 300//300 298//298 301//301
f 301//301 298//298 302//302
f 298//298 303//303 302//302
f 302//302 303//303 304//304
f 303//303 298//298 305//305
f 305//305 298//298 306//306
f 304//304 303//303 307//307
f 308//308 307//307 303//303
f 305//305 306//306 309//309
f 309//309 306//306 310//310
f 310//310 311//311 309//309
f 311//311 310//310 312//312
f 313//313 311//311 312//312
f 311//311 313//313 314//314
f 315//315 314//314 313//313
f 314//314 315//315 316//316
f 317//317 314//314 316//316
f 314//314 317//317 318//318
f 315//315 313//313 319//319
f 319//319 313//313 320//320
f 313//313 321//321 320//320
f 321//321 313//313 322//322
f 322//322 313//313 323//323
f 324//324 325//325 326//326
f 327//327 328//328 329//329
f 330//330 329//329 328//328
f 328//328 331//331 330//330
f 332//332 330//330 331//331
f 331//331 333//333 332//332
f 334//334 332//332 333//333
f 332//332 334//334 335//335
f 336//336 335//335 334//334
f 335//335 336//336 337//337
f 338//338 337//337 336//336
f 337//337 338//338 339//339
f 340//340 339//339 338//338
f 339//339 340//340 341//341
f 342//342 343//343 344//344
f 343//343 342//342 345//345
f 346//346 345//345 342//342
f 345//345 346//346 347//347
f 348//348 347//347 346//346
f 347//347 348//348 349//349
f 350//350 349//349 348//348
f 349//349 350//350 351//351
f 350//350 352//352 351//351
f 352//352 350//350 353//353
f 352//352 353//353 354//354
f 354//354 353//353 355//355
f 354//354 355//355 356//356
f 356//356 355//355 357//357
f 357//357 358//358 356//356
f 358//358 357//357 359//359
f 360//360 361//361 362//362
f 361//361 360//360 363//363
f 360//360 364//364 363//363
f 364//364 360//360 365//365
f 366//366 367//367 368//368
f 369//369 367//367 366//366
f 367//367 369//369 370//370
f 370//370 371//371 367//367
f 367//367 371//371 372//372
f 373//373 371//371 370//370
f 374//374 371//371 373//373
f 371//371 374//374 375//375
f 376//376 372//372 371//371
f 372//372 376//376 377//377
f 378//378 377//377 376//376
f 379//379 377//377 378//378
f 380//380 377//377 379//379
f 381//381 377//377 380//380
f 377//377 381//381 382//382
f 379//379 378//378 383//383
f 383//383 378//378 384//384
f 384//384 378//378 385//385
f 386//386 387//387 388//388
f 387//387 386//386 389//389
f 390//390 387//387 389//389
f 387//387 390//390 391//391
f 392//392 393//393 394//394
f 393//393 392//392 395//395
f 393//393 395//395 396//396
f 395//395 397//397 396//396
f 398//398 396//396 397//397
f 397//397 399//399 398//398
f 400//400 398//398 399//399
f 399//399 401//401 400//400
f 402//402 400//400 401//401
f 400//400 402//402 403//403
f 404//404 403//403 402//402
f 403//403 404//404 405//405
f 406//406 405//405 404//404
f 405//405 406//406 407//407
f 408//408 407//407 406//406
f 407//407 408//408 409//409
f 410//410 411//411 412//412
f 411//411 410//410 413//413
f 414//414 413//413 410//410
f 413//413 414//414 415//415
f 416//416 415//415 414//414
f 415//415 416//416 417//417
f 418//418 417//417 416//416
f 417//417 418//418 419//419
f 418//418 420//420 419//419
f 420//420 418//418 421//421
f 420//420 421//421 422//422
f 422//422 421//421 423//423
f 422//422 423//423 424//424
f 424//424 423//423 425//425
f 425//425 426//426 424//424
f 426//426 425//425 427//427
f 428//428 429//429 430//430
f 429//429 428//428 431//431
f 428//428 432//432 431//431
f 432//432 428//428 433//433
f 434//434 435//435 436//436
f 435//435 434//434 437//437
f 434//434 438//438 437//437
f 439//439 437//437 438//438
f 437//437 439//439 440//440
f 439//439 441//441 440//440
f 442//442 440//440 441//441
f 440//440 442//442 443//443
f 444//444 445//445 446//446
f 445//445 444//444 447//447
f 448//448 449//449 450//450
f 449//449 448//448 451//451
f 452//452 449//449 451//451
f 449//449 452//452 453//453
f 452//452 454//454 453//453
f 455//455 454//454 452//452
f 454//454 455//455 456//456
f 457//457 456//456 455//455
f 457//457 455//455 458//458
f 459//459 460//460 461//461
f 461//461 462//462 459//459
f 463//463 459//459 462//462
f 464//464 463//463 462//462
f 463//463 464//464 465//465
f 466//466 467//467 468//468
f 468//468 469//469 466//466
f 469//469 470//470 466//466
f 470//470 469//469 471//471
f 471//471 472//472 470//470
f 471//471 473//473 472//472
f 474//474 475//475 476//476
f 475//475 474//474 477//477
f 474//474 478//478 477//477
f 479//479 480//480 481//481
f 480//480 479//479 482//482
f 483//483 482//482 479//479
f 484//484 483//483 479//479
f 483//483 484//484 485//485
f 486//486 485//485 484//484
f 485//485 486//486 487//487
f 488//488 487//487 486//486
f 487//487 488//488 489//489
f 490//490 491//491 492//492
f 491//491 490//490 493//493
f 490//490 494//494 493//493
f 495//495 494//494 490//490
f 494//494 495//495 496//496
f 497//497 498//498 499//499
f 498//498 500//500 499//499
f 500//500 501//501 499//499
f 502//502 503//503 504//504
f 505//505 506//506 507//507
f 508//508 506//506 505//505
f 508//508 505//505 509//509
f 510//510 511//511 512//512
f 513//513 514//514 515//515
f 515//515 514//514 516//516
f 514//514 517//517 516//516
f 516//516 517//517 518//518
f 519//519 520//520 521//521
f 522//522 521//521 520//520
f 521//521 522//522 523//523
f 524//524 523//523 522//522
f 524//524 525//525 523//523
f 525//525 524//524 526//526
f 527//527 528//528 529//529
f 530//530 531//531 532//532
f 531//531 533//533 532//532
f 534//534 535//535 536//536
f 537//537 538//538 539//539
f 538//538 537//537 540//540
f 541//541 542//542 543//543
f 541//541 544//544 542//542
f 544//544 541//541 545//545
f 546//546 547//547 548//548
f 549//549 550//550 551//551
f 550//550 552//552 551//551
f 553//553 554//554 555//555
f 553//553 556//556 554//554
f 556//556 553//553 557//557
f 558//558 559//559 560//560
f 560//560 559//559 561//561
f 559//559 562//562 561//561
f 561//561 562//562 563//563
f 564//564 565//565 566//566
f 565//565 564//564 567//567
f 567//567 568//568 565//565
f 568//568 567//567 569//569
f 570//570 571//571 572//572
f 571//571 570//570 573//573
f 574//574 575//575 576//576
f 575//575 574//574 577//577
f 578//578 577//577 574//574
f 579//579 577//577 578//578
f 580//580 579//579 578//578
f 578//578 581//581 580//580
f 582//582 583//583 584//584
f 583//583 582//582 585//585
f 586//586 587//587 588//588
f 587//587 586//586 589//589
f 590//590 591//591 592//592
f 590//590 593//593 591//591
f 594//594 595//595 596//596
f 595//595 597//597 596//596
f 598//598 599//599 600//600
f 599//599 598//598 601//601
f 602//602 603//603 604//604
f 604//604 603//603 605//605
f 606//606 607//607 608//608
f 609//609 607//607 606//606
f 606//606 610//610 609//609
f 611//611 612//612 613//613
f 614//614 615//615 616//616
f 614//614 616//616 617//617
f 617//617 618//618 614//614
f 618//618 617//617 619//619
f 620//620 621//621 622//622
f 621//621 620//620 623//623
f 623//623 624//624 621//621
f 624//624 623//623 625//625
f 626//626 627//627 628//628
f 629//629 627//627 626//626
f 626//626 630//630 629//629
f 631//631 632//632 633//633
f 634//634 631//631 633//633
f 633//633 635//635 634//634
f 636//636 637//637 638//638
f 637//637 636//636 639//639
f 639//639 640//640 637//637
f 640//640 639//639 641//641
f 642//642 643//643 644//644
f 643//643 645//645 644//644
f 646//646 647//647 648//648
f 648//648 647//647 649//649
f 650//650 651//651 652//652
f 651//651 650//650 653//653
f 654//654 655//655 656//656
f 655//655 654//654 657//657
f 658//658 659//659 660//660
f 659//659 658//658 661//661
f 662//662 659//659 661//661
f 659//659 662//662 663//663
f 664//664 663//663 662//662
f 663//663 664//664 665//665
f 666//666 665//665 664//664
f 665//665 666//666 667//667
f 668//668 669//669 670//670
f 668//668 670//670 671//671
f 672//672 673//673 674//674
f 673//673 672//672 675//675
f 676//676 677//677 678//678
f 677//677 676//676 679//679
f 680//680 681//681 682//682
f 681//681 680//680 683//683
f 683//683 680//680 684//684
f 684//684 685//685 683//683
f 686//686 687//687 688//688
f 688//688 687//687 689//689
f 690//690 691//691 692//692
f 691//691 690//690 693//693
f 694//694 695//695 696//696
f 695//695 694//694 697//697
f 697//697 698//698 695//695
f 698//698 697//697 699//699
f 700//700 701//701 702//702
f 703//703 324//324 326//326
f 704//704 324//324 703//703
f 324//324 704//704 705//705
f 706//706 707//707 708//708
f 707//707 709//709 708//708
f 709//709 710//710 708//708
f 711//711 710//710 709//709
f 711//711 712//712 710//710
f 713//713 712//712 711//711
f 713//713 714//714 712//712
f 714//714 713//713 715//715
f 716//716 714//714 715//715
f 714//714 716//716 717//717
f 718//718 717//717 716//716
f 717//717 718//718 719//719
f 720//720 719//719 718//718
f 719//719 720//720 721//721
f 722//722 721//721 720//720
f 721//721 722//722 723//723
f 724//724 725//725 726//726
f 725//725 724//724 727//727
f 728//728 727//727 724//724
f 727//727 728//728 729//729
f 730//730 729//729 728//728
f 729//729 730//730 731//731
f 732//732 731//731 730//730
f 731//731 732//732 733//733
f 734//734 733//733 732//732
f 732//732 735//735 734//734
f 736//736 734//734 735//735
f 735//735 737//737 736//736
f 738//738 736//736 737//737
f 739//739 738//738 737//737
f 740//740 738//738 739//739
f 741//741 740//740 739//739
f 742//742 743//743 744//744
f 743//743 742//742 745//745
f 745//745 742//742 746//746
f 742//742 747//747 746//746
f 748//748 749//749 750//750
f 749//749 748//748 751//751
f 751//751 748//748 752//752
f 752//752 748//748 753//753
f 753//753 754//754 752//752
f 748//748 755//755 753//753
f 755//755 748//748 756//756
f 754//754 753//753 757//757
f 757//757 753//753 758//758
f 756//756 759//759 755//755
f 759//759 756//756 760//760
f 761//761 759//759 760//760
f 762//762 759//759 761//761
f 763//763 759//759 762//762
f 759//759 763//763 764//764
f 761//761 760//760 765//765
f 765//765 760//760 766//766
f 766//766 760//760 767//767
f 768//768 769//769 770//770
f 771//771 768//768 770//770
f 772//772 768//768 771//771
f 768//768 772//772 773//773
f 774//774 775//775 776//776
f 775//775 777//777 776//776
f 777//777 778//778 776//776
f 779//779 778//778 777//777
f 779//779 780//780 778//778
f 781//781 780//780 779//779
f 781//781 782//782 780//780
f 782//782 781//781 783//783
f 784//784 782//782 783//783
f 782//782 784//784 785//785
f 786//786 785//785 784//784
f 785//785 786//786 787//787
f 788//788 787//787 786//786
f 787//787 788//788 789//789
f 790//790 789//789 788//788
f 789//789 790//790 791//791
f 792//792 793//793 794//794
f 793//793 792//792 795//795
f 796//796 795//795 792//792
f 795//795 796//796 797//797
f 798//798 797//797 796//796
f 797//797 798//798 799//799
f 800//800 799//799 798//798
f 799//799 800//800 801//801
f 802//802 801//801 800//800
f 800//800 803//803 802//802
f 804//804 802//802 803//803
f 803//803 805//805 804//804
f 806//806 804//804 805//805
f 807//807 806//806 805//805
f 808//808 806//806 807//807
f 809//809 808//808 807//807
f 810//810 811//811 812//812
f 811//811 810//810 813//813
f 813//813 810//810 814//814
f 810//810 815//815 814//814
f 816//816 817//817 818//818
f 819//819 817//817 816//816
f 820//820 817//817 819//819
f 820//820 821//821 817//817
f 820//820 822//822 821//821
f 822//822 820//820 823//823
f 824//824 822//822 823//823
f 824//824 825//825 822//822
f 826//826 825//825 824//824
f 826//826 827//827 825//825
f 828//828 827//827 826//826
f 828//828 829//829 827//827
f 829//829 828//828 830//830
f 830//830 828//828 831//831
f 830//830 831//831 832//832
f 830//830 832//832 833//833
f 834//834 835//835 836//836
f 834//834 836//836 837//837
f 834//834 837//837 838//838
f 838//838 839//839 834//834
f 839//839 838//838 840//840
f 834//834 839//839 841//841
f 834//834 841//841 842//842
f 834//834 842//842 843//843
f 839//839 840//840 844//844
f 844//844 840//840 845//845
f 844//844 845//845 846//846
f 846//846 845//845 847//847
f 846//846 847//847 848//848
f 847//847 849//849 848//848
f 850//850 849//849 847//847
f 849//849 850//850 851//851
f 849//849 851//851 852//852
f 850//850 853//853 851//851
f 852//852 851//851 854//854
f 853//853 855//855 851//851
f 854//854 851//851 856//856
f 855//855 857//857 851//851
f 858//858 859//859 860//860
f 861//861 859//859 858//858
f 859//859 861//861 862//862
f 862//862 863//863 859//859
f 859//859 863//863 864//864
f 865//865 863//863 862//862
f 866//866 864//864 863//863
f 863//863 865//865 867//867
f 864//864 866//866 868//868
f 867//867 865//865 869//869
f 870//870 868//868 866//866
f 871//871 868//868 870//870
f 871//871 870//870 872//872
f 873//873 872//872 870//870
f 874//874 868//868 871//871
f 872//872 873//873 875//875
f 876//876 868//868 874//874
f 868//868 876//876 877//877
f 878//878 879//879 880//880
f 879//879 878//878 881//881
f 882//882 879//879 881//881
f 879//879 882//882 883//883
f 884//884 885//885 886//886
f 885//885 884//884 887//887
f 885//885 887//887 888//888
f 887//887 889//889 888//888
f 890//890 888//888 889//889
f 889//889 891//891 890//890
f 892//892 890//890 891//891
f 891//891 893//893 892//892
f 894//894 892//892 893//893
f 892//892 894//894 895//895
f 896//896 895//895 894//894
f 895//895 896//896 897//897
f 898//898 897//897 896//896
f 897//897 898//898 899//899
f 900//900 899//899 898//898
f 899//899 900//900 901//901
f 902//902 903//903 904//904
f 903//903 902//902 905//905
f 906//906 905//905 902//902
f 905//905 906//906 907//907
f 908//908 907//907 906//906
f 907//907 908//908 909//909
f 910//910 909//909 908//908
f 909//909 910//910 911//911
f 910//910 912//912 911//911
f 912//912 910//910 913//913
f 912//912 913//913 914//914
f 914//914 913//913 915//915
f 914//914 915//915 916//916
f 916//916 915//915 917//917
f 917//917 918//918 916//916
f 918//918 917//917 919//919
f 920//920 921//921 922//922
f 921//921 920//920 923//923
f 920//920 924//924 923//923
f 924//924 920//920 925//925
f 926//926 927//927 928//928
f 929//929 927//927 926//926
f 930//930 927//927 929//929
f 930//930 931//931 927//927
f 931//931 930//930 932//932
f 932//932 930//930 933//933
f 931//931 934//934 927//927
f 934//934 935//935 927//927
f 935//935 936//936 927//927
f 933//933 937//937 932//932
f 937//937 933//933 938//938
f 938//938 939//939 937//937
f 939//939 938//938 940//940
f 940//940 941//941 939//939
f 942//942 941//941 940//940
f 941//941 942//942 943//943
f 943//943 944//944 941//941
f 943//943 942//942 945//945
f 943//943 946//946 944//944
f 943//943 945//945 947//947
f 943//943 948//948 946//946
f 943//943 947//947 949//949
f 950//950 951//951 952//952
f 950//950 952//952 953//953
f 950//950 953//953 954//954
f 954//954 955//955 950//950
f 955//955 954//954 956//956
f 957//957 956//956 954//954
f 956//956 957//957 958//958
f 957//957 959//959 958//958
f 958//958 959//959 960//960
f 959//959 961//961 960//960
f 962//962 960//960 961//961
f 960//960 962//962 963//963
f 964//964 963//963 962//962
f 962//962 965//965 964//964
f 965//965 966//966 964//964
f 966//966 967//967 964//964
f 968//968 969//969 970//970
f 971//971 969//969 968//968
f 969//969 971//971 972//972
f 972//972 973//973 969//969
f 969//969 973//973 974//974
f 975//975 973//973 972//972
f 976//976 973//973 975//975
f 973//973 976//976 977//977
f 978//978 974//974 973//973
f 974//974 978//978 979//979
f 980//980 979//979 978//978
f 981//981 979//979 980//980
f 982//982 979//979 981//981
f 983//983 979//979 982//982
f 979//979 983//983 984//984
f 981//981 980//980 985//985
f 985//985 980//980 986//986
f 986//986 980//980 987//987
f 988//988 989//989 990//990
f 989//989 988//988 991//991
f 992//992 989//989 991//991
f 989//989 992//992 993//993
f 994//994 995//995 996//996
f 995//995 994//994 327//327
f 995//995 327//327 329//329
f 702//702 701//701 997//997
f 998//998 999//999 1000//1000
f 999//999 998//998 1001//1001
f 1002//1002 1003//1003 1004//1004
f 1003//1003 1005//1005 1004//1004
f 1006//1006 1007//1007 1008//1008
f 1007//1007 1006//1006 1009//1009
f 1008//1008 1010//1010 1006//1006
f 1006//1006 1011//1011 1009//1009
f 1012//1012 1006//1006 1010//1010
f 1011//1011 1006//1006 1013//1013
f 1006//1006 1012//1012 1014//1014
f 1006//1006 1015//1015 1013//1013
f 1016//1016 1006//1006 1014//1014
f 1015//1015 1006//1006 1017//1017
f 1006//1006 1016//1016 1018//1018
f 1019//1019 1017//1017 1006//1006
f 1020//1020 1006//1006 1018//1018
f 1006//1006 1020//1020 1019//1019
f 1021//1021 1022//1022 1023//1023
f 1024//1024 1023//1023 1022//1022
f 1022//1022 1021//1021 1025//1025
f 1026//1026 1025//1025 1021//1021
f 1022//1022 1027//1027 1024//1024
f 1027//1027 1028//1028 1024//1024
f 1025//1025 1026//1026 1029//1029
f 1028//1028 1027//1027 1030//1030
f 1030//1030 1031//1031 1028//1028
f 1026//1026 1032//1032 1029//1029
f 1032//1032 1026//1026 1033//1033
f 1031//1031 1030//1030 1034//1034
f 1035//1035 1032//1032 1033//1033
f 1032//1032 1035//1035 1036//1036
f 1037//1037 1031//1031 1034//1034
f 1031//1031 1037//1037 1038//1038
f 1039//1039 1036//1036 1035//1035
f 1035//1035 1040//1040 1039//1039
f 1041//1041 1038//1038 1037//1037
f 1041//1041 1037//1037 1042//1042
f 1040//1040 1043//1043 1039//1039
f 1040//1040 1044//1044 1043//1043
f 1045//1045 1041//1041 1042//1042
f 1041//1041 1045//1045 1046//1046
f 1044//1044 1047//1047 1043//1043
f 1047//1047 1046//1046 1045//1045
f 1047//1047 1044//1044 1048//1048
f 1046//1046 1047//1047 1048//1048
f 1049//1049 1050//1050 1051//1051
f 1052//1052 1049//1049 1051//1051
f 1050//1050 1053//1053 1051//1051
f 1054//1054 1052//1052 1051//1051
f 1053//1053 1055//1055 1051//1051
f 1056//1056 1054//1054 1051//1051
f 1055//1055 1057//1057 1051//1051
f 1058//1058 1056//1056 1051//1051
f 1057//1057 1059//1059 1051//1051
f 1060//1060 1058//1058 1051//1051
f 1059//1059 1061//1061 1051//1051
f 1062//1062 1060//1060 1051//1051
f 1061//1061 1063//1063 1051//1051
f 1064//1064 1062//1062 1051//1051
f 1063//1063 1065//1065 1051//1051
f 1066//1066 1064//1064 1051//1051
f 1065//1065 1067//1067 1051//1051
f 1068//1068 1066//1066 1051//1051
f 1069//1069 1068//1068 1051//1051
f 1067//1067 1069//1069 1051//1051
f 1070//1070 1071//1071 1072//1072
f 1073//1073 1072//1072 1071//1071
f 1071//1071 1070//1070 1074//1074
f 1075//1075 1074//1074 1070//1070
f 1073//1073 1071//1071 1076//1076
f 1076//1076 1077//1077 1073//1073
f 1074//1074 1075//1075 1078//1078
f 1079//1079 1078//1078 1075//1075
f 1077//1077 1076//1076 1080//1080
f 1078//1078 1079//1079 1081//1081
f 1082//1082 1081//1081 1079//1079
f 1083//1083 1077//1077 1080//1080
f 1077//1077 1083//1083 1084//1084
f 1081//1081 1082//1082 1085//1085
f 1086//1086 1084//1084 1083//1083
f 1083//1083 1087//1087 1086//1086
f 1082//1082 1088//1088 1085//1085
f 1088//1088 1082//1082 1089//1089
f 1090//1090 1086//1086 1087//1087
f 1086//1086 1090//1090 1091//1091
f 1089//1089 1092//1092 1088//1088
f 1092//1092 1089//1089 1093//1093
f 1094//1094 1091//1091 1090//1090
f 1091//1091 1094//1094 1095//1095
f 1096//1096 1092//1092 1093//1093
f 1092//1092 1096//1096 1097//1097
f 1098//1098 1095//1095 1094//1094
f 1098//1098 1094//1094 1099//1099
f 1096//1096 1100//1100 1097//1097
f 1096//1096 1101//1101 1100//1100
f 1102//1102 1098//1098 1099//1099
f 1102//1102 1099//1099 1103//1103
f 1104//1104 1100//1100 1101//1101
f 1100//1100 1104//1104 1105//1105
f 1103//1103 1106//1106 1102//1102
f 1106//1106 1103//1103 1107//1107
f 1108//1108 1105//1105 1104//1104
f 1107//1107 1108//1108 1106//1106
f 1108//1108 1107//1107 1109//1109
f 1105//1105 1108//1108 1109//1109
f 1110//1110 1111//1111 1112//1112
f 1113//1113 1110//1110 1112//1112
f 1111//1111 1110//1110 1114//1114
f 1110//1110 1113//1113 1115//1115
f 1116//1116 1111//1111 1114//1114
f 1116//1116 1114//1114 1117//1117
f 1113//1113 1118//1118 1115//1115
f 1118//1118 1113//1113 1119//1119
f 1120//1120 1116//1116 1117//1117
f 1117//1117 1121//1121 1120//1120
f 1122//1122 1118//1118 1119//1119
f 1118//1118 1122//1122 1123//1123
f 1124//1124 1120//1120 1121//1121
f 1121//1121 1125//1125 1124//1124
f 1126//1126 1123//1123 1122//1122
f 1122//1122 1127//1127 1126//1126
f 1125//1125 1128//1128 1124//1124
f 1125//1125 1129//1129 1128//1128
f 1130//1130 1126//1126 1127//1127
f 1126//1126 1130//1130 1131//1131
f 1129//1129 1132//1132 1128//1128
f 1132//1132 1129//1129 1133//1133
f 1134//1134 1131//1131 1130//1130
f 1131//1131 1134//1134 1135//1135
f 1133//1133 1136//1136 1132//1132
f 1136//1136 1133//1133 1137//1137
f 1138//1138 1135//1135 1134//1134
f 1135//1135 1138//1138 1139//1139
f 1137//1137 1140//1140 1136//1136
f 1140//1140 1137//1137 1141//1141
f 1142//1142 1139//1139 1138//1138
f 1139//1139 1142//1142 1143//1143
f 1144//1144 1140//1140 1141//1141
f 1140//1140 1144//1144 1145//1145
f 1146//1146 1143//1143 1142//1142
f 1143//1143 1146//1146 1147//1147
f 1148//1148 1145//1145 1144//1144
f 1148//1148 1147//1147 1146//1146
f 1146//1146 1149//1149 1148//1148
f 1145//1145 1148//1148 1149//1149
f 1150//1150 1151//1151 1152//1152
f 1150//1150 1152//1152 1153//1153
f 1150//1150 1153//1153 1154//1154
f 1155//1155 1151//1151 1150//1150
f 1151//1151 1155//1155 1156//1156
f 1151//1151 1156//1156 1157//1157
f 1158//1158 1157//1157 1156//1156
f 1158//1158 1159//1159 1157//1157
f 1160//1160 1159//1159 1158//1158
f 1160//1160 1161//1161 1159//1159
f 1160//1160 1162//1162 1161//1161
f 1162//1162 1160//1160 1163//1163
f 1164//1164 1154//1154 1165//1165
f 1164//1164 1165//1165 1166//1166
f 1164//1164 1166//1166 1167//1167
f 1162//1162 1163//1163 1168//1168
f 1162//1162 1168//1168 1169//1169
f 1170//1170 1168//1168 1163//1163
f 1169//1169 1168//1168 1171//1171
f 1171//1171 1168//1168 1172//1172
f 1168//1168 1170//1170 1172//1172
f 1167//1167 1173//1173 1164//1164
f 1173//1173 1167//1167 1174//1174
f 1164//1164 1173//1173 1175//1175
f 1164//1164 1175//1175 1176//1176
f 1164//1164 1176//1176 1177//1177
f 1173//1173 1174//1174 1178//1178
f 1179//1179 1178//1178 1174//1174
f 1170//1170 1180//1180 1172//1172
f 1180//1180 1170//1170 1181//1181
f 1182//1182 1172//1172 1180//1180
f 1183//1183 1178//1178 1179//1179
f 1184//1184 1183//1183 1179//1179
f 1185//1185 1182//1182 1180//1180
f 1183//1183 1184//1184 1186//1186
f 1187//1187 1185//1185 1180//1180
f 1184//1184 1188//1188 1186//1186
f 1187//1187 1188//1188 1184//1184
f 1188//1188 1187//1187 1180//1180
f 1180//1180 1181//1181 1189//1189
f 1188//1188 1180//1180 1190//1190
f 1190//1190 1180//1180 1191//1191
f 1191//1191 1180//1180 1189//1189
f 1189//1189 1181//1181 1192//1192
f 1193//1193 1189//1189 1192//1192
f 1194//1194 1193//1193 1192//1192
f 1195//1195 1194//1194 1192//1192
f 1196//1196 1195//1195 1192//1192
f 1195//1195 1196//1196 1197//1197
f 1197//1197 1196//1196 1198//1198
f 1196//1196 1192//1192 1199//1199
f 1197//1197 1198//1198 1200//1200
f 1198//1198 1201//1201 1200//1200
f 1199//1199 1192//1192 1202//1202
f 1202//1202 1192//1192 1203//1203
f 1181//1181 1203//1203 1192//1192
f 1200//1200 1201//1201 1204//1204
f 1201//1201 1205//1205 1204//1204
f 1204//1204 1205//1205 1206//1206
f 1207//1207 1206//1206 1205//1205
f 1203//1203 1181//1181 1208//1208
f 1209//1209 1203//1203 1208//1208
f 1208//1208 1181//1181 1210//1210
f 1210//1210 1211//1211 1208//1208
f 1211//1211 1212//1212 1208//1208
f 1212//1212 1209//1209 1208//1208
f 1213//1213 1211//1211 1210//1210
f 1206//1206 1207//1207 1214//1214
f 1214//1214 1215//1215 1206//1206
f 1214//1214 1207//1207 1216//1216
f 1211//1211 1213//1213 1217//1217
f 1214//1214 1218//1218 1215//1215
f 1214//1214 1216//1216 1219//1219
f 1213//1213 1220//1220 1217//1217
f 1220//1220 1213//1213 1221//1221
f 1214//1214 1177//1177 1218//1218
f 1214//1214 1219//1219 1222//1222
f 1221//1221 1223//1223 1220//1220
f 1223//1223 1221//1221 1224//1224
f 1224//1224 1225//1225 1223//1223
f 1226//1226 1225//1225 1224//1224
f 1225//1225 1226//1226 1227//1227
f 1227//1227 1222//1222 1228//1228
f 1227//1227 1228//1228 1229//1229
f 1227//1227 1229//1229 1225//1225
# 1000 Faces

