# Blender v2.79 (sub 0) OBJ File: 'score_bnk_trolly_caged.blend'
# www.blender.org
mtllib score_bnk_trolly_caged.mtl
o g_money_full_002
v -25.000011 -47.999996 0.000000
v 24.999989 -48.000000 0.000000
v 25.000011 47.999992 0.000000
v -24.999989 48.000004 0.000000
v 25.000011 47.999992 30.000002
v 24.999989 -48.000000 30.000002
v -25.000011 -47.999996 30.000002
v -24.999989 48.000004 30.000002
v -25.000011 -47.999996 0.000000
v 24.999989 -48.000000 0.000000
v 25.000011 47.999992 0.000000
v -24.999989 48.000004 0.000000
v 25.000011 47.999992 30.000002
v 24.999989 -48.000000 30.000002
v -25.000011 -47.999996 30.000002
v -24.999989 48.000004 30.000002
v 25.000000 -10.000002 30.000002
v -25.000000 -9.999996 30.000002
v 25.000000 -10.000002 0.000000
v -25.000000 -9.999996 0.000000
vt 0.031250 0.707031
vt 0.589844 1.000000
vt 0.589844 0.707031
vt 0.027344 0.707031
vt 0.589844 1.000000
vt 0.027344 1.000000
vt 0.000000 0.000000
vt 0.000000 0.000000
vt 0.000000 0.000000
vt 0.707031 -0.101562
vt 1.000000 1.000000
vt 1.000000 -0.101562
vt 1.000000 1.000000
vt 0.707031 -0.101562
vt 0.707031 1.000000
vt 0.587891 0.000000
vt 0.027344 0.421875
vt 0.587891 0.421875
vt 0.587891 0.421875
vt 0.027344 0.000000
vt 0.027344 0.421875
vt 0.587891 0.000000
vt 0.027344 0.695312
vt 0.587891 0.695312
vt 0.587891 0.695312
vt 0.027344 0.000000
vt 0.027344 0.695312
vt 0.031250 1.000000
vt 0.589844 0.707031
vt 0.000000 0.000000
vt 0.707031 1.000000
vt 1.000000 -0.101562
vt 0.027344 0.000000
vt 0.587891 0.000000
vt 0.027344 0.000000
vt 0.587891 0.000000
vn -0.0000 -1.0000 0.0000
vn 0.0000 1.0000 0.0000
vn 1.0000 -0.0000 0.0000
vn -1.0000 0.0000 0.0000
vn -0.0000 0.0000 1.0000
vn 0.0000 0.0000 -1.0000
usemtl mtl_money
s off
f 7/1/1 2/2/1 6/3/1
f 8/4/2 3/5/2 4/6/2
f 8/7/1 3/8/1 5/9/1
f 5/10/3 2/11/3 3/12/3
f 7/13/4 4/14/4 1/15/4
f 17/16/5 15/17/5 14/18/5
f 9/19/6 19/20/6 10/21/6
f 13/22/5 18/23/5 17/24/5
f 20/25/6 11/26/6 19/27/6
f 7/1/1 1/28/1 2/2/1
f 8/4/2 5/29/2 3/5/2
f 8/7/1 4/30/1 3/8/1
f 5/10/3 6/31/3 2/11/3
f 7/13/4 8/32/4 4/14/4
f 17/16/5 18/33/5 15/17/5
f 9/19/6 20/34/6 19/20/6
f 13/22/5 16/35/5 18/23/5
f 20/25/6 12/36/6 11/26/6
o g_mul
v 35.000000 59.999996 0.500000
v -35.000000 59.999996 0.500000
v 35.000000 -59.999996 0.500000
v -35.000000 -59.999996 0.500000
vt 1.000000 0.000000
vt 0.000000 1.000000
vt 0.000000 0.000000
vt 1.000000 1.000000
vn 0.0000 0.0000 1.0000
usemtl mtl_mul
s off
f 23/37/7 22/38/7 24/39/7
f 23/37/7 21/40/7 22/38/7
o c_panel
v 0.000016 45.000004 16.000025
v 3.700009 45.000004 16.000025
v 0.000016 -45.000019 16.000008
v 3.700009 -45.000019 16.000008
v 0.000016 -44.999989 -60.000004
v 0.000016 44.999992 -60.000004
v 3.700009 -44.999989 -58.000004
v 3.700009 44.999992 -58.000004
vt 0.658203 0.782715
vt 0.673828 0.782715
vt 0.673828 0.782715
vt 0.658203 0.782715
vt 0.673828 0.782715
vt 0.658203 0.782715
vt 0.658203 0.782715
vt 0.673828 0.782715
vn 0.0000 -0.0000 1.0000
vn 0.4755 0.0000 -0.8797
vn 0.0000 -1.0000 -0.0000
vn -1.0000 0.0000 0.0000
vn 0.0000 1.0000 -0.0000
vn 1.0000 0.0000 0.0000
usemtl None
s off
f 26/41/8 27/42/8 28/43/8
f 32/44/9 29/45/9 30/46/9
f 27/42/10 31/47/10 28/43/10
f 25/48/11 29/45/11 27/42/11
f 32/44/12 25/48/12 26/41/12
f 28/43/13 32/44/13 26/41/13
f 26/41/8 25/48/8 27/42/8
f 32/44/9 31/47/9 29/45/9
f 27/42/10 29/45/10 31/47/10
f 25/48/11 30/46/11 29/45/11
f 32/44/12 30/46/12 25/48/12
f 28/43/13 31/47/13 32/44/13
o c_box_006
v -0.000001 -100.000000 0.000002
v -0.000001 -100.000000 86.999992
v -0.000001 -0.000001 0.000002
v -0.000001 -0.000001 86.999992
v 4.000002 -100.000000 0.000002
v 4.000002 -100.000000 86.999992
v 4.000002 -0.000001 0.000002
v 4.000002 -0.000001 86.999992
vn -1.0000 -0.0000 0.0000
vn 0.0000 1.0000 0.0000
vn 1.0000 0.0000 0.0000
vn 0.0000 -1.0000 0.0000
vn 0.0000 0.0000 -1.0000
vn 0.0000 0.0000 1.0000
usemtl None_NONE
s off
f 34//14 35//14 33//14
f 36//15 39//15 35//15
f 40//16 37//16 39//16
f 38//17 33//17 37//17
f 39//18 33//18 35//18
f 36//19 38//19 40//19
f 34//14 36//14 35//14
f 36//15 40//15 39//15
f 40//16 38//16 37//16
f 38//17 34//17 33//17
f 39//18 37//18 33//18
f 36//19 34//19 38//19
o c_convex_002
v -26.999998 -70.000000 105.999985
v -26.999998 -46.000000 79.999992
v -24.999998 -70.000000 105.999985
v -24.999998 -46.000000 79.999992
v -26.999998 -70.877769 85.812759
v -26.999998 -74.185814 91.188904
v -24.999998 -74.185814 91.188904
v -24.999998 -70.877769 85.812759
v -26.999998 -48.500000 105.999985
v -26.999998 -46.000000 103.499985
v -24.999998 -46.000000 103.499985
v -24.999998 -48.500000 105.999985
vn 0.0000 -0.9623 0.2720
vn 1.0000 0.0000 0.0000
vn 0.0000 1.0000 0.0000
vn -1.0000 0.0000 0.0000
vn 0.0000 -0.8517 -0.5241
vn 0.0000 -0.2275 -0.9738
vn 0.0000 0.7071 0.7071
vn 0.0000 0.0000 1.0000
usemtl None_NONE
s off
f 43//20 46//20 47//20
f 52//21 43//21 48//21
f 50//22 44//22 42//22
f 41//23 49//23 45//23
f 48//24 46//24 45//24
f 44//25 45//25 42//25
f 52//26 50//26 49//26
f 49//27 43//27 52//27
f 43//20 41//20 46//20
f 48//21 44//21 51//21
f 51//21 52//21 48//21
f 43//21 47//21 48//21
f 50//22 51//22 44//22
f 42//23 45//23 50//23
f 46//23 41//23 45//23
f 49//23 50//23 45//23
f 48//24 47//24 46//24
f 44//25 48//25 45//25
f 52//26 51//26 50//26
f 49//27 41//27 43//27
o c_convex_001
v 25.000000 -70.000000 105.999985
v 25.000000 -46.000000 79.999992
v 27.000002 -70.000000 105.999985
v 27.000002 -46.000000 79.999992
v 25.000000 -70.877769 85.812759
v 25.000000 -74.185814 91.188904
v 27.000002 -74.185814 91.188904
v 27.000002 -70.877769 85.812759
v 25.000000 -48.500000 105.999985
v 25.000000 -46.000000 103.499985
v 27.000002 -46.000000 103.499985
v 27.000002 -48.500000 105.999985
vn 0.0000 -0.9623 0.2720
vn 1.0000 0.0000 0.0000
vn 0.0000 1.0000 0.0000
vn -1.0000 0.0000 0.0000
vn 0.0000 -0.8517 -0.5241
vn 0.0000 -0.2275 -0.9738
vn 0.0000 0.7071 0.7071
vn 0.0000 0.0000 1.0000
usemtl None_NONE
s off
f 55//28 58//28 59//28
f 64//29 55//29 60//29
f 62//30 56//30 54//30
f 53//31 61//31 57//31
f 60//32 58//32 57//32
f 56//33 57//33 54//33
f 64//34 62//34 61//34
f 61//35 55//35 64//35
f 55//28 53//28 58//28
f 60//29 56//29 63//29
f 63//29 64//29 60//29
f 55//29 59//29 60//29
f 62//30 63//30 56//30
f 54//31 57//31 62//31
f 58//31 53//31 57//31
f 61//31 62//31 57//31
f 60//32 59//32 58//32
f 56//33 60//33 57//33
f 64//34 63//34 62//34
f 61//35 53//35 55//35
o c_box_005
v -56.000000 -5.999999 0.000002
v -56.000000 -5.999999 86.999992
v -56.000000 -0.000000 0.000002
v -56.000000 -0.000000 86.999992
v 0.000000 -5.999999 0.000002
v 0.000000 -5.999999 86.999992
v 0.000000 -0.000000 0.000002
v 0.000000 -0.000000 86.999992
vn -1.0000 0.0000 0.0000
vn 0.0000 1.0000 0.0000
vn 1.0000 0.0000 0.0000
vn 0.0000 -1.0000 0.0000
vn 0.0000 0.0000 -1.0000
vn 0.0000 0.0000 1.0000
usemtl None_NONE
s off
f 66//36 67//36 65//36
f 68//37 71//37 67//37
f 72//38 69//38 71//38
f 70//39 65//39 69//39
f 71//40 65//40 67//40
f 68//41 70//41 72//41
f 66//36 68//36 67//36
f 68//37 72//37 71//37
f 72//38 70//38 69//38
f 70//39 66//39 65//39
f 71//40 69//40 65//40
f 68//41 66//41 70//41
o c_box_004
v -56.000000 0.000001 0.000002
v -56.000000 0.000001 86.999992
v -56.000000 6.000000 0.000002
v -56.000000 6.000000 86.999992
v 0.000000 0.000001 0.000002
v 0.000000 0.000001 86.999992
v 0.000000 6.000000 0.000002
v 0.000000 6.000000 86.999992
vn -1.0000 0.0000 0.0000
vn 0.0000 1.0000 0.0000
vn 1.0000 0.0000 0.0000
vn 0.0000 -1.0000 0.0000
vn 0.0000 0.0000 -1.0000
vn 0.0000 0.0000 1.0000
usemtl None_NONE
s off
f 74//42 75//42 73//42
f 76//43 79//43 75//43
f 80//44 77//44 79//44
f 78//45 73//45 77//45
f 79//46 73//46 75//46
f 76//47 78//47 80//47
f 74//42 76//42 75//42
f 76//43 80//43 79//43
f 80//44 78//44 77//44
f 78//45 74//45 73//45
f 79//46 77//46 73//46
f 76//47 74//47 78//47
o c_box_003
v -28.000000 -50.000000 0.000002
v -28.000000 -50.000000 6.000001
v -28.000000 50.000000 0.000002
v -28.000000 50.000000 6.000001
v 28.000000 -50.000000 0.000002
v 28.000000 -50.000000 6.000001
v 28.000000 50.000000 0.000002
v 28.000000 50.000000 6.000001
vn -1.0000 0.0000 0.0000
vn 0.0000 1.0000 0.0000
vn 1.0000 0.0000 0.0000
vn 0.0000 -1.0000 0.0000
vn 0.0000 0.0000 -1.0000
vn 0.0000 0.0000 1.0000
usemtl None_NONE
s off
f 82//48 83//48 81//48
f 84//49 87//49 83//49
f 88//50 85//50 87//50
f 86//51 81//51 85//51
f 87//52 81//52 83//52
f 84//53 86//53 88//53
f 82//48 84//48 83//48
f 84//49 88//49 87//49
f 88//50 86//50 85//50
f 86//51 82//51 81//51
f 87//52 85//52 81//52
f 84//53 82//53 86//53
o c_box_002
v -28.000000 -50.000000 0.000002
v -28.000000 -50.000000 6.000002
v -28.000000 50.000000 0.000002
v -28.000000 50.000000 6.000002
v 28.000000 -50.000000 0.000002
v 28.000000 -50.000000 6.000002
v 28.000000 50.000000 0.000002
v 28.000000 50.000000 6.000002
vn -1.0000 0.0000 0.0000
vn 0.0000 1.0000 0.0000
vn 1.0000 0.0000 0.0000
vn 0.0000 -1.0000 0.0000
vn 0.0000 0.0000 -1.0000
vn 0.0000 0.0000 1.0000
usemtl None_NONE
s off
f 90//54 91//54 89//54
f 92//55 95//55 91//55
f 96//56 93//56 95//56
f 94//57 89//57 93//57
f 95//58 89//58 91//58
f 92//59 94//59 96//59
f 90//54 92//54 91//54
f 92//55 96//55 95//55
f 96//56 94//56 93//56
f 94//57 90//57 89//57
f 95//58 93//58 89//58
f 92//59 90//59 94//59
o c_box_001
v -28.000000 -50.000000 0.000002
v -28.000000 -50.000000 6.000002
v -28.000000 50.000000 0.000002
v -28.000000 50.000000 6.000002
v 28.000000 -50.000000 0.000002
v 28.000000 -50.000000 6.000002
v 28.000000 50.000000 0.000002
v 28.000000 50.000000 6.000002
vn -1.0000 0.0000 0.0000
vn 0.0000 1.0000 0.0000
vn 1.0000 0.0000 0.0000
vn 0.0000 -1.0000 0.0000
vn 0.0000 0.0000 -1.0000
vn 0.0000 0.0000 1.0000
usemtl None_NONE
s off
f 98//60 99//60 97//60
f 100//61 103//61 99//61
f 104//62 101//62 103//62
f 102//63 97//63 101//63
f 103//64 97//64 99//64
f 100//65 102//65 104//65
f 98//60 100//60 99//60
f 100//61 104//61 103//61
f 104//62 102//62 101//62
f 102//63 98//63 97//63
f 103//64 101//64 97//64
f 100//65 98//65 102//65
o co_culling
v -30.000002 -80.000000 0.000000
v -30.000002 -80.000000 110.000000
v -30.000002 60.000004 0.000000
v -30.000002 60.000004 110.000000
v 30.000002 -80.000000 0.000000
v 30.000002 -80.000000 110.000000
v 30.000002 60.000004 0.000000
v 30.000002 60.000004 110.000000
vn -1.0000 0.0000 0.0000
vn 0.0000 1.0000 0.0000
vn 1.0000 0.0000 0.0000
vn 0.0000 -1.0000 0.0000
vn 0.0000 0.0000 -1.0000
vn 0.0000 0.0000 1.0000
usemtl None_NONE
s off
f 106//66 107//66 105//66
f 108//67 111//67 107//67
f 112//68 109//68 111//68
f 110//69 105//69 109//69
f 111//70 105//70 107//70
f 108//71 110//71 112//71
f 106//66 108//66 107//66
f 108//67 112//67 111//67
f 112//68 110//68 109//68
f 110//69 106//69 105//69
f 111//70 109//70 105//70
f 108//71 106//71 110//71
o g_trolley
v 25.999996 -48.999996 10.500003
v 25.999996 48.999985 10.500009
v 25.999996 48.999985 16.500008
v 25.999996 -48.999996 16.500002
v 24.699997 -48.999996 13.499999
v 24.699997 48.999985 13.500005
v 27.299997 -48.999996 13.499999
v 27.299997 48.999985 13.500005
v 24.699995 -48.999996 16.500002
v 24.699995 48.999985 16.500008
v 24.699995 -48.999996 10.500003
v 24.699995 48.999985 10.500009
v 27.299997 -48.999996 16.500002
v 27.299997 48.999985 16.500008
v 27.299997 -48.999996 10.500003
v 27.299997 48.999985 10.500009
v 27.299997 48.999985 50.500004
v 27.299997 -48.999996 50.500000
v 27.299997 48.999985 56.500008
v 27.299997 -48.999996 56.500000
v 24.699995 48.999985 50.500004
v 24.699995 -48.999996 50.500000
v 24.699995 48.999985 56.500008
v 24.699995 -48.999996 56.500000
v 27.299997 48.999985 53.500004
v 27.299997 -48.999996 53.499996
v 24.699997 48.999985 53.500004
v 24.699997 -48.999996 53.499996
v 25.999996 -48.999996 56.500000
v 25.999996 48.999985 56.500008
v 25.999996 48.999985 50.500004
v 25.999996 -48.999996 50.500000
v 25.999996 -48.999996 90.500000
v 25.999996 48.999985 90.500000
v 25.999996 48.999985 96.500000
v 25.999996 -48.999996 96.500000
v 24.699997 -48.999996 93.499992
v 24.699997 48.999985 93.500000
v 27.299997 -48.999996 93.499992
v 27.299997 48.999985 93.500000
v 24.699995 -48.999996 96.500000
v 24.699995 48.999985 96.500000
v 24.699995 -48.999996 90.500000
v 24.699995 48.999985 90.500000
v 27.299997 -48.999996 96.500000
v 27.299997 48.999985 96.500000
v 27.299997 -48.999996 90.500000
v 27.299997 48.999985 90.500000
v -25.999996 -48.999996 10.500003
v -25.999996 48.999985 10.500009
v -25.999996 48.999985 16.500008
v -25.999996 -48.999996 16.500002
v -24.699997 -48.999996 13.499999
v -24.699997 48.999985 13.500005
v -27.299997 -48.999996 13.499999
v -27.299997 48.999985 13.500005
v -24.699995 -48.999996 16.500002
v -24.699995 48.999985 16.500008
v -24.699995 -48.999996 10.500003
v -24.699995 48.999985 10.500009
v -27.299997 -48.999996 16.500002
v -27.299997 48.999985 16.500008
v -27.299997 -48.999996 10.500003
v -27.299997 48.999985 10.500009
v -27.299997 48.999985 50.500004
v -27.299997 -48.999996 50.500000
v -27.299997 48.999985 56.500008
v -27.299997 -48.999996 56.500000
v -24.699995 48.999985 50.500004
v -24.699995 -48.999996 50.500000
v -24.699995 48.999985 56.500008
v -24.699995 -48.999996 56.500000
v -27.299997 48.999985 53.500004
v -27.299997 -48.999996 53.499996
v -24.699997 48.999985 53.500004
v -24.699997 -48.999996 53.499996
v -25.999996 -48.999996 56.500000
v -25.999996 48.999985 56.500008
v -25.999996 48.999985 50.500004
v -25.999996 -48.999996 50.500000
v -25.999996 -48.999996 90.500000
v -25.999996 48.999985 90.500000
v -25.999996 48.999985 96.500000
v -25.999996 -48.999996 96.500000
v -24.699997 -48.999996 93.499992
v -24.699997 48.999985 93.500000
v -27.299997 -48.999996 93.499992
v -27.299997 48.999985 93.500000
v -24.699995 -48.999996 96.500000
v -24.699995 48.999985 96.500000
v -24.699995 -48.999996 90.500000
v -24.699995 48.999985 90.500000
v -27.299997 -48.999996 96.500000
v -27.299997 48.999985 96.500000
v -27.299997 -48.999996 90.500000
v -27.299997 48.999985 90.500000
v -23.999996 -48.999996 10.500003
v 23.999990 -48.999992 10.500009
v 23.999990 -48.999992 16.500008
v -23.999996 -48.999996 16.500002
v -23.999996 -47.699997 13.499999
v 23.999985 -47.699989 13.500005
v -24.000000 -50.299995 13.499999
v 23.999990 -50.299992 13.500005
v -23.999996 -47.699993 16.500002
v 23.999990 -47.699989 16.500008
v -23.999996 -47.699993 10.500003
v 23.999990 -47.699989 10.500009
v -24.000000 -50.299995 16.500002
v 23.999990 -50.299992 16.500008
v -24.000000 -50.299995 10.500003
v 23.999990 -50.299992 10.500009
v 23.999990 -50.299992 50.500004
v -24.000000 -50.299995 50.500000
v 23.999990 -50.299992 56.500008
v -24.000000 -50.299995 56.500000
v 23.999990 -47.699989 50.500004
v -23.999996 -47.699993 50.500000
v 23.999990 -47.699989 56.500008
v -23.999996 -47.699993 56.500000
v 23.999990 -50.299992 53.500004
v -24.000000 -50.299995 53.499996
v 23.999985 -47.699989 53.500004
v -23.999996 -47.699997 53.499996
v -23.999996 -48.999996 56.500000
v 23.999990 -48.999992 56.500008
v 23.999990 -48.999992 50.500004
v -23.999996 -48.999996 50.500000
v -23.999996 -48.999996 90.500000
v 23.999990 -48.999992 90.500000
v 23.999990 -48.999992 96.500000
v -23.999996 -48.999996 96.500000
v -23.999996 -47.699997 93.499992
v 23.999985 -47.699989 93.500000
v -24.000000 -50.299995 93.499992
v 23.999990 -50.299992 93.500000
v -23.999996 -47.699993 96.500000
v 23.999990 -47.699989 96.500000
v -23.999996 -47.699993 90.500000
v 23.999990 -47.699989 90.500000
v -24.000000 -50.299995 96.500000
v 23.999990 -50.299992 96.500000
v -24.000000 -50.299995 90.500000
v 23.999990 -50.299992 90.500000
v 27.499998 -44.499996 89.999985
v 27.499998 -44.499996 24.000000
v 27.499998 -50.500000 89.999985
v 27.499998 -50.500000 24.000000
v 24.499994 -44.499996 89.999985
v 24.499994 -44.499996 24.000000
v 24.499994 -50.500000 89.999985
v 24.499994 -50.500000 24.000000
v 27.499998 -47.500000 89.999985
v 27.499998 -47.500000 24.000000
v 24.499998 -47.500000 89.999985
v 24.499998 -47.500000 24.000000
v 25.999996 -50.500000 24.000000
v 25.999996 -50.500000 89.999985
v 25.999996 -44.499996 89.999985
v 25.999996 -44.499996 24.000000
v -24.500002 -44.499996 89.999985
v -24.500002 -44.499996 24.000000
v -24.500002 -50.500000 89.999985
v -24.500002 -50.500000 24.000000
v -27.500006 -44.499996 89.999985
v -27.500006 -44.499996 24.000000
v -27.500006 -50.500000 89.999985
v -27.500006 -50.500000 24.000000
v -24.500002 -47.500000 89.999985
v -24.500002 -47.500000 24.000000
v -27.500004 -47.500000 89.999985
v -27.500004 -47.500000 24.000000
v -26.000006 -50.500000 24.000000
v -26.000006 -50.500000 89.999985
v -26.000006 -44.499996 89.999985
v -26.000006 -44.499996 24.000000
v 27.499998 50.500011 89.999985
v 27.499998 50.500011 24.000000
v 27.499998 44.500004 89.999985
v 27.499998 44.500004 24.000000
v 24.499994 50.500011 89.999985
v 24.499994 50.500011 24.000000
v 24.499994 44.500004 89.999985
v 24.499994 44.500004 24.000000
v 27.499998 47.500008 89.999985
v 27.499998 47.500008 24.000000
v 24.499998 47.500008 89.999985
v 24.499998 47.500008 24.000000
v 25.999996 44.500004 24.000000
v 25.999996 44.500004 89.999985
v 25.999996 50.500011 89.999985
v 25.999996 50.500011 24.000000
v -24.500002 50.500011 89.999985
v -24.500002 50.500011 24.000000
v -24.500002 44.500004 89.999985
v -24.500002 44.500004 24.000000
v -27.500006 50.500011 89.999985
v -27.500006 50.500011 24.000000
v -27.500006 44.500004 89.999985
v -27.500006 44.500004 24.000000
v -24.500002 47.500008 89.999985
v -24.500002 47.500008 24.000000
v -27.500004 47.500008 89.999985
v -27.500004 47.500008 24.000000
v -26.000006 44.500004 24.000000
v -26.000006 44.500004 89.999985
v -26.000006 50.500011 89.999985
v -26.000006 50.500011 24.000000
v 25.000023 50.000000 15.224920
v 22.398714 46.000027 15.224920
v 22.398714 -46.000000 15.224920
v -25.000004 50.000000 15.224920
v -22.398447 -46.000000 15.224920
v -22.398947 46.000004 15.224920
v -21.743177 45.430367 14.627014
v -21.743177 -45.430325 14.627014
v 21.743444 -45.430325 14.627014
v 21.743444 45.430367 14.627014
v 22.398714 50.000000 15.224920
v 25.000023 -50.000000 15.224920
v -22.398447 50.000000 15.224920
v -25.000004 -50.000000 15.224920
v 25.000023 50.000000 11.000002
v -25.000004 -50.000000 11.000002
v -25.000004 50.000000 11.000002
v 25.000023 -50.000000 11.000002
v 25.000023 50.000000 55.224918
v 22.398714 46.000027 55.224918
v 22.398714 -46.000000 55.224918
v -25.000004 50.000000 55.224918
v -22.398447 -46.000000 55.224918
v -22.398947 46.000004 55.224918
v -21.743177 45.430367 54.627014
v -21.743177 -45.430325 54.627014
v 21.743444 -45.430325 54.627014
v 21.743444 45.430367 54.627014
v 22.398714 50.000000 55.224918
v 25.000023 -50.000000 55.224918
v -22.398447 50.000000 55.224918
v -25.000004 -50.000000 55.224918
v 25.000023 -50.000000 51.000000
v 25.000023 50.000000 95.224915
v 22.398714 46.000027 95.224915
v 22.398714 -46.000000 95.224915
v -25.000004 50.000000 95.224915
v -22.398447 -46.000000 95.224915
v -22.398947 46.000004 95.224915
v -21.743177 45.430367 94.627014
v -21.743177 -45.430325 94.627014
v 21.743444 -45.430325 94.627014
v 21.743444 45.430367 94.627014
v 22.398714 50.000000 95.224915
v 25.000023 -50.000000 95.224915
v -22.398447 50.000000 95.224915
v -25.000004 -50.000000 95.224915
v 25.000023 -50.000000 91.000000
v 24.000000 -51.000000 96.137634
v 28.000000 -51.000000 90.000000
v 28.000000 -51.000000 96.137634
v 24.000000 -51.000000 90.000000
v 24.000000 -44.000000 90.000000
v 28.000000 -44.000000 96.137634
v 28.000000 -44.000000 90.000000
v 24.000000 -44.000000 96.137634
v 24.000000 -50.073261 96.756813
v 28.000000 -50.073261 96.756813
v 24.000000 -48.734726 97.000000
v 28.000000 -48.734726 97.000000
v 24.000000 -46.325626 97.000000
v 28.000000 -46.325626 97.000000
v 24.000000 -44.866386 96.756813
v 28.000000 -44.866386 96.756813
v -28.000000 -51.000000 96.137634
v -24.000000 -51.000000 90.000000
v -24.000000 -51.000000 96.137634
v -28.000000 -51.000000 90.000000
v -28.000000 -44.000000 90.000000
v -24.000000 -44.000000 96.137634
v -24.000000 -44.000000 90.000000
v -28.000000 -44.000000 96.137634
v -28.000000 -50.073261 96.756813
v -24.000000 -50.073261 96.756813
v -28.000000 -48.734726 97.000000
v -24.000000 -48.734726 97.000000
v -28.000000 -46.325626 97.000000
v -24.000000 -46.325626 97.000000
v -28.000000 -44.866386 96.756813
v -24.000000 -44.866386 96.756813
v 24.000000 44.000000 96.137634
v 28.000000 44.000000 90.000000
v 28.000000 44.000000 96.137634
v 24.000000 44.000000 90.000000
v 24.000000 51.000000 90.000000
v 28.000000 51.000000 96.137634
v 28.000000 51.000000 90.000000
v 24.000000 51.000000 96.137634
v 24.000000 44.926739 96.756813
v 28.000000 44.926739 96.756813
v 24.000000 46.265274 97.000000
v 28.000000 46.265274 97.000000
v 24.000000 48.674374 97.000000
v 28.000000 48.674374 97.000000
v 24.000000 50.133621 96.756813
v 28.000000 50.133621 96.756813
v -28.000000 44.000000 96.137634
v -24.000000 44.000000 90.000000
v -24.000000 44.000000 96.137634
v -28.000000 44.000000 90.000000
v -28.000000 51.000000 90.000000
v -24.000000 51.000000 96.137634
v -24.000000 51.000000 90.000000
v -28.000000 51.000000 96.137634
v -28.000000 44.926739 96.756813
v -24.000000 44.926739 96.756813
v -28.000000 46.265274 97.000000
v -24.000000 46.265274 97.000000
v -28.000000 48.674374 97.000000
v -24.000000 48.674374 97.000000
v -28.000000 50.133621 96.756813
v -24.000000 50.133621 96.756813
v 24.000000 -51.000000 58.137630
v 28.000000 -51.000000 58.137630
v 28.000000 -44.000000 58.137630
v 24.000000 -44.000000 58.137630
v 24.000000 -50.073261 58.756805
v 28.000000 -50.073261 58.756805
v 24.000000 -48.734726 58.999992
v 28.000000 -48.734726 58.999992
v 24.000000 -46.325626 58.999992
v 28.000000 -46.325626 58.999992
v 24.000000 -44.866386 58.756805
v 28.000000 -44.866386 58.756805
v -28.000000 -51.000000 58.137630
v -24.000000 -51.000000 58.137630
v -24.000000 -44.000000 58.137630
v -28.000000 -44.000000 58.137630
v -28.000000 -50.073261 58.756805
v -24.000000 -50.073261 58.756805
v -28.000000 -48.734726 58.999992
v -24.000000 -48.734726 58.999992
v -28.000000 -46.325626 58.999992
v -24.000000 -46.325626 58.999992
v -28.000000 -44.866386 58.756805
v -24.000000 -44.866386 58.756805
v 24.000000 44.000000 58.137630
v 28.000000 44.000000 58.137630
v 28.000000 51.000000 58.137630
v 24.000000 51.000000 58.137630
v 24.000000 44.926739 58.756805
v 28.000000 44.926739 58.756805
v 24.000000 46.265274 58.999992
v 28.000000 46.265274 58.999992
v 24.000000 48.674374 58.999992
v 28.000000 48.674374 58.999992
v 24.000000 50.133621 58.756805
v 28.000000 50.133621 58.756805
v -28.000000 44.000000 58.137630
v -24.000000 44.000000 58.137630
v -24.000000 51.000000 58.137630
v -28.000000 51.000000 58.137630
v -28.000000 44.926739 58.756805
v -24.000000 44.926739 58.756805
v -28.000000 46.265274 58.999992
v -24.000000 46.265274 58.999992
v -28.000000 48.674374 58.999992
v -24.000000 48.674374 58.999992
v -28.000000 50.133621 58.756805
v -24.000000 50.133621 58.756805
v -23.999990 -50.999989 48.862370
v -27.999994 -50.999989 48.862370
v -27.999994 -43.999985 48.862370
v -23.999990 -43.999985 48.862370
v -23.999990 -50.073242 48.243195
v -27.999994 -50.073242 48.243195
v -23.999990 -48.734711 48.000008
v -27.999994 -48.734711 48.000008
v -23.999990 -46.325611 48.000008
v -27.999994 -46.325611 48.000008
v -23.999990 -44.866371 48.243195
v -27.999994 -44.866371 48.243195
v 28.000006 -50.999989 48.862370
v 24.000008 -50.999989 48.862370
v 24.000008 -43.999985 48.862370
v 28.000006 -43.999985 48.862370
v 28.000006 -50.073242 48.243195
v 24.000008 -50.073242 48.243195
v 28.000006 -48.734711 48.000008
v 24.000008 -48.734711 48.000008
v 28.000006 -46.325611 48.000008
v 24.000008 -46.325611 48.000008
v 28.000006 -44.866371 48.243195
v 24.000008 -44.866371 48.243195
v -23.999990 44.000019 48.862392
v -27.999994 44.000019 48.862392
v -27.999994 51.000011 48.862392
v -23.999990 51.000011 48.862392
v -23.999990 44.926758 48.243217
v -27.999994 44.926758 48.243217
v -23.999990 46.265293 48.000031
v -27.999994 46.265293 48.000031
v -23.999990 48.674393 48.000031
v -27.999994 48.674393 48.000031
v -23.999990 50.133633 48.243217
v -27.999994 50.133633 48.243217
v 28.000006 44.000019 48.862392
v 24.000008 44.000019 48.862392
v 24.000008 51.000011 48.862392
v 28.000006 51.000011 48.862392
v 28.000006 44.926758 48.243217
v 24.000008 44.926758 48.243217
v 28.000006 46.265293 48.000031
v 24.000008 46.265293 48.000031
v 28.000006 48.674393 48.000031
v 24.000008 48.674393 48.000031
v 28.000006 50.133633 48.243217
v 24.000008 50.133633 48.243217
v -24.000000 44.000000 53.500004
v 28.000000 51.000000 53.500004
v 28.000000 -51.000000 53.500004
v 28.000006 44.000011 53.500004
v 24.000000 51.000000 53.500004
v -28.000000 -51.000000 53.500004
v -24.000000 -44.000000 53.500004
v -28.000000 44.000000 53.500004
v -28.000000 -44.000000 53.500004
v 24.000000 -51.000000 53.500004
v -24.000000 51.000000 53.500004
v -24.000000 -51.000000 53.500004
v 28.000000 -44.000000 53.500004
v -28.000000 51.000000 53.500004
v 24.000000 44.000000 53.500004
v 24.000000 -44.000000 53.500004
v 24.000000 -51.000000 24.493311
v 24.000000 -44.000000 24.493311
v 24.000000 -36.000000 14.000000
v 24.000000 -36.000000 10.000000
v 24.000000 -51.000000 12.000000
v 24.000000 -49.000000 10.000000
v 24.000000 -50.699997 11.000000
v 24.000000 -50.000000 10.300002
v 28.000004 -51.000000 24.493311
v 28.000004 -44.000000 24.493311
v 28.000004 -36.000000 14.000000
v 28.000004 -36.000000 10.000000
v 28.000004 -51.000000 12.000000
v 28.000004 -49.000000 10.000000
v 28.000004 -50.699997 11.000000
v 28.000004 -50.000000 10.300002
v -28.000000 -51.000000 24.493311
v -28.000000 -44.000000 24.493311
v -28.000000 -36.000000 14.000000
v -28.000000 -36.000000 10.000000
v -28.000000 -51.000000 12.000000
v -28.000000 -49.000000 10.000000
v -28.000000 -50.699997 11.000000
v -28.000000 -50.000000 10.300002
v -23.999998 -51.000000 24.493311
v -23.999998 -44.000000 24.493311
v -23.999998 -36.000000 14.000000
v -23.999998 -36.000000 10.000000
v -23.999998 -51.000000 12.000000
v -23.999998 -49.000000 10.000000
v -23.999998 -50.699997 11.000000
v -23.999998 -50.000000 10.300002
v -24.000000 51.000000 24.493311
v -24.000002 44.000008 24.493311
v -24.000002 36.000000 14.000000
v -24.000002 36.000000 10.000000
v -24.000000 51.000000 12.000001
v -24.000000 49.000011 10.000000
v -24.000000 50.700008 11.000000
v -24.000000 50.000000 10.300002
v -28.000004 51.000000 24.493311
v -28.000004 44.000008 24.493311
v -28.000004 36.000000 14.000000
v -28.000004 36.000000 10.000000
v -28.000004 51.000000 12.000001
v -28.000004 49.000011 10.000000
v -28.000004 50.700008 11.000000
v -28.000004 50.000000 10.300002
v 28.000000 51.000000 24.493311
v 28.000000 43.999992 24.493311
v 27.999994 35.999996 14.000000
v 27.999994 35.999996 10.000000
v 28.000000 51.000000 12.000001
v 28.000000 49.000000 10.000000
v 28.000000 50.699997 11.000000
v 28.000000 50.000000 10.300002
v 23.999998 51.000000 24.493311
v 23.999998 43.999992 24.493311
v 23.999998 35.999996 14.000000
v 23.999998 35.999996 10.000000
v 23.999998 51.000000 12.000001
v 23.999998 49.000000 10.000000
v 23.999998 50.699997 11.000000
v 23.999998 50.000000 10.300002
v 24.499998 -44.000000 3.832069
v 27.500000 -42.000000 3.832069
v 27.500000 -44.000000 3.832069
v 24.499998 -42.000000 3.832069
v 27.075783 -41.340267 -0.000004
v 24.873756 -38.713348 1.914973
v 27.065706 -38.704563 1.914973
v 24.884285 -41.349072 -0.000004
v 27.089247 -44.598141 -0.000004
v 24.897503 -44.607018 -0.000004
v 27.099794 -47.233913 1.914973
v 24.907824 -47.242676 1.914973
v 27.103857 -48.240669 5.013462
v 24.912144 -48.249481 5.013462
v 27.099794 -47.233913 8.111950
v 24.907824 -47.242676 8.111950
v 27.089247 -44.598141 10.026976
v 24.897503 -44.607018 10.026976
v 27.075783 -41.340267 10.026976
v 24.884285 -41.349072 10.026976
v 27.065706 -38.704563 8.111998
v 24.873753 -38.713371 8.111998
v 27.061405 -37.697781 5.013462
v 24.869434 -37.706566 5.013462
v 24.499998 -40.000000 10.997860
v 27.500000 -40.000000 10.997860
v 24.499998 -40.200001 7.315222
v 27.500000 -40.200001 7.315222
v 24.499998 -45.799999 7.315222
v 27.500000 -45.799999 7.315222
v 24.499998 -46.000000 10.997860
v 27.500000 -46.000000 10.997900
v -27.500000 -44.000000 3.832069
v -24.500000 -42.000000 3.832069
v -24.500000 -44.000000 3.832069
v -27.500000 -42.000000 3.832069
v -24.924221 -41.340267 -0.000004
v -27.126244 -38.713348 1.914973
v -24.934296 -38.704563 1.914973
v -27.115717 -41.349072 -0.000004
v -24.910757 -44.598141 -0.000004
v -27.102497 -44.607018 -0.000004
v -24.900208 -47.233913 1.914973
v -27.092180 -47.242676 1.914973
v -24.896149 -48.240669 5.013462
v -27.087858 -48.249481 5.013462
v -24.900208 -47.233913 8.111950
v -27.092180 -47.242676 8.111950
v -24.910757 -44.598141 10.026976
v -27.102497 -44.607018 10.026976
v -24.924221 -41.340267 10.026976
v -27.115717 -41.349072 10.026976
v -24.934296 -38.704563 8.111998
v -27.126247 -38.713371 8.111998
v -24.938595 -37.697781 5.013462
v -27.130566 -37.706566 5.013462
v -27.500000 -40.000000 10.997860
v -24.500000 -40.000000 10.997860
v -27.500000 -40.200001 7.315222
v -24.500000 -40.200001 7.315222
v -27.500000 -45.799999 7.315222
v -24.500000 -45.799999 7.315222
v -27.500000 -46.000000 10.997860
v -24.500000 -46.000000 10.997900
v 24.701014 41.755127 3.832069
v 27.308142 44.245686 3.832069
v 27.655441 42.276073 3.832069
v 24.353718 43.724739 3.832069
v 26.775810 44.821728 -0.000004
v 24.151077 47.026360 1.914973
v 26.308199 47.415638 1.914973
v 24.619133 44.432514 -0.000004
v 27.354792 41.615688 -0.000004
v 25.197887 41.226353 -0.000004
v 27.822876 39.021790 1.914973
v 25.665728 38.632538 1.914973
v 28.001699 38.031029 5.013462
v 25.844812 37.641777 5.013462
v 27.822876 39.021790 8.111950
v 25.665728 38.632538 8.111950
v 27.354792 41.615688 10.026976
v 25.197887 41.226353 10.026976
v 26.775810 44.821728 10.026976
v 24.619133 44.432514 10.026976
v 26.308199 47.415638 8.111998
v 24.151077 47.026337 8.111998
v 26.129139 48.406380 5.013462
v 23.971996 48.017097 5.013462
v 24.006422 45.694359 10.997860
v 26.960846 46.215302 10.997860
v 24.041153 45.497395 7.315222
v 26.995575 46.018337 7.315222
v 25.013580 39.982475 7.315222
v 27.968008 40.503418 7.315222
v 25.048313 39.785503 10.997860
v 28.002735 40.306450 10.997900
v -27.298985 41.755127 3.832069
v -24.691858 44.245686 3.832069
v -24.344563 42.276073 3.832069
v -27.646282 43.724739 3.832069
v -25.224194 44.821728 -0.000004
v -27.848923 47.026360 1.914973
v -25.691801 47.415638 1.914973
v -27.380869 44.432514 -0.000004
v -24.645210 41.615688 -0.000004
v -26.802111 41.226353 -0.000004
v -24.177124 39.021786 1.914973
v -26.334276 38.632538 1.914973
v -23.998304 38.031029 5.013462
v -26.155191 37.641777 5.013462
v -24.177124 39.021786 8.111950
v -26.334276 38.632538 8.111950
v -24.645210 41.615688 10.026976
v -26.802111 41.226353 10.026976
v -25.224194 44.821728 10.026976
v -27.380869 44.432514 10.026976
v -25.691801 47.415638 8.111998
v -27.848923 47.026337 8.111998
v -25.870863 48.406380 5.013462
v -28.028006 48.017097 5.013462
v -27.993578 45.694359 10.997860
v -25.039154 46.215302 10.997860
v -27.958849 45.497395 7.315222
v -25.004425 46.018337 7.315222
v -26.986418 39.982475 7.315222
v -24.031996 40.503418 7.315222
v -26.951689 39.785503 10.997860
v -23.997263 40.306450 10.997900
v 25.380859 -70.076157 85.824623
v 26.588642 -49.205875 80.747452
v 26.619158 -70.076157 85.824623
v 25.411404 -49.205875 80.747452
v 26.000011 -48.854042 82.603584
v 26.000008 -68.917488 87.239853
v 26.979769 -48.984550 81.915031
v 27.030287 -69.347336 86.714874
v 26.000008 -70.712112 87.924042
v 27.030287 -71.229721 87.496696
v 26.000008 -71.921516 89.179649
v 27.030287 -72.531342 88.916550
v 27.030287 -72.713783 90.936508
v 26.000008 -72.063995 91.031494
v 27.030287 -72.525238 92.990723
v 26.000008 -71.876312 92.959770
v 26.000008 -70.302895 100.616302
v 27.030287 -70.800568 101.042114
v 26.000008 -69.484734 102.342926
v 27.030287 -69.894096 102.867874
v 26.000008 -68.071815 103.522575
v 27.030287 -68.350914 104.143227
v 27.030287 -66.349915 104.553879
v 26.000008 -66.187500 103.874817
v 26.000011 -51.957321 104.018768
v 27.030289 -51.769447 104.669556
v 26.000011 -50.037933 103.851929
v 27.030289 -49.740005 104.436478
v 26.000011 -48.329712 103.238617
v 27.030289 -47.884010 103.701004
v 27.030289 -46.854412 102.027359
v 26.000011 -47.441769 101.756653
v 27.030289 -46.692131 100.007378
v 26.000011 -47.362732 99.909386
v 27.030289 -46.973755 95.870819
v 26.000011 -47.709488 95.915779
v 24.969730 -51.769447 104.669556
v 24.969730 -49.740005 104.436478
v 24.969727 -66.349915 104.553879
v 24.969727 -68.350914 104.143227
v 24.969727 -69.894096 102.867874
v 24.969727 -70.800568 101.042114
v 24.969727 -72.525238 92.990723
v 24.969727 -72.713783 90.936508
v 24.969727 -72.531342 88.916550
v 24.969727 -71.229721 87.496696
v 24.969727 -69.347336 86.714874
v 25.020275 -48.984550 81.915031
v 24.969730 -47.884010 103.701004
v 24.969730 -46.854412 102.027359
v 24.969730 -46.692131 100.007378
v 24.969730 -46.973755 95.870819
v 25.380861 -49.234795 105.427727
v 26.619160 -51.450874 105.773102
v 26.619160 -49.234795 105.427727
v 26.619160 -47.128250 104.485069
v 25.380861 -47.128250 104.485069
v 25.380861 -45.858383 102.486404
v 26.619160 -45.858383 102.486404
v 25.380861 -51.450874 105.773102
v 25.380859 -66.625237 105.705437
v 26.619158 -66.625237 105.705437
v 26.619158 -68.824074 105.195702
v 25.380859 -68.824074 105.195702
v 26.619158 -70.588326 103.758034
v 25.380859 -70.588326 103.758034
v 25.380859 -71.644470 101.764145
v 26.619158 -71.644470 101.764145
v 26.619158 -73.625687 93.043221
v 25.380859 -73.625687 93.043221
v 26.619158 -73.815659 90.775429
v 25.380859 -73.815659 90.775429
v 25.380859 -73.565414 88.470421
v 26.619158 -73.565414 88.470421
v 26.619158 -72.107483 86.772003
v 25.380859 -72.107483 86.772003
v 26.619160 -45.554935 100.173553
v 25.380861 -45.554935 100.173553
v 25.380861 -45.726181 95.794662
v 26.619160 -45.726181 95.794662
v -26.619139 -70.076157 85.824623
v -25.411356 -49.205875 80.747452
v -25.380840 -70.076157 85.824623
v -26.588594 -49.205875 80.747452
v -25.999987 -48.854042 82.603584
v -25.999990 -68.917488 87.239853
v -25.020229 -48.984550 81.915031
v -24.969713 -69.347336 86.714874
v -25.999990 -70.712112 87.924042
v -24.969713 -71.229721 87.496696
v -25.999990 -71.921516 89.179649
v -24.969713 -72.531342 88.916550
v -24.969713 -72.713783 90.936508
v -25.999990 -72.063995 91.031494
v -24.969713 -72.525238 92.990723
v -25.999990 -71.876312 92.959770
v -25.999990 -70.302895 100.616302
v -24.969713 -70.800568 101.042114
v -25.999990 -69.484734 102.342926
v -24.969713 -69.894096 102.867874
v -25.999990 -68.071815 103.522575
v -24.969713 -68.350914 104.143227
v -24.969713 -66.349915 104.553879
v -25.999990 -66.187500 103.874817
v -25.999987 -51.957321 104.018768
v -24.969711 -51.769447 104.669556
v -25.999987 -50.037933 103.851929
v -24.969711 -49.740005 104.436478
v -25.999987 -48.329712 103.238617
v -24.969711 -47.884010 103.701004
v -24.969711 -46.854412 102.027359
v -25.999987 -47.441769 101.756653
v -24.969711 -46.692131 100.007378
v -25.999987 -47.362732 99.909386
v -24.969711 -46.973755 95.870819
v -25.999987 -47.709488 95.915779
v -27.030266 -51.769447 104.669556
v -27.030266 -49.740005 104.436478
v -27.030268 -66.349915 104.553879
v -27.030268 -68.350914 104.143227
v -27.030268 -69.894096 102.867874
v -27.030268 -70.800568 101.042114
v -27.030268 -72.525238 92.990723
v -27.030268 -72.713783 90.936508
v -27.030268 -72.531342 88.916550
v -27.030268 -71.229721 87.496696
v -27.030268 -69.347336 86.714874
v -26.979721 -48.984550 81.915031
v -27.030266 -47.884010 103.701004
v -27.030266 -46.854412 102.027359
v -27.030266 -46.692131 100.007378
v -27.030266 -46.973755 95.870819
v -26.619137 -49.234795 105.427727
v -25.380838 -51.450874 105.773102
v -25.380838 -49.234795 105.427727
v -25.380838 -47.128250 104.485069
v -26.619137 -47.128250 104.485069
v -26.619137 -45.858383 102.486404
v -25.380838 -45.858383 102.486404
v -26.619137 -51.450874 105.773102
v -26.619139 -66.625237 105.705437
v -25.380840 -66.625237 105.705437
v -25.380840 -68.824074 105.195702
v -26.619139 -68.824074 105.195702
v -25.380840 -70.588326 103.758034
v -26.619139 -70.588326 103.758034
v -26.619139 -71.644470 101.764145
v -25.380840 -71.644470 101.764145
v -25.380840 -73.625687 93.043221
v -26.619139 -73.625687 93.043221
v -25.380840 -73.815659 90.775429
v -26.619139 -73.815659 90.775429
v -26.619139 -73.565414 88.470421
v -25.380840 -73.565414 88.470421
v -25.380840 -72.107483 86.772003
v -26.619139 -72.107483 86.772003
v -25.380838 -45.554935 100.173553
v -26.619137 -45.554935 100.173553
v -26.619137 -45.726181 95.794662
v -25.380838 -45.726181 95.794662
v -23.999994 49.000011 10.500003
v 23.999989 49.000011 10.500009
v 23.999989 49.000011 16.500008
v -23.999994 49.000011 16.500002
v -23.999994 50.300014 13.499999
v 23.999983 50.300014 13.500005
v -24.000000 47.700012 13.499999
v 23.999989 47.700016 13.500005
v -23.999994 50.300014 16.500002
v 23.999989 50.300014 16.500008
v -23.999994 50.300014 10.500003
v 23.999989 50.300014 10.500009
v -24.000000 47.700012 16.500002
v 23.999989 47.700016 16.500008
v -24.000000 47.700012 10.500003
v 23.999989 47.700016 10.500009
v 23.999989 47.700016 50.500004
v -24.000000 47.700012 50.500000
v 23.999989 47.700016 56.500008
v -24.000000 47.700012 56.500000
v 23.999989 50.300014 50.500004
v -23.999994 50.300014 50.500000
v 23.999989 50.300014 56.500008
v -23.999994 50.300014 56.500000
v 23.999989 47.700016 53.500004
v -24.000000 47.700012 53.499996
v 23.999983 50.300014 53.500004
v -23.999994 50.300014 53.499996
v -23.999994 49.000011 56.500000
v 23.999989 49.000011 56.500008
v 23.999989 49.000011 50.500004
v -23.999994 49.000011 50.500000
v -23.999994 49.000011 90.500000
v 23.999989 49.000011 90.500000
v 23.999989 49.000011 96.500000
v -23.999994 49.000011 96.500000
v -23.999994 50.300014 93.499992
v 23.999983 50.300014 93.500000
v -24.000000 47.700012 93.499992
v 23.999989 47.700016 93.500000
v -23.999994 50.300014 96.500000
v 23.999989 50.300014 96.500000
v -23.999994 50.300014 90.500000
v 23.999989 50.300014 90.500000
v -24.000000 47.700012 96.500000
v 23.999989 47.700016 96.500000
v -24.000000 47.700012 90.500000
v 23.999989 47.700016 90.500000
v 25.000011 -44.999989 55.999989
v -26.999992 -43.100006 89.100006
v 25.000011 44.999992 55.999989
v -25.000000 -43.100006 89.100006
v 27.000004 -44.999989 55.999989
v -27.000004 43.099964 89.100014
v 27.000004 44.999992 55.999989
v -25.000011 43.099964 89.100014
v 25.000011 45.000004 91.000023
v 27.000004 45.000004 91.000023
v -27.000004 43.099983 57.900002
v -26.999992 -43.099995 57.900002
v 25.000011 -45.000019 91.000008
v -25.000000 -43.099995 57.900002
v 27.000004 -45.000019 91.000008
v -25.000011 43.099983 57.900002
v 25.000011 -44.999989 15.999988
v 27.000004 43.100010 49.100010
v 25.000011 44.999992 15.999988
v -26.999992 -43.100006 49.100010
v 27.000004 -44.999989 15.999988
v -25.000000 -43.100006 49.100010
v 27.000004 44.999992 15.999988
v -27.000004 43.099968 49.100018
v 25.000011 45.000004 51.000023
v -25.000011 43.099968 49.100018
v 27.000004 45.000004 51.000023
v -27.000004 43.099983 17.899998
v 25.000011 -45.000019 51.000011
v -26.999992 -43.099995 17.899998
v 27.000004 -45.000019 51.000011
v -25.000000 -43.099995 17.899998
v -24.999987 -48.000015 55.999989
v -22.999985 -48.000015 58.000000
v 24.999992 -48.000015 55.999989
v 22.999994 -48.000015 58.000000
v -24.999987 -50.000008 55.999989
v -22.999985 -50.000008 58.000000
v 24.999992 -50.000000 55.999989
v 22.999994 -50.000000 58.000000
v 25.000004 -48.000000 91.000023
v 23.000006 -48.000000 89.000008
v 23.000006 -50.000000 89.000008
v -25.000017 -48.000015 91.000008
v -22.999998 -48.000015 89.000008
v -25.000017 -50.000008 91.000008
v -22.999998 -50.000008 89.000008
v -24.999987 -48.000015 15.999988
v -22.999985 -48.000015 17.999998
v 24.999992 -48.000015 15.999988
v 22.999994 -48.000015 17.999998
v -24.999987 -50.000008 15.999988
v -22.999985 -50.000008 17.999998
v 24.999992 -50.000000 15.999988
v 22.999994 -50.000000 17.999998
v 25.000004 -48.000000 51.000023
v 23.000006 -48.000000 49.000011
v 23.000006 -50.000000 49.000011
v -25.000017 -48.000015 51.000011
v -22.999998 -48.000015 49.000011
v -25.000017 -50.000008 51.000011
v -22.999998 -50.000008 49.000011
v -25.000011 44.999981 55.999989
v 27.000004 -43.099995 89.100006
v -25.000000 -44.999992 55.999989
v 25.000011 -43.099995 89.100006
v -27.000004 44.999981 55.999989
v 27.000004 43.100006 89.100006
v -26.999992 -44.999992 55.999989
v 25.000011 43.100006 89.100006
v -25.000011 44.999969 91.000000
v 27.000004 -43.099987 57.900002
v -27.000004 44.999962 91.000000
v 27.000004 43.099995 57.900002
v -25.000000 -45.000031 91.000008
v 25.000011 43.099995 57.900002
v -26.999992 -45.000031 91.000008
v 25.000011 -43.099987 57.900002
v -25.000011 44.999981 15.999988
v -25.000011 43.099983 17.899998
v -25.000000 -44.999992 15.999988
v 27.000004 -43.099995 49.100010
v -27.000004 44.999981 15.999988
v 25.000011 -43.099995 49.100010
v -26.999992 -44.999992 15.999988
v 25.000011 43.100010 49.100018
v -25.000011 44.999969 51.000000
v 27.000004 -43.099987 17.899998
v -27.000004 44.999962 51.000000
v 27.000004 43.099995 17.899998
v -25.000000 -45.000031 51.000011
v 25.000011 43.099995 17.899998
v -26.999992 -45.000031 51.000011
v 25.000011 -43.099987 17.899998
v 24.999987 48.000019 55.999989
v 22.999985 48.000019 58.000000
v -24.999992 48.000008 55.999989
v -22.999994 48.000008 58.000000
v 24.999987 50.000011 55.999989
v 22.999985 50.000011 58.000000
v -24.999992 49.999992 55.999989
v -22.999994 49.999992 58.000000
v 24.999969 48.000019 91.000000
v 22.999968 48.000019 89.000015
v 24.999969 50.000011 91.000000
v 22.999968 50.000011 89.000015
v -25.000027 47.999996 91.000008
v -23.000006 47.999996 89.000008
v -25.000027 49.999992 91.000008
v -23.000006 49.999992 89.000008
v 24.999987 48.000019 15.999988
v 22.999985 48.000019 17.999998
v -24.999992 48.000008 15.999988
v -22.999994 48.000008 17.999998
v 24.999987 50.000011 15.999988
v 22.999985 50.000011 17.999998
v -24.999992 49.999992 15.999988
v -22.999994 49.999992 17.999998
v 24.999969 48.000019 51.000000
v 22.999968 48.000019 49.000015
v -23.000006 49.999992 49.000015
v 24.999969 50.000011 51.000000
v 22.999968 50.000011 49.000015
v -25.000027 47.999996 51.000011
v -23.000006 47.999996 49.000011
v -25.000027 49.999992 51.000011
v 28.494974 48.589951 94.500008
v 28.000000 49.000000 94.500008
v 28.494974 48.094971 93.642685
v 28.000000 48.299999 93.287567
v 28.494974 47.105034 93.642685
v 28.000000 46.900005 93.287567
v 28.700001 47.600002 94.500008
v 28.494974 46.610050 94.500008
v 28.000000 46.200001 94.500008
v 28.494974 47.105034 95.357323
v 28.000000 46.900005 95.712440
v 28.494974 48.094971 95.357330
v 28.000000 48.299999 95.712440
v 28.494974 -46.410053 94.500008
v 28.000000 -46.000004 94.500008
v 28.494974 -46.905033 93.642685
v 28.000000 -46.700008 93.287567
v 28.494974 -47.894974 93.642685
v 28.000000 -48.100002 93.287567
v 28.700001 -47.400005 94.500008
v 28.494974 -48.389954 94.500008
v 28.000000 -48.800003 94.500008
v 28.494974 -47.894974 95.357323
v 28.000000 -48.100002 95.712440
v 28.494974 -46.905033 95.357330
v 28.000000 -46.700008 95.712440
v 28.494974 48.589951 56.500008
v 28.000000 49.000000 56.500008
v 28.494974 48.094971 55.642689
v 28.000000 48.299999 55.287563
v 28.494974 47.105034 55.642689
v 28.000000 46.900005 55.287563
v 28.700001 47.600002 56.500008
v 28.494974 46.610050 56.500008
v 28.000000 46.200001 56.500008
v 28.494974 47.105034 57.357323
v 28.000000 46.900005 57.712437
v 28.494974 48.094971 57.357323
v 28.000000 48.299999 57.712437
v 28.494974 -46.410053 56.500008
v 28.000000 -46.000004 56.500008
v 28.494974 -46.905033 55.642689
v 28.000000 -46.700008 55.287563
v 28.494974 -47.894974 55.642689
v 28.000000 -48.100002 55.287563
v 28.700001 -47.400005 56.500008
v 28.494974 -48.389954 56.500008
v 28.000000 -48.800003 56.500008
v 28.494974 -47.894974 57.357323
v 28.000000 -48.100002 57.712437
v 28.494974 -46.905033 57.357323
v 28.000000 -46.700008 57.712437
v 28.494974 48.589951 50.500004
v 28.000000 49.000000 50.500004
v 28.494974 48.094971 49.642689
v 28.000000 48.299999 49.287563
v 28.494974 47.105034 49.642689
v 28.000000 46.900005 49.287563
v 28.700001 47.600002 50.500004
v 28.494974 46.610050 50.500004
v 28.000000 46.200001 50.500004
v 28.494974 47.105034 51.357323
v 28.000000 46.900005 51.712437
v 28.494974 48.094971 51.357323
v 28.000000 48.299999 51.712437
v 28.494974 -46.410053 50.500004
v 28.000000 -46.000004 50.500004
v 28.494974 -46.905033 49.642689
v 28.000000 -46.700008 49.287563
v 28.494974 -47.894974 49.642689
v 28.000000 -48.100002 49.287563
v 28.700001 -47.400005 50.500004
v 28.494974 -48.389954 50.500004
v 28.000000 -48.800003 50.500004
v 28.494974 -47.894974 51.357323
v 28.000000 -48.100002 51.712437
v 28.494974 -46.905033 51.357323
v 28.000000 -46.700008 51.712437
v 28.494974 49.589951 22.500008
v 28.000000 50.000000 22.500008
v 28.494974 49.094971 21.642689
v 28.000000 49.299995 21.287565
v 28.494974 48.105030 21.642689
v 28.000000 47.900002 21.287565
v 28.700001 48.599998 22.500008
v 28.494974 47.610050 22.500008
v 28.000000 47.200001 22.500008
v 28.494974 48.105030 23.357325
v 28.000000 47.900002 23.712437
v 28.494974 49.094971 23.357325
v 28.000000 49.299995 23.712437
v 28.494974 -47.410053 22.500008
v 28.000000 -47.000004 22.500008
v 28.494974 -47.905033 21.642689
v 28.000000 -47.700005 21.287565
v 28.494974 -48.894970 21.642689
v 28.000000 -49.099998 21.287565
v 28.700001 -48.400002 22.500008
v 28.494974 -49.389954 22.500008
v 28.000000 -49.800003 22.500008
v 28.494974 -48.894970 23.357325
v 28.000000 -49.099998 23.712437
v 28.494974 -47.905033 23.357325
v 28.000000 -47.700005 23.712437
v 28.494974 49.589951 12.000008
v 28.000000 50.000000 12.000008
v 28.494974 49.094971 11.142690
v 28.000000 49.299995 10.787565
v 28.494974 48.105030 11.142690
v 28.000000 47.900002 10.787565
v 28.700001 48.599998 12.000008
v 28.494974 47.610050 12.000008
v 28.000000 47.200001 12.000008
v 28.494974 48.105030 12.857326
v 28.000000 47.900002 13.212438
v 28.494974 49.094971 12.857326
v 28.000000 49.299995 13.212438
v 28.494974 38.889950 12.000008
v 28.000000 39.299995 12.000008
v 28.494974 38.394970 11.142690
v 28.000000 38.599998 10.787565
v 28.494974 37.405033 11.142690
v 28.000000 37.200005 10.787565
v 28.700001 37.900002 12.000008
v 28.494974 36.910049 12.000008
v 28.000000 36.499996 12.000008
v 28.494974 37.405033 12.857326
v 28.000000 37.200005 13.212438
v 28.494974 38.394970 12.857326
v 28.000000 38.599998 13.212438
v 28.494974 -36.810051 12.000008
v 28.000000 -36.400002 12.000008
v 28.494974 -37.305035 11.142690
v 28.000000 -37.100006 10.787565
v 28.494974 -38.294971 11.142690
v 28.000000 -38.500000 10.787565
v 28.700001 -37.800003 12.000008
v 28.494974 -38.789951 12.000008
v 28.000000 -39.200001 12.000008
v 28.494974 -38.294971 12.857326
v 28.000000 -38.500000 13.212438
v 28.494974 -37.305035 12.857326
v 28.000000 -37.100006 13.212438
v 28.494974 -47.510052 12.000008
v 28.000000 -47.100006 12.000008
v 28.494974 -48.005032 11.142690
v 28.000000 -47.800003 10.787565
v 28.494974 -48.994972 11.142690
v 28.000000 -49.199997 10.787565
v 28.700001 -48.500000 12.000008
v 28.494974 -49.489952 12.000008
v 28.000000 -49.900009 12.000008
v 28.494974 -48.994972 12.857326
v 28.000000 -49.199997 13.212438
v 28.494974 -48.005032 12.857326
v 28.000000 -47.800003 13.212438
v -28.494974 48.589951 94.500008
v -28.000000 49.000000 94.500008
v -28.494974 48.094971 93.642685
v -28.000000 48.299999 93.287567
v -28.494974 47.105034 93.642685
v -28.000000 46.900005 93.287567
v -28.700001 47.600002 94.500008
v -28.494974 46.610050 94.500008
v -28.000000 46.200001 94.500008
v -28.494974 47.105034 95.357323
v -28.000000 46.900005 95.712440
v -28.494974 48.094971 95.357330
v -28.000000 48.299999 95.712440
v -28.494974 -46.410053 94.500008
v -28.000000 -46.000004 94.500008
v -28.494974 -46.905033 93.642685
v -28.000000 -46.700008 93.287567
v -28.494974 -47.894974 93.642685
v -28.000000 -48.100002 93.287567
v -28.700001 -47.400005 94.500008
v -28.494974 -48.389954 94.500008
v -28.000000 -48.800003 94.500008
v -28.494974 -47.894974 95.357323
v -28.000000 -48.100002 95.712440
v -28.494974 -46.905033 95.357330
v -28.000000 -46.700008 95.712440
v -28.494974 48.589951 56.500008
v -28.000000 49.000000 56.500008
v -28.494974 48.094971 55.642689
v -28.000000 48.299999 55.287563
v -28.494974 47.105034 55.642689
v -28.000000 46.900005 55.287563
v -28.700001 47.600002 56.500008
v -28.494974 46.610050 56.500008
v -28.000000 46.200001 56.500008
v -28.494974 47.105034 57.357323
v -28.000000 46.900005 57.712437
v -28.494974 48.094971 57.357323
v -28.000000 48.299999 57.712437
v -28.494974 -46.410053 56.500008
v -28.000000 -46.000004 56.500008
v -28.494974 -46.905033 55.642689
v -28.000000 -46.700008 55.287563
v -28.494974 -47.894974 55.642689
v -28.000000 -48.100002 55.287563
v -28.700001 -47.400005 56.500008
v -28.494974 -48.389954 56.500008
v -28.000000 -48.800003 56.500008
v -28.494974 -47.894974 57.357323
v -28.000000 -48.100002 57.712437
v -28.494974 -46.905033 57.357323
v -28.000000 -46.700008 57.712437
v -28.494974 48.589951 50.500004
v -28.000000 49.000000 50.500004
v -28.494974 48.094971 49.642689
v -28.000000 48.299999 49.287563
v -28.494974 47.105034 49.642689
v -28.000000 46.900005 49.287563
v -28.700001 47.600002 50.500004
v -28.494974 46.610050 50.500004
v -28.000000 46.200001 50.500004
v -28.494974 47.105034 51.357323
v -28.000000 46.900005 51.712437
v -28.494974 48.094971 51.357323
v -28.000000 48.299999 51.712437
v -28.494974 -46.410053 50.500004
v -28.000000 -46.000004 50.500004
v -28.494974 -46.905033 49.642689
v -28.000000 -46.700008 49.287563
v -28.494974 -47.894974 49.642689
v -28.000000 -48.100002 49.287563
v -28.700001 -47.400005 50.500004
v -28.494974 -48.389954 50.500004
v -28.000000 -48.800003 50.500004
v -28.494974 -47.894974 51.357323
v -28.000000 -48.100002 51.712437
v -28.494974 -46.905033 51.357323
v -28.000000 -46.700008 51.712437
v -28.494974 49.589951 22.500008
v -28.000000 50.000000 22.500008
v -28.494974 49.094971 21.642689
v -28.000000 49.299995 21.287565
v -28.494974 48.105030 21.642689
v -28.000000 47.900002 21.287565
v -28.700001 48.599998 22.500008
v -28.494974 47.610050 22.500008
v -28.000000 47.200001 22.500008
v -28.494974 48.105030 23.357325
v -28.000000 47.900002 23.712437
v -28.494974 49.094971 23.357325
v -28.000000 49.299995 23.712437
v -28.494974 -47.410053 22.500008
v -28.000000 -47.000004 22.500008
v -28.494974 -47.905033 21.642689
v -28.000000 -47.700005 21.287565
v -28.494974 -48.894970 21.642689
v -28.000000 -49.099998 21.287565
v -28.700001 -48.400002 22.500008
v -28.494974 -49.389954 22.500008
v -28.000000 -49.800003 22.500008
v -28.494974 -48.894970 23.357325
v -28.000000 -49.099998 23.712437
v -28.494974 -47.905033 23.357325
v -28.000000 -47.700005 23.712437
v -28.494974 49.589951 12.000008
v -28.000000 50.000000 12.000008
v -28.494974 49.094971 11.142690
v -28.000000 49.299995 10.787565
v -28.494974 48.105030 11.142690
v -28.000000 47.900002 10.787565
v -28.700001 48.599998 12.000008
v -28.494974 47.610050 12.000008
v -28.000000 47.200001 12.000008
v -28.494974 48.105030 12.857326
v -28.000000 47.900002 13.212438
v -28.494974 49.094971 12.857326
v -28.000000 49.299995 13.212438
v -28.494974 38.889950 12.000008
v -28.000000 39.299995 12.000008
v -28.494974 38.394970 11.142690
v -28.000000 38.599998 10.787565
v -28.494974 37.405033 11.142690
v -28.000000 37.200005 10.787565
v -28.700001 37.900002 12.000008
v -28.494974 36.910049 12.000008
v -28.000000 36.499996 12.000008
v -28.494974 37.405033 12.857326
v -28.000000 37.200005 13.212438
v -28.494974 38.394970 12.857326
v -28.000000 38.599998 13.212438
v -28.494974 -36.810051 12.000008
v -28.000000 -36.400002 12.000008
v -28.494974 -37.305035 11.142690
v -28.000000 -37.100006 10.787565
v -28.494974 -38.294971 11.142690
v -28.000000 -38.500000 10.787565
v -28.700001 -37.800003 12.000008
v -28.494974 -38.789951 12.000008
v -28.000000 -39.200001 12.000008
v -28.494974 -38.294971 12.857326
v -28.000000 -38.500000 13.212438
v -28.494974 -37.305035 12.857326
v -28.000000 -37.100006 13.212438
v -28.494974 -47.510052 12.000008
v -28.000000 -47.100006 12.000008
v -28.494974 -48.005032 11.142690
v -28.000000 -47.800003 10.787565
v -28.494974 -48.994972 11.142690
v -28.000000 -49.199997 10.787565
v -28.700001 -48.500000 12.000008
v -28.494974 -49.489952 12.000008
v -28.000000 -49.900009 12.000008
v -28.494974 -48.994972 12.857326
v -28.000000 -49.199997 13.212438
v -28.494974 -48.005032 12.857326
v -28.000000 -47.800003 13.212438
v 27.299997 48.999985 13.500005
v 27.299997 -48.999996 13.499999
v 24.699995 -48.999996 16.500002
v 24.699995 -48.999996 16.500002
v 24.699995 48.999985 16.500008
v 24.699995 48.999985 16.500008
v 27.299997 48.999985 10.500009
v 27.299997 -48.999996 10.500003
v 24.699995 48.999985 10.500009
v 24.699995 48.999985 10.500009
v 24.699995 -48.999996 10.500003
v 24.699995 -48.999996 10.500003
v 27.299997 48.999985 16.500008
v 27.299997 -48.999996 16.500002
v 24.699997 48.999985 13.500005
v 24.699997 -48.999996 13.499999
v 24.699995 48.999985 50.500004
v 24.699995 48.999985 50.500004
v 24.699995 -48.999996 50.500000
v 24.699995 -48.999996 50.500000
v 27.299997 48.999985 50.500004
v 27.299997 -48.999996 50.500000
v 27.299997 48.999985 56.500008
v 27.299997 -48.999996 56.500000
v 24.699995 -48.999996 56.500000
v 24.699995 -48.999996 56.500000
v 24.699995 48.999985 56.500008
v 24.699995 48.999985 56.500008
v 24.699995 -48.999996 96.500000
v 24.699995 -48.999996 96.500000
v 24.699995 48.999985 96.500000
v 24.699995 48.999985 96.500000
v 27.299997 48.999985 90.500000
v 27.299997 -48.999996 90.500000
v 24.699995 48.999985 90.500000
v 24.699995 48.999985 90.500000
v 24.699995 -48.999996 90.500000
v 24.699995 -48.999996 90.500000
v 27.299997 48.999985 96.500000
v 27.299997 -48.999996 96.500000
v -27.299997 48.999985 13.500005
v -27.299997 -48.999996 13.499999
v -24.699995 -48.999996 16.500002
v -24.699995 -48.999996 16.500002
v -24.699995 48.999985 16.500008
v -24.699995 48.999985 16.500008
v -27.299997 48.999985 10.500009
v -27.299997 -48.999996 10.500003
v -24.699995 48.999985 10.500009
v -24.699995 48.999985 10.500009
v -24.699995 -48.999996 10.500003
v -24.699995 -48.999996 10.500003
v -27.299997 48.999985 16.500008
v -27.299997 -48.999996 16.500002
v -24.699997 48.999985 13.500005
v -24.699997 -48.999996 13.499999
v -24.699995 48.999985 50.500004
v -24.699995 48.999985 50.500004
v -24.699995 -48.999996 50.500000
v -24.699995 -48.999996 50.500000
v -27.299997 48.999985 50.500004
v -27.299997 -48.999996 50.500000
v -27.299997 48.999985 56.500008
v -27.299997 -48.999996 56.500000
v -24.699995 -48.999996 56.500000
v -24.699995 -48.999996 56.500000
v -24.699995 48.999985 56.500008
v -24.699995 48.999985 56.500008
v -24.699995 -48.999996 96.500000
v -24.699995 -48.999996 96.500000
v -24.699995 48.999985 96.500000
v -24.699995 48.999985 96.500000
v -27.299997 48.999985 90.500000
v -27.299997 -48.999996 90.500000
v -24.699995 48.999985 90.500000
v -24.699995 48.999985 90.500000
v -24.699995 -48.999996 90.500000
v -24.699995 -48.999996 90.500000
v -27.299997 48.999985 96.500000
v -27.299997 -48.999996 96.500000
v 23.999990 -50.299992 13.500005
v -24.000000 -50.299995 13.499999
v -23.999996 -47.699993 16.500002
v -23.999996 -47.699993 16.500002
v 23.999990 -47.699989 16.500008
v 23.999990 -47.699989 16.500008
v 23.999990 -50.299992 10.500009
v -24.000000 -50.299995 10.500003
v 23.999990 -47.699989 10.500009
v 23.999990 -47.699989 10.500009
v -23.999996 -47.699993 10.500003
v -23.999996 -47.699993 10.500003
v 23.999990 -50.299992 16.500008
v -24.000000 -50.299995 16.500002
v 23.999990 -47.699989 50.500004
v 23.999990 -47.699989 50.500004
v -23.999996 -47.699993 50.500000
v -23.999996 -47.699993 50.500000
v 23.999990 -50.299992 50.500004
v -24.000000 -50.299995 50.500000
v 23.999990 -50.299992 56.500008
v -24.000000 -50.299995 56.500000
v -23.999996 -47.699993 56.500000
v -23.999996 -47.699993 56.500000
v 23.999990 -47.699989 56.500008
v 23.999990 -47.699989 56.500008
v -23.999996 -47.699993 96.500000
v -23.999996 -47.699993 96.500000
v 23.999990 -47.699989 96.500000
v 23.999990 -47.699989 96.500000
v 23.999990 -50.299992 90.500000
v -24.000000 -50.299995 90.500000
v 23.999990 -47.699989 90.500000
v 23.999990 -47.699989 90.500000
v -23.999996 -47.699993 90.500000
v -23.999996 -47.699993 90.500000
v 23.999990 -50.299992 96.500000
v -24.000000 -50.299995 96.500000
v 24.499994 -44.499996 89.999985
v 24.499994 -44.499996 89.999985
v 24.499994 -44.499996 24.000000
v 24.499994 -44.499996 24.000000
v 27.499998 -44.499996 89.999985
v 27.499998 -44.499996 24.000000
v 27.499998 -50.500000 89.999985
v 27.499998 -50.500000 24.000000
v 24.499994 -50.500000 24.000000
v 24.499994 -50.500000 24.000000
v 24.499994 -50.500000 89.999985
v 24.499994 -50.500000 89.999985
v -27.500006 -44.499996 89.999985
v -27.500006 -44.499996 89.999985
v -27.500006 -44.499996 24.000000
v -27.500006 -44.499996 24.000000
v -24.500002 -44.499996 89.999985
v -24.500002 -44.499996 24.000000
v -24.500002 -50.500000 89.999985
v -24.500002 -50.500000 24.000000
v -27.500006 -50.500000 24.000000
v -27.500006 -50.500000 24.000000
v -27.500006 -50.500000 89.999985
v -27.500006 -50.500000 89.999985
v 24.499994 50.500011 89.999985
v 24.499994 50.500011 89.999985
v 24.499994 50.500011 24.000000
v 24.499994 50.500011 24.000000
v 27.499998 50.500011 89.999985
v 27.499998 50.500011 24.000000
v 27.499998 44.500004 89.999985
v 27.499998 44.500004 24.000000
v 24.499994 44.500004 24.000000
v 24.499994 44.500004 24.000000
v 24.499994 44.500004 89.999985
v 24.499994 44.500004 89.999985
v -27.500006 50.500011 89.999985
v -27.500006 50.500011 89.999985
v -27.500006 50.500011 24.000000
v -27.500006 50.500011 24.000000
v -24.500002 50.500011 89.999985
v -24.500002 50.500011 24.000000
v -24.500002 44.500004 89.999985
v -24.500002 44.500004 24.000000
v -27.500006 44.500004 24.000000
v -27.500006 44.500004 24.000000
v -27.500006 44.500004 89.999985
v -27.500006 44.500004 89.999985
v 25.000023 50.000000 11.000002
v 25.000023 50.000000 11.000002
v 25.000023 -50.000000 11.000002
v 25.000023 -50.000000 11.000002
v 21.743444 -45.430325 14.627014
v 21.743444 -45.430325 14.627014
v 21.743444 45.430367 14.627014
v 21.743444 45.430367 14.627014
v -25.000004 -50.000000 11.000002
v -25.000004 -50.000000 11.000002
v -25.000004 50.000000 11.000002
v -25.000004 50.000000 11.000002
v -22.398447 -46.000000 15.224920
v -22.398447 -46.000000 15.224920
v -22.398947 46.000004 15.224920
v -22.398947 46.000004 15.224920
v -21.743177 45.430367 14.627014
v -21.743177 45.430367 14.627014
v -21.743177 -45.430325 14.627014
v -21.743177 -45.430325 14.627014
v 22.398714 46.000027 15.224920
v 22.398714 46.000027 15.224920
v 22.398714 -46.000000 15.224920
v 22.398714 -46.000000 15.224920
v -25.000004 -50.000000 15.224920
v -25.000004 -50.000000 15.224920
v -25.000004 50.000000 15.224920
v -25.000004 50.000000 15.224920
v 25.000023 -50.000000 15.224920
v 25.000023 -50.000000 15.224920
v 25.000023 50.000000 15.224920
v 25.000023 50.000000 15.224920
v -22.398447 50.000000 15.224920
v 22.398714 50.000000 15.224920
v 21.743444 -45.430325 54.627014
v 21.743444 -45.430325 54.627014
v 21.743444 45.430367 54.627014
v 21.743444 45.430367 54.627014
v -22.398447 -46.000000 55.224918
v -22.398447 -46.000000 55.224918
v -22.398947 46.000004 55.224918
v -22.398947 46.000004 55.224918
v -21.743177 45.430367 54.627014
v -21.743177 45.430367 54.627014
v -21.743177 -45.430325 54.627014
v -21.743177 -45.430325 54.627014
v 22.398714 46.000027 55.224918
v 22.398714 46.000027 55.224918
v 22.398714 -46.000000 55.224918
v 22.398714 -46.000000 55.224918
v -25.000004 50.000000 55.224918
v -25.000004 50.000000 55.224918
v -25.000004 -50.000000 55.224918
v -25.000004 -50.000000 55.224918
v 25.000023 -50.000000 51.000000
v 25.000023 -50.000000 51.000000
v 25.000023 -50.000000 51.000000
v 25.000023 -50.000000 55.224918
v 25.000023 -50.000000 55.224918
v 25.000023 50.000000 55.224918
v 25.000023 50.000000 55.224918
v -22.398447 50.000000 55.224918
v 22.398714 50.000000 55.224918
v 21.743444 -45.430325 94.627014
v 21.743444 -45.430325 94.627014
v 21.743444 45.430367 94.627014
v 21.743444 45.430367 94.627014
v -22.398447 -46.000000 95.224915
v -22.398447 -46.000000 95.224915
v -22.398947 46.000004 95.224915
v -22.398947 46.000004 95.224915
v -21.743177 45.430367 94.627014
v -21.743177 45.430367 94.627014
v -21.743177 -45.430325 94.627014
v -21.743177 -45.430325 94.627014
v 22.398714 46.000027 95.224915
v 22.398714 46.000027 95.224915
v 22.398714 -46.000000 95.224915
v 22.398714 -46.000000 95.224915
v -25.000004 50.000000 95.224915
v -25.000004 50.000000 95.224915
v -25.000004 -50.000000 95.224915
v -25.000004 -50.000000 95.224915
v 25.000023 -50.000000 91.000000
v 25.000023 -50.000000 91.000000
v 25.000023 -50.000000 91.000000
v 25.000023 -50.000000 95.224915
v 25.000023 -50.000000 95.224915
v 25.000023 50.000000 95.224915
v 25.000023 50.000000 95.224915
v -22.398447 50.000000 95.224915
v 22.398714 50.000000 95.224915
v 24.000000 -50.073261 96.756813
v 24.000000 -48.734726 97.000000
v 24.000000 -44.000000 90.000000
v 24.000000 -44.000000 90.000000
v 28.000000 -44.000000 90.000000
v 28.000000 -44.000000 90.000000
v 28.000000 -50.073261 96.756813
v 28.000000 -48.734726 97.000000
v 24.000000 -51.000000 96.137634
v 24.000000 -51.000000 96.137634
v 24.000000 -51.000000 90.000000
v 24.000000 -51.000000 90.000000
v 28.000000 -44.000000 96.137634
v 28.000000 -44.000000 96.137634
v 24.000000 -44.000000 96.137634
v 24.000000 -44.000000 96.137634
v 28.000000 -46.325626 97.000000
v 28.000000 -51.000000 96.137634
v 28.000000 -51.000000 96.137634
v 24.000000 -46.325626 97.000000
v 24.000000 -44.866386 96.756813
v 28.000000 -44.866386 96.756813
v 28.000000 -51.000000 90.000000
v 28.000000 -51.000000 90.000000
v -28.000000 -50.073261 96.756813
v -28.000000 -48.734726 97.000000
v -28.000000 -44.000000 90.000000
v -28.000000 -44.000000 90.000000
v -24.000000 -44.000000 90.000000
v -24.000000 -44.000000 90.000000
v -24.000000 -50.073261 96.756813
v -24.000000 -48.734726 97.000000
v -28.000000 -51.000000 96.137634
v -28.000000 -51.000000 96.137634
v -28.000000 -51.000000 90.000000
v -28.000000 -51.000000 90.000000
v -24.000000 -44.000000 96.137634
v -24.000000 -44.000000 96.137634
v -28.000000 -44.000000 96.137634
v -28.000000 -44.000000 96.137634
v -24.000000 -46.325626 97.000000
v -24.000000 -51.000000 96.137634
v -24.000000 -51.000000 96.137634
v -28.000000 -46.325626 97.000000
v -28.000000 -44.866386 96.756813
v -24.000000 -44.866386 96.756813
v -24.000000 -51.000000 90.000000
v -24.000000 -51.000000 90.000000
v 24.000000 44.926739 96.756813
v 24.000000 46.265274 97.000000
v 24.000000 51.000000 90.000000
v 24.000000 51.000000 90.000000
v 28.000000 51.000000 90.000000
v 28.000000 51.000000 90.000000
v 28.000000 44.926739 96.756813
v 28.000000 46.265274 97.000000
v 24.000000 44.000000 96.137634
v 24.000000 44.000000 96.137634
v 24.000000 44.000000 90.000000
v 24.000000 44.000000 90.000000
v 28.000000 51.000000 96.137634
v 28.000000 51.000000 96.137634
v 24.000000 51.000000 96.137634
v 24.000000 51.000000 96.137634
v 28.000000 48.674374 97.000000
v 28.000000 44.000000 96.137634
v 28.000000 44.000000 96.137634
v 24.000000 48.674374 97.000000
v 24.000000 50.133621 96.756813
v 28.000000 50.133621 96.756813
v 28.000000 44.000000 90.000000
v 28.000000 44.000000 90.000000
v -28.000000 44.926739 96.756813
v -28.000000 46.265274 97.000000
v -28.000000 51.000000 90.000000
v -28.000000 51.000000 90.000000
v -24.000000 51.000000 90.000000
v -24.000000 51.000000 90.000000
v -24.000000 44.926739 96.756813
v -24.000000 46.265274 97.000000
v -28.000000 44.000000 96.137634
v -28.000000 44.000000 96.137634
v -28.000000 44.000000 90.000000
v -28.000000 44.000000 90.000000
v -24.000000 51.000000 96.137634
v -24.000000 51.000000 96.137634
v -28.000000 51.000000 96.137634
v -28.000000 51.000000 96.137634
v -24.000000 48.674374 97.000000
v -24.000000 44.000000 96.137634
v -24.000000 44.000000 96.137634
v -28.000000 48.674374 97.000000
v -28.000000 50.133621 96.756813
v -24.000000 50.133621 96.756813
v -24.000000 44.000000 90.000000
v -24.000000 44.000000 90.000000
v 24.000000 -50.073261 58.756805
v 24.000000 -48.734726 58.999992
v 28.000000 -50.073261 58.756805
v 28.000000 -48.734726 58.999992
v 28.000000 -44.000000 58.137630
v 28.000000 -44.000000 58.137630
v 24.000000 -44.000000 58.137630
v 24.000000 -44.000000 58.137630
v 28.000000 -46.325626 58.999992
v 24.000000 -51.000000 58.137630
v 24.000000 -51.000000 58.137630
v 28.000000 -51.000000 58.137630
v 28.000000 -51.000000 58.137630
v 24.000000 -46.325626 58.999992
v 24.000000 -44.866386 58.756805
v 28.000000 -44.866386 58.756805
v 24.000000 -44.000000 53.500004
v 24.000000 -44.000000 53.500004
v 24.000000 -44.000000 53.500004
v 28.000000 -51.000000 53.500004
v 28.000000 -51.000000 53.500004
v 28.000000 -51.000000 53.500004
v -28.000000 -50.073261 58.756805
v -28.000000 -48.734726 58.999992
v -24.000000 -50.073261 58.756805
v -24.000000 -48.734726 58.999992
v -24.000000 -44.000000 58.137630
v -24.000000 -44.000000 58.137630
v -28.000000 -44.000000 58.137630
v -28.000000 -44.000000 58.137630
v -24.000000 -46.325626 58.999992
v -28.000000 -51.000000 58.137630
v -28.000000 -51.000000 58.137630
v -24.000000 -51.000000 58.137630
v -24.000000 -51.000000 58.137630
v -28.000000 -46.325626 58.999992
v -28.000000 -44.866386 58.756805
v -24.000000 -44.866386 58.756805
v -28.000000 -44.000000 53.500004
v -28.000000 -44.000000 53.500004
v -24.000000 -51.000000 53.500004
v -24.000000 -51.000000 53.500004
v 24.000000 44.926739 58.756805
v 24.000000 46.265274 58.999992
v 28.000000 44.926739 58.756805
v 28.000000 46.265274 58.999992
v 28.000000 51.000000 58.137630
v 28.000000 51.000000 58.137630
v 24.000000 51.000000 58.137630
v 24.000000 51.000000 58.137630
v 28.000000 48.674374 58.999992
v 24.000000 44.000000 58.137630
v 24.000000 44.000000 58.137630
v 28.000000 44.000000 58.137630
v 28.000000 44.000000 58.137630
v 24.000000 48.674374 58.999992
v 24.000000 50.133621 58.756805
v 28.000000 50.133621 58.756805
v 24.000000 51.000000 53.500004
v 24.000000 51.000000 53.500004
v -28.000000 44.926739 58.756805
v -28.000000 46.265274 58.999992
v -24.000000 44.926739 58.756805
v -24.000000 46.265274 58.999992
v -24.000000 51.000000 58.137630
v -24.000000 51.000000 58.137630
v -28.000000 51.000000 58.137630
v -28.000000 51.000000 58.137630
v -24.000000 48.674374 58.999992
v -28.000000 44.000000 58.137630
v -28.000000 44.000000 58.137630
v -24.000000 44.000000 58.137630
v -24.000000 44.000000 58.137630
v -28.000000 48.674374 58.999992
v -28.000000 50.133621 58.756805
v -24.000000 50.133621 58.756805
v -28.000000 51.000000 53.500004
v -28.000000 51.000000 53.500004
v -24.000000 44.000000 53.500004
v -23.999990 -50.073242 48.243195
v -23.999990 -48.734711 48.000008
v -27.999994 -50.073242 48.243195
v -27.999994 -48.734711 48.000008
v -27.999994 -43.999985 48.862370
v -27.999994 -43.999985 48.862370
v -23.999990 -43.999985 48.862370
v -23.999990 -43.999985 48.862370
v -27.999994 -46.325611 48.000008
v -23.999990 -50.999989 48.862370
v -23.999990 -50.999989 48.862370
v -27.999994 -50.999989 48.862370
v -27.999994 -50.999989 48.862370
v -23.999990 -46.325611 48.000008
v -23.999990 -44.866371 48.243195
v -27.999994 -44.866371 48.243195
v 28.000006 -50.073242 48.243195
v 28.000006 -48.734711 48.000008
v 24.000008 -50.073242 48.243195
v 24.000008 -48.734711 48.000008
v 24.000008 -43.999985 48.862370
v 24.000008 -43.999985 48.862370
v 28.000006 -43.999985 48.862370
v 28.000006 -43.999985 48.862370
v 24.000008 -46.325611 48.000008
v 28.000006 -50.999989 48.862370
v 28.000006 -50.999989 48.862370
v 24.000008 -50.999989 48.862370
v 24.000008 -50.999989 48.862370
v 28.000006 -46.325611 48.000008
v 28.000006 -44.866371 48.243195
v 24.000008 -44.866371 48.243195
v -23.999990 44.926758 48.243217
v -23.999990 46.265293 48.000031
v -27.999994 44.926758 48.243217
v -27.999994 46.265293 48.000031
v -27.999994 51.000011 48.862392
v -27.999994 51.000011 48.862392
v -23.999990 51.000011 48.862392
v -23.999990 51.000011 48.862392
v -27.999994 48.674393 48.000031
v -23.999990 44.000019 48.862392
v -23.999990 44.000019 48.862392
v -27.999994 44.000019 48.862392
v -27.999994 44.000019 48.862392
v -23.999990 48.674393 48.000031
v -23.999990 50.133633 48.243217
v -27.999994 50.133633 48.243217
v 28.000006 44.926758 48.243217
v 28.000006 46.265293 48.000031
v 24.000008 44.926758 48.243217
v 24.000008 46.265293 48.000031
v 24.000008 51.000011 48.862392
v 24.000008 51.000011 48.862392
v 28.000006 51.000011 48.862392
v 28.000006 51.000011 48.862392
v 24.000008 48.674393 48.000031
v 28.000006 44.000019 48.862392
v 28.000006 44.000019 48.862392
v 24.000008 44.000019 48.862392
v 24.000008 44.000019 48.862392
v 28.000006 48.674393 48.000031
v 28.000006 50.133633 48.243217
v 24.000008 50.133633 48.243217
v 28.000000 51.000000 53.500004
v 28.000006 44.000011 53.500004
v -28.000000 -51.000000 53.500004
v -28.000000 -51.000000 53.500004
v -24.000000 -44.000000 53.500004
v -24.000000 -44.000000 53.500004
v -28.000000 44.000000 53.500004
v -28.000000 44.000000 53.500004
v 24.000000 -51.000000 53.500004
v 24.000000 -51.000000 53.500004
v 24.000000 -51.000000 53.500004
v -24.000000 51.000000 53.500004
v 28.000000 -44.000000 53.500004
v 28.000000 -44.000000 53.500004
v 28.000000 -44.000000 53.500004
v 24.000000 44.000000 53.500004
v 24.000000 44.000000 53.500004
v 24.000000 -51.000000 24.493311
v 24.000000 -51.000000 24.493311
v 24.000000 -44.000000 24.493311
v 24.000000 -44.000000 24.493311
v 24.000000 -36.000000 14.000000
v 24.000000 -36.000000 14.000000
v 24.000000 -36.000000 10.000000
v 24.000000 -36.000000 10.000000
v 24.000000 -51.000000 12.000000
v 24.000000 -51.000000 12.000000
v 24.000000 -49.000000 10.000000
v 24.000000 -49.000000 10.000000
v 24.000000 -50.699997 11.000000
v 24.000000 -50.000000 10.300002
v 28.000004 -51.000000 24.493311
v 28.000004 -51.000000 24.493311
v 28.000004 -44.000000 24.493311
v 28.000004 -44.000000 24.493311
v 28.000004 -36.000000 14.000000
v 28.000004 -36.000000 14.000000
v 28.000004 -36.000000 10.000000
v 28.000004 -36.000000 10.000000
v 28.000004 -51.000000 12.000000
v 28.000004 -51.000000 12.000000
v 28.000004 -49.000000 10.000000
v 28.000004 -49.000000 10.000000
v 28.000004 -50.699997 11.000000
v 28.000004 -50.000000 10.300002
v -28.000000 -51.000000 24.493311
v -28.000000 -51.000000 24.493311
v -28.000000 -44.000000 24.493311
v -28.000000 -44.000000 24.493311
v -28.000000 -36.000000 14.000000
v -28.000000 -36.000000 14.000000
v -28.000000 -36.000000 10.000000
v -28.000000 -36.000000 10.000000
v -28.000000 -51.000000 12.000000
v -28.000000 -51.000000 12.000000
v -28.000000 -49.000000 10.000000
v -28.000000 -49.000000 10.000000
v -28.000000 -50.699997 11.000000
v -28.000000 -50.000000 10.300002
v -23.999998 -51.000000 24.493311
v -23.999998 -51.000000 24.493311
v -23.999998 -44.000000 24.493311
v -23.999998 -44.000000 24.493311
v -23.999998 -36.000000 14.000000
v -23.999998 -36.000000 14.000000
v -23.999998 -36.000000 10.000000
v -23.999998 -36.000000 10.000000
v -23.999998 -51.000000 12.000000
v -23.999998 -51.000000 12.000000
v -23.999998 -49.000000 10.000000
v -23.999998 -49.000000 10.000000
v -23.999998 -50.699997 11.000000
v -23.999998 -50.000000 10.300002
v -24.000000 51.000000 24.493311
v -24.000000 51.000000 24.493311
v -24.000002 44.000008 24.493311
v -24.000002 44.000008 24.493311
v -24.000002 36.000000 14.000000
v -24.000002 36.000000 14.000000
v -24.000002 36.000000 10.000000
v -24.000002 36.000000 10.000000
v -24.000000 51.000000 12.000001
v -24.000000 51.000000 12.000001
v -24.000000 49.000011 10.000000
v -24.000000 49.000011 10.000000
v -24.000000 50.700008 11.000000
v -24.000000 50.000000 10.300002
v -28.000004 51.000000 24.493311
v -28.000004 51.000000 24.493311
v -28.000004 44.000008 24.493311
v -28.000004 44.000008 24.493311
v -28.000004 36.000000 14.000000
v -28.000004 36.000000 14.000000
v -28.000004 36.000000 10.000000
v -28.000004 36.000000 10.000000
v -28.000004 51.000000 12.000001
v -28.000004 51.000000 12.000001
v -28.000004 49.000011 10.000000
v -28.000004 49.000011 10.000000
v -28.000004 50.700008 11.000000
v -28.000004 50.000000 10.300002
v 28.000000 51.000000 24.493311
v 28.000000 51.000000 24.493311
v 28.000000 43.999992 24.493311
v 28.000000 43.999992 24.493311
v 27.999994 35.999996 14.000000
v 27.999994 35.999996 14.000000
v 27.999994 35.999996 10.000000
v 27.999994 35.999996 10.000000
v 28.000000 51.000000 12.000001
v 28.000000 51.000000 12.000001
v 28.000000 49.000000 10.000000
v 28.000000 49.000000 10.000000
v 28.000000 50.699997 11.000000
v 28.000000 50.000000 10.300002
v 23.999998 51.000000 24.493311
v 23.999998 51.000000 24.493311
v 23.999998 43.999992 24.493311
v 23.999998 43.999992 24.493311
v 23.999998 35.999996 14.000000
v 23.999998 35.999996 14.000000
v 23.999998 35.999996 10.000000
v 23.999998 35.999996 10.000000
v 23.999998 51.000000 12.000001
v 23.999998 51.000000 12.000001
v 23.999998 49.000000 10.000000
v 23.999998 49.000000 10.000000
v 23.999998 50.699997 11.000000
v 23.999998 50.000000 10.300002
v 24.873756 -38.713348 1.914973
v 24.873756 -38.713348 1.914973
v 24.873756 -38.713348 1.914973
v 27.065706 -38.704563 1.914973
v 27.065706 -38.704563 1.914973
v 24.499998 -44.000000 3.832069
v 24.499998 -44.000000 3.832069
v 24.499998 -42.000000 3.832069
v 24.499998 -42.000000 3.832069
v 27.500000 -44.000000 3.832069
v 27.500000 -44.000000 3.832069
v 27.089247 -44.598141 10.026976
v 27.089247 -44.598141 10.026976
v 27.075783 -41.340267 10.026976
v 27.075783 -41.340267 10.026976
v 27.075783 -41.340267 10.026976
v 24.499998 -45.799999 7.315222
v 24.499998 -45.799999 7.315222
v 27.500000 -45.799999 7.315222
v 27.500000 -45.799999 7.315222
v 24.897503 -44.607018 10.026976
v 24.897503 -44.607018 10.026976
v 24.897503 -44.607018 10.026976
v 24.873753 -38.713371 8.111998
v 24.873753 -38.713371 8.111998
v 24.873753 -38.713371 8.111998
v 24.873753 -38.713371 8.111998
v 24.869434 -37.706566 5.013462
v 24.869434 -37.706566 5.013462
v 24.869434 -37.706566 5.013462
v 27.065706 -38.704563 8.111998
v 27.065706 -38.704563 8.111998
v 27.065706 -38.704563 8.111998
v 27.061405 -37.697781 5.013462
v 27.061405 -37.697781 5.013462
v 27.061405 -37.697781 5.013462
v 27.061405 -37.697781 5.013462
v 24.884285 -41.349072 10.026976
v 24.884285 -41.349072 10.026976
v 24.884285 -41.349072 10.026976
v 27.500000 -42.000000 3.832069
v 27.500000 -42.000000 3.832069
v 24.897503 -44.607018 -0.000004
v 24.897503 -44.607018 -0.000004
v 24.907824 -47.242676 1.914973
v 24.907824 -47.242676 1.914973
v 27.103857 -48.240669 5.013462
v 27.103857 -48.240669 5.013462
v 24.912144 -48.249481 5.013462
v 24.912144 -48.249481 5.013462
v 24.912144 -48.249481 5.013462
v 24.912144 -48.249481 5.013462
v 24.912144 -48.249481 5.013462
v 24.912144 -48.249481 5.013462
v 24.912144 -48.249481 5.013462
v 24.912144 -48.249481 5.013462
v 24.912144 -48.249481 5.013462
v 27.089247 -44.598141 -0.000004
v 27.089247 -44.598141 -0.000004
v 27.089247 -44.598141 -0.000004
v 24.499998 -40.000000 10.997860
v 24.499998 -40.200001 7.315222
v 24.499998 -40.200001 7.315222
v 27.099794 -47.233913 1.914973
v 27.099794 -47.233913 1.914973
v 27.500000 -40.000000 10.997860
v 27.500000 -40.200001 7.315222
v 27.500000 -40.200001 7.315222
v 24.884285 -41.349072 -0.000004
v 24.884285 -41.349072 -0.000004
v 24.884285 -41.349072 -0.000004
v 27.099794 -47.233913 8.111950
v 27.099794 -47.233913 8.111950
v 27.099794 -47.233913 8.111950
v 27.099794 -47.233913 8.111950
v 27.099794 -47.233913 8.111950
v 27.099794 -47.233913 8.111950
v 27.099794 -47.233913 8.111950
v 24.907824 -47.242676 8.111950
v 24.907824 -47.242676 8.111950
v 27.075783 -41.340267 -0.000004
v 27.075783 -41.340267 -0.000004
v 24.499998 -46.000000 10.997860
v 27.500000 -46.000000 10.997900
v -27.126244 -38.713348 1.914973
v -27.126244 -38.713348 1.914973
v -27.126244 -38.713348 1.914973
v -24.934296 -38.704563 1.914973
v -24.934296 -38.704563 1.914973
v -24.934296 -38.704563 1.914973
v -27.500000 -44.000000 3.832069
v -27.500000 -44.000000 3.832069
v -27.500000 -42.000000 3.832069
v -27.500000 -42.000000 3.832069
v -24.500000 -44.000000 3.832069
v -24.500000 -44.000000 3.832069
v -24.910757 -44.598141 10.026976
v -24.910757 -44.598141 10.026976
v -24.924221 -41.340267 10.026976
v -24.924221 -41.340267 10.026976
v -24.924221 -41.340267 10.026976
v -24.924221 -41.340267 10.026976
v -27.500000 -45.799999 7.315222
v -27.500000 -45.799999 7.315222
v -24.500000 -45.799999 7.315222
v -24.500000 -45.799999 7.315222
v -27.102497 -44.607018 10.026976
v -27.102497 -44.607018 10.026976
v -27.102497 -44.607018 10.026976
v -27.102497 -44.607018 10.026976
v -27.126247 -38.713371 8.111998
v -27.126247 -38.713371 8.111998
v -27.126247 -38.713371 8.111998
v -27.130566 -37.706566 5.013462
v -27.130566 -37.706566 5.013462
v -27.130566 -37.706566 5.013462
v -27.130566 -37.706566 5.013462
v -24.934296 -38.704563 8.111998
v -24.934296 -38.704563 8.111998
v -24.934296 -38.704563 8.111998
v -24.934296 -38.704563 8.111998
v -24.938595 -37.697781 5.013462
v -24.938595 -37.697781 5.013462
v -24.938595 -37.697781 5.013462
v -27.115717 -41.349072 10.026976
v -27.115717 -41.349072 10.026976
v -27.115717 -41.349072 10.026976
v -27.115717 -41.349072 10.026976
v -24.500000 -42.000000 3.832069
v -24.500000 -42.000000 3.832069
v -27.102497 -44.607018 -0.000004
v -27.102497 -44.607018 -0.000004
v -27.092180 -47.242676 1.914973
v -27.092180 -47.242676 1.914973
v -27.092180 -47.242676 1.914973
v -24.896149 -48.240669 5.013462
v -24.896149 -48.240669 5.013462
v -24.896149 -48.240669 5.013462
v -27.087858 -48.249481 5.013462
v -27.087858 -48.249481 5.013462
v -27.087858 -48.249481 5.013462
v -27.087858 -48.249481 5.013462
v -27.087858 -48.249481 5.013462
v -27.087858 -48.249481 5.013462
v -27.087858 -48.249481 5.013462
v -27.087858 -48.249481 5.013462
v -24.910757 -44.598141 -0.000004
v -24.910757 -44.598141 -0.000004
v -27.500000 -40.000000 10.997860
v -27.500000 -40.200001 7.315222
v -27.500000 -40.200001 7.315222
v -24.900208 -47.233913 1.914973
v -24.900208 -47.233913 1.914973
v -24.500000 -40.000000 10.997860
v -24.500000 -40.200001 7.315222
v -24.500000 -40.200001 7.315222
v -27.115717 -41.349072 -0.000004
v -27.115717 -41.349072 -0.000004
v -27.115717 -41.349072 -0.000004
v -24.900208 -47.233913 8.111950
v -24.900208 -47.233913 8.111950
v -24.900208 -47.233913 8.111950
v -24.900208 -47.233913 8.111950
v -24.900208 -47.233913 8.111950
v -27.092180 -47.242676 8.111950
v -27.092180 -47.242676 8.111950
v -24.924221 -41.340267 -0.000004
v -24.924221 -41.340267 -0.000004
v -27.500000 -46.000000 10.997860
v -24.500000 -46.000000 10.997900
v 24.151077 47.026360 1.914973
v 24.151077 47.026360 1.914973
v 24.151077 47.026360 1.914973
v 26.308199 47.415638 1.914973
v 26.308199 47.415638 1.914973
v 26.308199 47.415638 1.914973
v 24.701014 41.755127 3.832069
v 24.701014 41.755127 3.832069
v 24.353718 43.724739 3.832069
v 24.353718 43.724739 3.832069
v 27.655441 42.276073 3.832069
v 27.655441 42.276073 3.832069
v 27.354792 41.615688 10.026976
v 27.354792 41.615688 10.026976
v 27.354792 41.615688 10.026976
v 26.775810 44.821728 10.026976
v 26.775810 44.821728 10.026976
v 26.775810 44.821728 10.026976
v 25.013580 39.982475 7.315222
v 25.013580 39.982475 7.315222
v 25.013580 39.982475 7.315222
v 27.968008 40.503418 7.315222
v 27.968008 40.503418 7.315222
v 27.968008 40.503418 7.315222
v 25.197887 41.226353 10.026976
v 25.197887 41.226353 10.026976
v 25.197887 41.226353 10.026976
v 24.151077 47.026337 8.111998
v 24.151077 47.026337 8.111998
v 24.151077 47.026337 8.111998
v 23.971996 48.017097 5.013462
v 23.971996 48.017097 5.013462
v 26.308199 47.415638 8.111998
v 26.308199 47.415638 8.111998
v 26.129139 48.406380 5.013462
v 26.129139 48.406380 5.013462
v 24.619133 44.432514 10.026976
v 24.619133 44.432514 10.026976
v 24.619133 44.432514 10.026976
v 27.308142 44.245686 3.832069
v 27.308142 44.245686 3.832069
v 27.308142 44.245686 3.832069
v 25.197887 41.226353 -0.000004
v 25.197887 41.226353 -0.000004
v 25.665728 38.632538 1.914973
v 25.665728 38.632538 1.914973
v 28.001699 38.031029 5.013462
v 28.001699 38.031029 5.013462
v 25.844812 37.641777 5.013462
v 25.844812 37.641777 5.013462
v 25.844812 37.641777 5.013462
v 25.844812 37.641777 5.013462
v 25.844812 37.641777 5.013462
v 27.354792 41.615688 -0.000004
v 27.354792 41.615688 -0.000004
v 27.354792 41.615688 -0.000004
v 27.354792 41.615688 -0.000004
v 24.006422 45.694359 10.997860
v 24.006422 45.694359 10.997860
v 24.041153 45.497395 7.315222
v 24.041153 45.497395 7.315222
v 27.822876 39.021790 1.914973
v 27.822876 39.021790 1.914973
v 27.822876 39.021790 1.914973
v 26.960846 46.215302 10.997860
v 26.995575 46.018337 7.315222
v 26.995575 46.018337 7.315222
v 24.619133 44.432514 -0.000004
v 24.619133 44.432514 -0.000004
v 24.619133 44.432514 -0.000004
v 26.775810 44.821728 -0.000004
v 26.775810 44.821728 -0.000004
v 26.775810 44.821728 -0.000004
v 26.775810 44.821728 -0.000004
v 27.822876 39.021790 8.111950
v 27.822876 39.021790 8.111950
v 27.822876 39.021790 8.111950
v 27.822876 39.021790 8.111950
v 27.822876 39.021790 8.111950
v 27.822876 39.021790 8.111950
v 27.822876 39.021790 8.111950
v 25.665728 38.632538 8.111950
v 25.665728 38.632538 8.111950
v 25.665728 38.632538 8.111950
v 25.048313 39.785503 10.997860
v 28.002735 40.306450 10.997900
v -27.848923 47.026360 1.914973
v -27.848923 47.026360 1.914973
v -27.848923 47.026360 1.914973
v -25.691801 47.415638 1.914973
v -25.691801 47.415638 1.914973
v -25.691801 47.415638 1.914973
v -27.298985 41.755127 3.832069
v -27.298985 41.755127 3.832069
v -27.646282 43.724739 3.832069
v -27.646282 43.724739 3.832069
v -27.646282 43.724739 3.832069
v -27.646282 43.724739 3.832069
v -24.344563 42.276073 3.832069
v -24.344563 42.276073 3.832069
v -24.645210 41.615688 10.026976
v -24.645210 41.615688 10.026976
v -25.224194 44.821728 10.026976
v -25.224194 44.821728 10.026976
v -25.224194 44.821728 10.026976
v -26.986418 39.982475 7.315222
v -26.986418 39.982475 7.315222
v -26.986418 39.982475 7.315222
v -24.031996 40.503418 7.315222
v -24.031996 40.503418 7.315222
v -24.031996 40.503418 7.315222
v -24.031996 40.503418 7.315222
v -24.031996 40.503418 7.315222
v -26.802111 41.226353 10.026976
v -26.802111 41.226353 10.026976
v -26.802111 41.226353 10.026976
v -27.848923 47.026337 8.111998
v -27.848923 47.026337 8.111998
v -28.028006 48.017097 5.013462
v -28.028006 48.017097 5.013462
v -25.691801 47.415638 8.111998
v -25.691801 47.415638 8.111998
v -25.870863 48.406380 5.013462
v -25.870863 48.406380 5.013462
v -27.380869 44.432514 10.026976
v -27.380869 44.432514 10.026976
v -27.380869 44.432514 10.026976
v -24.691858 44.245686 3.832069
v -24.691858 44.245686 3.832069
v -26.802111 41.226353 -0.000004
v -26.802111 41.226353 -0.000004
v -26.334276 38.632538 1.914973
v -26.334276 38.632538 1.914973
v -23.998304 38.031029 5.013462
v -23.998304 38.031029 5.013462
v -26.155191 37.641777 5.013462
v -26.155191 37.641777 5.013462
v -26.155191 37.641777 5.013462
v -26.155191 37.641777 5.013462
v -26.155191 37.641777 5.013462
v -24.645210 41.615688 -0.000004
v -24.645210 41.615688 -0.000004
v -27.993578 45.694359 10.997860
v -27.958849 45.497395 7.315222
v -27.958849 45.497395 7.315222
v -27.958849 45.497395 7.315222
v -24.177124 39.021786 1.914973
v -24.177124 39.021786 1.914973
v -24.177124 39.021786 1.914973
v -25.039154 46.215302 10.997860
v -25.039154 46.215302 10.997860
v -25.039154 46.215302 10.997860
v -25.004425 46.018337 7.315222
v -25.004425 46.018337 7.315222
v -25.004425 46.018337 7.315222
v -25.004425 46.018337 7.315222
v -27.380869 44.432514 -0.000004
v -27.380869 44.432514 -0.000004
v -25.224194 44.821728 -0.000004
v -25.224194 44.821728 -0.000004
v -25.224194 44.821728 -0.000004
v -25.224194 44.821728 -0.000004
v -24.177124 39.021786 8.111950
v -24.177124 39.021786 8.111950
v -24.177124 39.021786 8.111950
v -24.177124 39.021786 8.111950
v -24.177124 39.021786 8.111950
v -24.177124 39.021786 8.111950
v -24.177124 39.021786 8.111950
v -26.334276 38.632538 8.111950
v -26.334276 38.632538 8.111950
v -26.951689 39.785503 10.997860
v -26.951689 39.785503 10.997860
v -23.997263 40.306450 10.997900
v 23.999989 49.000011 10.500009
v -23.999994 49.000011 10.500003
v 23.999989 47.700016 13.500005
v -24.000000 47.700012 13.499999
v -23.999994 50.300014 16.500002
v 23.999989 50.300014 16.500008
v 23.999989 47.700016 10.500009
v -24.000000 47.700012 10.500003
v 23.999989 50.300014 10.500009
v -23.999994 50.300014 10.500003
v 23.999989 49.000011 16.500008
v -23.999994 49.000011 16.500002
v 23.999989 47.700016 16.500008
v -24.000000 47.700012 16.500002
v 23.999983 50.300014 13.500005
v -23.999994 50.300014 13.499999
v 23.999989 50.300014 50.500004
v -23.999994 50.300014 50.500000
v 23.999989 47.700016 50.500004
v -24.000000 47.700012 50.500000
v 23.999989 47.700016 56.500008
v -24.000000 47.700012 56.500000
v -23.999994 50.300014 56.500000
v 23.999989 50.300014 56.500008
v 23.999983 50.300014 53.500004
v -23.999994 50.300014 53.499996
v 23.999989 49.000011 56.500008
v -23.999994 49.000011 56.500000
v 23.999989 49.000011 50.500004
v -23.999994 49.000011 50.500000
v 23.999989 49.000011 90.500000
v -23.999994 49.000011 90.500000
v -23.999994 50.300014 96.500000
v 23.999989 50.300014 96.500000
v 23.999989 47.700016 90.500000
v -24.000000 47.700012 90.500000
v 23.999989 50.300014 90.500000
v -23.999994 50.300014 90.500000
v 23.999989 49.000011 96.500000
v -23.999994 49.000011 96.500000
v 23.999989 47.700016 96.500000
v -24.000000 47.700012 96.500000
v 23.999983 50.300014 93.500000
v -23.999994 50.300014 93.499992
v 25.000011 -44.999989 55.999989
v 25.000011 -43.099987 57.900002
v -26.999992 -43.100006 49.100010
v 25.000011 -43.099987 57.900002
v 25.000011 43.099995 57.900002
v -25.000000 -43.100006 49.100010
v 25.000011 43.099995 57.900002
v 25.000011 44.999992 55.999989
v -27.000004 43.099968 49.100018
v 27.000004 43.099995 57.900002
v 27.000004 43.099995 57.900002
v 27.000004 44.999992 55.999989
v 27.000004 -43.099987 57.900002
v -25.000011 43.099968 49.100018
v 27.000004 -43.099987 57.900002
v 27.000004 -44.999989 55.999989
v -26.999992 -43.099995 17.899998
v 25.000011 43.100006 89.100006
v 25.000011 43.100006 89.100006
v -27.000004 43.099983 17.899998
v 27.000004 43.100006 89.100006
v 27.000004 43.100006 89.100006
v 25.000011 -45.000019 91.000008
v 25.000011 -43.099995 89.100006
v -25.000000 -43.099995 17.899998
v 25.000011 -43.099995 89.100006
v 27.000004 -43.099995 89.100006
v -25.000011 43.099983 17.899998
v 27.000004 -43.099995 89.100006
v 27.000004 -45.000019 91.000008
v 25.000011 -44.999989 15.999988
v 25.000011 -43.099987 17.899998
v 25.000011 -43.099987 17.899998
v 25.000011 43.099995 17.899998
v 25.000011 43.099995 17.899998
v 25.000011 44.999992 15.999988
v 27.000004 43.099995 17.899998
v 27.000004 -43.099987 17.899998
v 27.000004 -43.099987 17.899998
v 27.000004 -44.999989 15.999988
v 25.000011 45.000004 51.000023
v 25.000011 43.100010 49.100018
v 25.000011 43.100010 49.100018
v 25.000011 -45.000019 51.000011
v 25.000011 -43.099995 49.100010
v 25.000011 -43.099995 49.100010
v 27.000004 -43.099995 49.100010
v 27.000004 -43.099995 49.100010
v 27.000004 -45.000019 51.000011
v -22.999985 -48.000015 58.000000
v -22.999985 -48.000015 58.000000
v 22.999994 -48.000015 58.000000
v 22.999994 -48.000015 58.000000
v 22.999994 -50.000000 58.000000
v 22.999994 -50.000000 58.000000
v -22.999985 -50.000008 58.000000
v -22.999985 -50.000008 58.000000
v 23.000006 -48.000000 89.000008
v 23.000006 -48.000000 89.000008
v 23.000006 -50.000000 89.000008
v 23.000006 -50.000000 89.000008
v -22.999998 -50.000008 89.000008
v -22.999998 -50.000008 89.000008
v -22.999998 -48.000015 89.000008
v -22.999998 -48.000015 89.000008
v -22.999985 -48.000015 17.999998
v -22.999985 -48.000015 17.999998
v 22.999994 -48.000015 17.999998
v 22.999994 -48.000015 17.999998
v 22.999994 -50.000000 17.999998
v 22.999994 -50.000000 17.999998
v -22.999985 -50.000008 17.999998
v -22.999985 -50.000008 17.999998
v 23.000006 -48.000000 49.000011
v 23.000006 -48.000000 49.000011
v 23.000006 -50.000000 49.000011
v 23.000006 -50.000000 49.000011
v -22.999998 -50.000008 49.000011
v -22.999998 -50.000008 49.000011
v -22.999998 -48.000015 49.000011
v -22.999998 -48.000015 49.000011
v -25.000011 43.099983 57.900002
v 27.000004 -43.099995 49.100010
v -25.000000 -43.099995 57.900002
v 25.000011 -43.099995 49.100010
v -25.000000 -43.099995 57.900002
v -25.000000 -44.999992 55.999989
v 27.000004 43.100010 49.100010
v -26.999992 -43.099995 57.900002
v -26.999992 -43.099995 57.900002
v -26.999992 -44.999992 55.999989
v -27.000004 43.099983 57.900002
v 25.000011 43.100010 49.100018
v -25.000011 43.099964 89.100014
v 27.000004 43.099995 17.899998
v 27.000004 -43.099987 17.899998
v -27.000004 43.099964 89.100014
v -25.000000 -43.100006 89.100006
v 25.000011 43.099995 17.899998
v -25.000000 -43.100006 89.100006
v -25.000000 -45.000031 91.000008
v 25.000011 -43.099987 17.899998
v -26.999992 -43.100006 89.100006
v -26.999992 -43.100006 89.100006
v -26.999992 -45.000031 91.000008
v -25.000011 43.099983 17.899998
v -25.000000 -43.099995 17.899998
v -26.999992 -43.099995 17.899998
v -27.000004 43.099983 17.899998
v -25.000011 43.099968 49.100018
v -27.000004 43.099968 49.100018
v -25.000000 -43.100006 49.100010
v -26.999992 -43.100006 49.100010
v 22.999985 48.000019 58.000000
v 22.999985 48.000019 58.000000
v -22.999994 48.000008 58.000000
v -22.999994 48.000008 58.000000
v -22.999994 49.999992 58.000000
v -22.999994 49.999992 58.000000
v 22.999985 50.000011 58.000000
v 22.999985 50.000011 58.000000
v 22.999968 48.000019 89.000015
v 22.999968 48.000019 89.000015
v 22.999968 50.000011 89.000015
v 22.999968 50.000011 89.000015
v -23.000006 47.999996 89.000008
v -23.000006 47.999996 89.000008
v -23.000006 49.999992 89.000008
v -23.000006 49.999992 89.000008
v 22.999985 48.000019 17.999998
v 22.999985 48.000019 17.999998
v -22.999994 48.000008 17.999998
v -22.999994 48.000008 17.999998
v -22.999994 49.999992 17.999998
v -22.999994 49.999992 17.999998
v -22.999994 49.999992 17.999998
v -24.999992 49.999992 15.999988
v 22.999985 50.000011 17.999998
v 22.999985 50.000011 17.999998
v 22.999968 48.000019 49.000015
v 22.999968 48.000019 49.000015
v 22.999968 50.000011 49.000015
v 22.999968 50.000011 49.000015
v -23.000006 49.999992 49.000015
v -23.000006 49.999992 49.000015
v -23.000006 49.999992 49.000015
v 24.999969 50.000011 51.000000
v 24.999969 50.000011 51.000000
v 24.999969 50.000011 51.000000
v -25.000017 -50.000008 51.000011
v -25.000017 -50.000008 51.000011
v -25.000017 -50.000008 51.000011
v -25.000027 49.999992 51.000011
v -25.000027 49.999992 51.000011
v -25.000027 49.999992 51.000011
v -25.000027 49.999992 51.000011
v 24.999969 50.000011 91.000000
v 24.999969 50.000011 91.000000
v 24.999969 50.000011 91.000000
v -25.000017 -50.000008 91.000008
v -25.000017 -50.000008 91.000008
v -25.000017 -50.000008 91.000008
v -25.000027 49.999992 91.000008
v -25.000027 49.999992 91.000008
v -25.000027 49.999992 91.000008
v 25.000011 45.000004 91.000023
v 27.000004 45.000004 91.000023
v 27.000004 43.100010 49.100010
v -23.000006 47.999996 49.000011
v -23.000006 47.999996 49.000011
v -24.999994 -48.499969 91.000000
v -19.999992 -48.499973 91.000000
v -20.999992 -49.499973 91.000000
v -14.999998 -48.499973 91.000000
v -15.999996 -49.499973 91.000000
v -9.999995 -48.499969 91.000000
v -11.000001 -49.499973 91.000000
v -4.999994 -48.499973 91.000000
v -6.000000 -49.499969 91.000000
v -0.000002 -48.499973 91.000000
v -0.999998 -49.499973 91.000000
v 5.000005 -48.499973 91.000000
v 3.999994 -49.499973 91.000000
v 10.000000 -48.499969 91.000000
v 9.000001 -49.499973 91.000000
v 15.000007 -48.499969 91.000000
v 13.999995 -49.499969 91.000000
v 20.000002 -48.499969 91.000000
v 19.000002 -49.499969 91.000000
v 24.999996 -48.499962 91.000000
v 23.999998 -49.499962 91.000000
v 20.999989 -49.499969 91.000000
v 21.999989 -48.499969 91.000000
v 15.999993 -49.499969 91.000000
v 16.999992 -48.499969 91.000000
v 10.999993 -49.499969 91.000000
v 11.999998 -48.499969 91.000000
v 5.999992 -49.499973 91.000000
v 6.999997 -48.499969 91.000000
v 0.999997 -49.499973 91.000000
v 1.999996 -48.499973 91.000000
v -4.000007 -49.499973 91.000000
v -2.999996 -48.499973 91.000000
v -9.000003 -49.499973 91.000000
v -8.000004 -48.499973 91.000000
v -14.000010 -49.499973 91.000000
v -13.000000 -48.499973 91.000000
v -19.000006 -49.499973 91.000000
v -18.000008 -48.499973 91.000000
v -24.000000 -49.499973 91.000000
v -23.000002 -48.499973 91.000000
v -25.000000 -48.499973 74.000000
v 0.000012 -48.499973 56.000019
v 24.999996 -48.499966 81.000008
v -25.000000 -48.499973 76.000000
v -9.999992 -48.499973 91.000008
v -24.999989 -48.499973 64.000023
v -24.999992 -49.499969 60.000015
v -24.999996 -48.499969 56.000008
v 0.999985 -49.499973 56.000019
v -24.999992 -49.499973 81.999992
v 24.999996 -49.499966 77.000000
v 10.999987 -49.499969 91.000008
v -20.000000 -48.499969 56.000008
v -25.000006 -48.499969 61.000015
v 25.000004 -48.499969 61.000000
v -15.000001 -48.499973 56.000008
v -24.999990 -48.499973 66.000000
v 25.000010 -48.499969 64.000008
v 17.000017 -48.499969 56.000019
v -10.000002 -48.499973 56.000008
v 24.999990 -48.499969 91.000000
v 15.000012 -48.499969 56.000019
v 25.000004 -48.499969 66.000008
v -24.999992 -48.499973 86.000015
v -19.999992 -48.499973 91.000008
v 5.999999 -49.499973 56.000019
v 25.000004 -49.499973 75.000015
v -24.999990 -49.499973 70.000015
v 25.000006 -48.499973 79.000008
v 2.000019 -48.499973 56.000019
v 10.999988 -49.499969 56.000019
v -24.000000 -49.499969 91.000008
v 25.000000 -49.499969 87.000000
v 20.999987 -49.499969 91.000008
v 24.999996 -49.499966 79.999992
v 25.000006 -49.499973 65.000000
v 24.999998 -48.499973 71.000000
v -5.000009 -48.499973 56.000019
v -24.999992 -48.499973 76.000000
v 11.000005 -49.499969 56.000019
v 25.000000 -49.499969 70.000015
v 13.999990 -49.499969 56.000019
v 25.000006 -49.499969 84.999992
v -25.000000 -49.499973 75.000000
v -6.000014 -49.499973 56.000019
v -19.999992 -48.499973 56.000008
v 15.000007 -48.499969 91.000008
v -4.000001 -49.499969 56.000019
v 25.000000 -49.499962 85.000015
v -24.999996 -49.499973 80.000008
v -24.999994 -49.499973 84.999992
v 3.999999 -49.499973 56.000019
v -24.000000 -49.499973 56.000008
v -25.000006 -49.499973 57.000015
v 20.999979 -49.499969 56.000019
v -14.000006 -49.499973 91.000008
v 4.999993 -48.499973 56.000019
v -25.000000 -48.499973 86.000000
v 24.999996 -48.499969 81.000008
v -24.999990 -48.499973 89.000008
v -24.999990 -48.499973 61.000015
v 5.000007 -48.499973 91.000008
v -24.999990 -48.499973 69.000008
v -13.999997 -49.499969 56.000019
v -24.999990 -49.499973 90.000008
v -24.999994 -48.499973 59.000004
v 24.999996 -49.499973 62.000000
v -4.000011 -49.499973 91.000008
v -24.999989 -48.499973 79.000008
v 25.000006 -48.499962 89.000008
v -8.000001 -48.499973 56.000008
v 14.999989 -48.499969 56.000019
v 24.999990 -48.499966 68.999992
v 12.000018 -48.499969 56.000019
v 24.999996 -48.499973 74.000000
v 6.999996 -48.499973 56.000008
v 5.000011 -48.499969 56.000019
v 24.999990 -48.499973 76.000000
v 25.000010 -48.499969 59.000015
v 22.000011 -48.499969 56.000019
v -24.999989 -48.499973 71.000015
v -4.999995 -48.499973 91.000008
v -23.999992 -49.499969 56.000019
v -4.000013 -49.499969 56.000019
v -24.999994 -49.499969 77.000000
v 24.999998 -49.499969 72.000000
v 5.999994 -49.499973 91.000008
v 20.000013 -48.499969 56.000019
v 24.999996 -48.499969 61.000000
v 10.000012 -48.499973 56.000019
v 24.999996 -48.499973 71.000000
v 25.000000 -49.499969 70.000008
v 24.999979 -48.499969 56.000019
v 18.999985 -49.499969 56.000019
v -24.999998 -49.499973 79.999992
v -1.000024 -49.499973 56.000019
v -4.999994 -48.499973 56.000019
v 25.000006 -48.499966 86.000015
v -25.000006 -49.499969 65.000008
v -16.000006 -49.499969 56.000008
v -24.999996 -48.499973 81.000008
v -14.999998 -48.499973 91.000008
v 24.999996 -49.499973 59.999992
v -24.999989 -49.499973 65.000023
v -19.000006 -49.499973 56.000008
v -25.000000 -49.499973 62.000000
v 5.999992 -49.499973 56.000019
v -25.000004 -49.499969 87.000000
v 24.999996 -49.499969 82.000008
v 15.999993 -49.499969 91.000008
v 21.000025 -49.499969 56.000031
v 25.000006 -49.499969 60.000015
v 24.999990 -48.499973 66.000000
v -10.000006 -48.499973 56.000019
v -25.000004 -48.499973 71.000015
v -14.999998 -48.499973 56.000008
v 20.000002 -48.499969 91.000008
v -24.999989 -48.499973 91.000008
v 1.000000 -49.499969 56.000019
v 25.000006 -49.499966 80.000015
v -24.999990 -48.499973 84.000015
v -24.999996 -49.499973 75.000000
v 15.999982 -49.499969 56.000019
v -18.999990 -49.499973 91.000000
v -13.000011 -48.499973 55.999992
v -0.000008 -48.499969 56.000019
v -25.000000 -48.499973 81.000008
v 25.000000 -48.499973 76.000000
v -18.000008 -48.499973 55.999992
v 25.000010 -48.499966 84.000015
v -2.999997 -48.499973 56.000019
v -23.000002 -48.499973 55.999992
v -24.999992 -48.499973 56.000008
v 10.000007 -48.499969 91.000008
v -9.000002 -49.499969 56.000019
v 25.000000 -49.499969 90.000008
v 24.999996 -49.499962 90.000000
v -24.999992 -49.499973 85.000015
v 24.999998 -49.499962 56.999992
v -9.000002 -49.499969 91.000008
v 24.999996 -49.499973 75.000000
v 9.999989 -48.499969 56.000019
v 25.000000 -48.499969 86.000000
v 23.999981 -49.499962 56.000019
v -25.000004 -49.499973 90.000000
v 8.999997 -49.499969 56.000008
v -24.999990 -49.499969 69.999992
v -11.000003 -49.499969 56.000008
v -25.000000 -48.499973 66.000008
v 0.000003 -48.499973 91.000000
v -19.000000 -49.499969 56.000008
v -14.000005 -49.499969 56.000008
v -24.999994 -49.499969 66.999992
v -9.000004 -49.499973 56.000008
v -25.000004 -49.499973 72.000000
v 24.999994 -49.499966 67.000008
v 0.999984 -49.499973 91.000008
v -24.999998 -49.499973 60.000004
v -21.000004 -49.499973 56.000008
v 16.000006 -49.499969 56.000019
v 25.000000 -49.499966 65.000008
v 19.999977 -48.499969 56.000019
v 24.999973 -49.499962 56.000042
v 25.000000 -49.499962 91.000008
v -24.999983 -49.499969 55.999992
v -24.999996 -49.499969 91.000023
v 24.999994 48.499973 91.000000
v 19.999992 48.499977 91.000000
v 20.999992 49.499977 91.000000
v 14.999998 48.499977 91.000000
v 15.999996 49.499977 91.000000
v 9.999995 48.499973 91.000000
v 11.000001 49.499977 91.000000
v 4.999994 48.499977 91.000000
v 6.000000 49.499969 91.000000
v 0.000002 48.499973 91.000000
v 0.999998 49.499977 91.000000
v -5.000005 48.499973 91.000000
v -3.999994 49.499969 91.000000
v -10.000000 48.499966 91.000000
v -9.000001 49.499969 91.000000
v -15.000007 48.499966 91.000000
v -13.999995 49.499966 91.000000
v -20.000002 48.499966 91.000000
v -19.000002 49.499966 91.000000
v -24.999996 48.499958 91.000000
v -23.999998 49.499958 91.000000
v -20.999989 49.499966 91.000000
v -21.999989 48.499966 91.000000
v -15.999993 49.499966 91.000000
v -16.999992 48.499966 91.000000
v -10.999993 49.499966 91.000000
v -11.999998 48.499966 91.000000
v -5.999992 49.499969 91.000000
v -6.999997 48.499966 91.000000
v -0.999997 49.499969 91.000000
v -1.999996 48.499973 91.000000
v 4.000007 49.499977 91.000000
v 2.999996 48.499977 91.000000
v 9.000003 49.499977 91.000000
v 8.000004 48.499977 91.000000
v 14.000010 49.499977 91.000000
v 13.000000 48.499977 91.000000
v 19.000006 49.499977 91.000000
v 18.000008 48.499977 91.000000
v 24.000000 49.499977 91.000000
v 23.000002 48.499977 91.000000
v 25.000000 48.499977 74.000000
v -0.000012 48.499973 56.000019
v -24.999996 48.499958 81.000008
v 25.000000 48.499977 76.000000
v 9.999992 48.499977 91.000008
v 24.999989 48.499977 64.000023
v 24.999992 49.499977 60.000015
v 24.999996 48.499973 56.000008
v -0.999985 49.499969 56.000019
v 24.999992 49.499977 81.999992
v -24.999996 49.499958 77.000000
v -10.999987 49.499966 91.000008
v 20.000000 48.499973 56.000008
v 25.000006 48.499973 61.000015
v -25.000004 48.499966 61.000000
v 15.000001 48.499973 56.000008
v 24.999990 48.499977 66.000000
v -25.000010 48.499966 64.000008
v -17.000017 48.499966 56.000019
v 10.000002 48.499977 56.000008
v -24.999990 48.499966 91.000000
v -15.000012 48.499966 56.000019
v -25.000004 48.499966 66.000008
v 24.999992 48.499977 86.000015
v 19.999992 48.499977 91.000008
v -5.999999 49.499969 56.000019
v -25.000004 49.499969 75.000015
v 24.999990 49.499977 70.000015
v -25.000006 48.499966 79.000008
v -2.000019 48.499973 56.000019
v -10.999988 49.499966 56.000019
v 24.000000 49.499969 91.000008
v -25.000000 49.499966 87.000000
v -20.999987 49.499966 91.000008
v -24.999996 49.499958 79.999992
v -25.000006 49.499969 65.000000
v -24.999998 48.499973 71.000000
v 5.000010 48.499973 56.000019
v 24.999992 48.499977 76.000000
v -11.000005 49.499966 56.000019
v -25.000000 49.499966 70.000015
v -13.999990 49.499966 56.000019
v -25.000006 49.499966 84.999992
v 25.000000 49.499977 75.000000
v 6.000014 49.499977 56.000019
v 19.999992 48.499977 56.000008
v -15.000007 48.499966 91.000008
v 4.000001 49.499969 56.000019
v -25.000000 49.499958 85.000015
v 24.999996 49.499977 80.000008
v 24.999994 49.499977 84.999992
v -3.999999 49.499969 56.000019
v 24.000000 49.499977 56.000008
v 25.000006 49.499977 57.000015
v -20.999979 49.499966 56.000019
v 14.000006 49.499977 91.000008
v -4.999993 48.499973 56.000019
v 25.000000 48.499977 86.000000
v -24.999996 48.499966 81.000008
v 24.999990 48.499977 89.000008
v 24.999990 48.499977 61.000015
v -5.000007 48.499973 91.000008
v 24.999990 48.499977 69.000008
v 13.999997 49.499969 56.000019
v 24.999990 49.499977 90.000008
v 24.999994 48.499977 59.000004
v -24.999996 49.499969 62.000000
v 4.000011 49.499977 91.000008
v 24.999989 48.499977 79.000008
v -25.000006 48.499958 89.000008
v 8.000001 48.499977 56.000008
v -14.999989 48.499966 56.000019
v -24.999990 48.499958 68.999992
v -12.000018 48.499966 56.000019
v -24.999996 48.499973 74.000000
v -6.999996 48.499973 56.000008
v -5.000011 48.499966 56.000019
v -24.999990 48.499966 76.000000
v -25.000010 48.499966 59.000015
v -22.000011 48.499966 56.000019
v 24.999989 48.499977 71.000015
v 4.999995 48.499977 91.000008
v 23.999992 49.499969 56.000019
v 4.000013 49.499969 56.000019
v 24.999994 49.499977 77.000000
v -24.999998 49.499966 72.000000
v -5.999994 49.499969 91.000008
v -20.000013 48.499966 56.000019
v -24.999996 48.499966 61.000000
v -10.000012 48.499973 56.000019
v -24.999996 48.499973 71.000000
v -25.000000 49.499966 70.000008
v -24.999979 48.499966 56.000019
v -18.999985 49.499966 56.000019
v 24.999998 49.499977 79.999992
v 1.000024 49.499977 56.000019
v 4.999994 48.499977 56.000019
v -25.000006 48.499958 86.000015
v 25.000006 49.499977 65.000008
v 16.000006 49.499969 56.000008
v 24.999996 48.499977 81.000008
v 14.999998 48.499977 91.000008
v -24.999996 49.499969 59.999992
v 24.999989 49.499977 65.000023
v 19.000006 49.499977 56.000008
v 25.000000 49.499977 62.000000
v -5.999992 49.499969 56.000019
v 25.000004 49.499977 87.000000
v -24.999996 49.499966 82.000008
v -15.999993 49.499966 91.000008
v -21.000025 49.499966 56.000031
v -25.000006 49.499966 60.000015
v -24.999990 48.499973 66.000000
v 10.000006 48.499973 56.000019
v 25.000004 48.499977 71.000015
v 14.999998 48.499977 56.000008
v -20.000002 48.499966 91.000008
v 24.999989 48.499977 91.000008
v -1.000000 49.499966 56.000019
v -25.000006 49.499958 80.000015
v 24.999990 48.499977 84.000015
v 24.999996 49.499977 75.000000
v -15.999982 49.499966 56.000019
v 18.999990 49.499977 91.000000
v 13.000011 48.499977 55.999992
v 0.000009 48.499966 56.000019
v 25.000000 48.499977 81.000008
v -25.000000 48.499966 76.000000
v 18.000008 48.499977 55.999992
v -25.000010 48.499958 84.000015
v 2.999997 48.499977 56.000019
v 23.000002 48.499977 55.999992
v 24.999992 48.499977 56.000008
v -10.000007 48.499966 91.000008
v 9.000002 49.499969 56.000019
v -25.000000 49.499966 90.000008
v -24.999996 49.499958 90.000000
v 24.999992 49.499977 85.000015
v -24.999998 49.499958 56.999992
v 9.000002 49.499969 91.000008
v -24.999996 49.499969 75.000000
v -9.999989 48.499966 56.000019
v -25.000000 48.499966 86.000000
v -23.999981 49.499958 56.000019
v 25.000004 49.499977 90.000000
v -8.999997 49.499966 56.000008
v 24.999990 49.499977 69.999992
v 11.000003 49.499969 56.000008
v 25.000000 48.499977 66.000008
v -0.000003 48.499973 91.000000
v 19.000000 49.499969 56.000008
v 14.000005 49.499969 56.000008
v 24.999994 49.499977 66.999992
v 9.000004 49.499977 56.000008
v 25.000004 49.499977 72.000000
v -24.999994 49.499958 67.000008
v -0.999984 49.499969 91.000008
v 24.999998 49.499977 60.000004
v 21.000004 49.499977 56.000008
v -16.000006 49.499966 56.000019
v -25.000000 49.499958 65.000008
v -19.999977 48.499966 56.000019
v -24.999973 49.499958 56.000042
v -25.000000 49.499958 91.000008
v 24.999983 49.499977 55.999992
v 24.999996 49.499977 91.000023
v -24.999994 -48.499969 51.000000
v -19.999992 -48.499973 51.000000
v -20.999992 -49.499973 51.000000
v -14.999998 -48.499973 51.000000
v -15.999996 -49.499973 51.000000
v -9.999995 -48.499969 51.000000
v -11.000001 -49.499973 51.000000
v -4.999994 -48.499973 51.000000
v -6.000000 -49.499969 51.000000
v -0.000002 -48.499973 51.000000
v -0.999998 -49.499973 51.000000
v 5.000005 -48.499973 51.000000
v 3.999994 -49.499973 51.000000
v 10.000000 -48.499969 51.000000
v 9.000001 -49.499973 51.000000
v 15.000007 -48.499969 51.000000
v 13.999995 -49.499969 51.000000
v 20.000002 -48.499969 51.000000
v 19.000002 -49.499969 51.000000
v 24.999996 -48.499962 51.000000
v 23.999998 -49.499962 51.000000
v 20.999989 -49.499969 51.000000
v 21.999989 -48.499969 51.000000
v 15.999993 -49.499969 51.000000
v 16.999992 -48.499969 51.000000
v 10.999993 -49.499969 51.000000
v 11.999998 -48.499969 51.000000
v 5.999992 -49.499973 51.000000
v 6.999997 -48.499969 51.000000
v 0.999997 -49.499973 51.000000
v 1.999996 -48.499973 51.000000
v -4.000007 -49.499973 51.000000
v -2.999996 -48.499973 51.000000
v -9.000003 -49.499973 51.000000
v -8.000004 -48.499973 51.000000
v -14.000010 -49.499973 51.000000
v -13.000000 -48.499973 51.000000
v -19.000006 -49.499973 51.000000
v -18.000008 -48.499973 51.000000
v -24.000000 -49.499973 51.000000
v -23.000002 -48.499973 51.000000
v -25.000000 -48.499973 34.000000
v 0.000012 -48.499973 16.000017
v 24.999996 -48.499966 41.000004
v -25.000000 -48.499973 36.000000
v -9.999992 -48.499973 51.000011
v -24.999989 -48.499973 24.000021
v -24.999992 -49.499969 20.000013
v -24.999996 -48.499969 16.000006
v 0.999985 -49.499973 16.000017
v -24.999992 -49.499973 41.999992
v 24.999996 -49.499966 36.999996
v 10.999987 -49.499969 51.000011
v -20.000000 -48.499969 16.000006
v -25.000006 -48.499969 21.000013
v 25.000004 -48.499969 21.000000
v -15.000001 -48.499973 16.000006
v -24.999990 -48.499973 25.999996
v 25.000010 -48.499969 24.000010
v 17.000017 -48.499969 16.000017
v -10.000002 -48.499973 16.000006
v 24.999990 -48.499969 51.000000
v 15.000012 -48.499969 16.000017
v 25.000004 -48.499969 26.000008
v -24.999992 -48.499973 46.000011
v -19.999992 -48.499973 51.000011
v 5.999999 -49.499973 16.000017
v 25.000004 -49.499973 35.000011
v -24.999990 -49.499973 30.000015
v 25.000006 -48.499973 39.000008
v 2.000019 -48.499973 16.000017
v 10.999988 -49.499969 16.000017
v -24.000000 -49.499969 51.000011
v 25.000000 -49.499969 47.000000
v 20.999987 -49.499969 51.000011
v 24.999996 -49.499966 39.999996
v 25.000006 -49.499973 24.999996
v 24.999998 -48.499973 31.000004
v -5.000009 -48.499973 16.000017
v -24.999992 -48.499973 36.000000
v 11.000005 -49.499969 16.000017
v 25.000000 -49.499969 30.000015
v 13.999990 -49.499969 16.000017
v 25.000006 -49.499969 44.999989
v -25.000000 -49.499973 35.000000
v -6.000014 -49.499973 16.000017
v -19.999992 -48.499973 16.000006
v 15.000007 -48.499969 51.000011
v -4.000001 -49.499969 16.000017
v 25.000000 -49.499962 45.000015
v -24.999996 -49.499973 40.000008
v -24.999994 -49.499973 44.999989
v 3.999999 -49.499973 16.000017
v -24.000000 -49.499973 16.000006
v -25.000006 -49.499973 17.000017
v 20.999979 -49.499969 16.000017
v -14.000006 -49.499973 51.000011
v 4.999993 -48.499973 16.000017
v -25.000000 -48.499973 46.000000
v 24.999996 -48.499969 41.000004
v -24.999990 -48.499973 49.000011
v -24.999990 -48.499973 21.000013
v 5.000007 -48.499973 51.000011
v -24.999990 -48.499973 29.000006
v -13.999997 -49.499969 16.000017
v -24.999990 -49.499973 50.000011
v -24.999994 -48.499973 19.000002
v 24.999996 -49.499973 22.000000
v -4.000011 -49.499973 51.000011
v -24.999989 -48.499973 39.000008
v 25.000006 -48.499962 49.000011
v -8.000001 -48.499973 16.000006
v 14.999989 -48.499969 16.000017
v 24.999990 -48.499966 28.999992
v 12.000018 -48.499969 16.000017
v 24.999996 -48.499973 34.000000
v 6.999996 -48.499973 16.000006
v 5.000011 -48.499969 16.000017
v 24.999990 -48.499973 36.000000
v 25.000010 -48.499969 19.000015
v 22.000011 -48.499969 16.000017
v -24.999989 -48.499973 31.000015
v -4.999995 -48.499973 51.000011
v -23.999992 -49.499969 16.000017
v -4.000013 -49.499969 16.000017
v -24.999994 -49.499969 36.999996
v 24.999998 -49.499969 32.000004
v 5.999994 -49.499973 51.000011
v 20.000013 -48.499969 16.000017
v 24.999996 -48.499969 21.000000
v 10.000012 -48.499973 16.000017
v 24.999996 -48.499973 31.000004
v 25.000000 -49.499969 30.000004
v 24.999979 -48.499969 16.000017
v 18.999985 -49.499969 16.000017
v -24.999998 -49.499973 39.999996
v -1.000024 -49.499973 16.000017
v -4.999994 -48.499973 16.000017
v 25.000006 -48.499966 46.000011
v -25.000006 -49.499969 25.000010
v -16.000006 -49.499969 16.000006
v -24.999996 -48.499973 41.000004
v -14.999998 -48.499973 51.000011
v 24.999996 -49.499973 19.999990
v -24.999989 -49.499973 25.000021
v -19.000006 -49.499973 16.000006
v -25.000000 -49.499973 22.000000
v 5.999992 -49.499973 16.000017
v -25.000004 -49.499969 47.000000
v 24.999996 -49.499969 42.000004
v 15.999993 -49.499969 51.000011
v 21.000025 -49.499969 16.000029
v 25.000006 -49.499969 20.000013
v 24.999990 -48.499973 25.999996
v -10.000006 -48.499973 16.000017
v -25.000004 -48.499973 31.000015
v -14.999998 -48.499973 16.000006
v 20.000002 -48.499969 51.000011
v -24.999989 -48.499973 51.000011
v 1.000000 -49.499969 16.000017
v 25.000006 -49.499966 40.000019
v -24.999990 -48.499973 44.000015
v -24.999996 -49.499973 35.000000
v 15.999982 -49.499969 16.000017
v -18.999990 -49.499973 51.000000
v -13.000011 -48.499973 15.999993
v -0.000008 -48.499969 16.000017
v -25.000000 -48.499973 41.000004
v 25.000000 -48.499973 36.000000
v -18.000008 -48.499973 15.999993
v 25.000010 -48.499966 44.000015
v -2.999997 -48.499973 16.000017
v -23.000002 -48.499973 15.999993
v -24.999992 -48.499973 16.000006
v 10.000007 -48.499969 51.000011
v -9.000002 -49.499969 16.000017
v 25.000000 -49.499969 50.000011
v 24.999996 -49.499962 49.999996
v -24.999992 -49.499973 45.000015
v 24.999998 -49.499962 16.999992
v -9.000002 -49.499969 51.000011
v 24.999996 -49.499973 35.000000
v 9.999989 -48.499969 16.000017
v 25.000000 -48.499969 46.000000
v 23.999981 -49.499962 16.000017
v -25.000004 -49.499973 49.999996
v 8.999997 -49.499969 16.000006
v -24.999990 -49.499969 29.999992
v -11.000003 -49.499969 16.000006
v -25.000000 -48.499973 26.000008
v 0.000003 -48.499973 51.000000
v -19.000000 -49.499969 16.000006
v -14.000005 -49.499969 16.000006
v -24.999994 -49.499969 26.999994
v -9.000004 -49.499973 16.000006
v -25.000004 -49.499973 32.000004
v 24.999994 -49.499966 27.000008
v 0.999984 -49.499973 51.000011
v -24.999998 -49.499973 20.000002
v -21.000004 -49.499973 16.000006
v 16.000006 -49.499969 16.000017
v 25.000000 -49.499966 25.000010
v 19.999977 -48.499969 16.000017
v 24.999973 -49.499962 16.000042
v 25.000000 -49.499962 51.000011
v -24.999983 -49.499969 15.999993
v -24.999996 -49.499969 51.000023
v 24.999994 48.499973 51.000000
v 19.999992 48.499977 51.000000
v 20.999992 49.499977 51.000000
v 14.999998 48.499977 51.000000
v 15.999996 49.499977 51.000000
v 9.999995 48.499973 51.000000
v 11.000001 49.499977 51.000000
v 4.999994 48.499977 51.000000
v 6.000000 49.499969 51.000000
v 0.000002 48.499973 51.000000
v 0.999998 49.499977 51.000000
v -5.000005 48.499973 51.000000
v -3.999994 49.499969 51.000000
v -10.000000 48.499966 51.000000
v -9.000001 49.499969 51.000000
v -15.000007 48.499966 51.000000
v -13.999995 49.499966 51.000000
v -20.000002 48.499966 51.000000
v -19.000002 49.499966 51.000000
v -24.999996 48.499958 51.000000
v -23.999998 49.499958 51.000000
v -20.999989 49.499966 51.000000
v -21.999989 48.499966 51.000000
v -15.999993 49.499966 51.000000
v -16.999992 48.499966 51.000000
v -10.999993 49.499966 51.000000
v -11.999998 48.499966 51.000000
v -5.999992 49.499969 51.000000
v -6.999997 48.499966 51.000000
v -0.999997 49.499969 51.000000
v -1.999996 48.499973 51.000000
v 4.000007 49.499977 51.000000
v 2.999996 48.499977 51.000000
v 9.000003 49.499977 51.000000
v 8.000004 48.499977 51.000000
v 14.000010 49.499977 51.000000
v 13.000000 48.499977 51.000000
v 19.000006 49.499977 51.000000
v 18.000008 48.499977 51.000000
v 24.000000 49.499977 51.000000
v 23.000002 48.499977 51.000000
v 25.000000 48.499977 34.000000
v -0.000012 48.499973 16.000017
v -24.999996 48.499958 41.000004
v 25.000000 48.499977 36.000000
v 9.999992 48.499977 51.000011
v 24.999989 48.499977 24.000021
v 24.999992 49.499977 20.000013
v 24.999996 48.499973 16.000006
v -0.999985 49.499969 16.000017
v 24.999992 49.499977 41.999992
v -24.999996 49.499958 36.999996
v -10.999987 49.499966 51.000011
v 20.000000 48.499973 16.000006
v 25.000006 48.499973 21.000013
v -25.000004 48.499966 21.000000
v 15.000001 48.499973 16.000006
v 24.999990 48.499977 25.999996
v -25.000010 48.499966 24.000010
v -17.000017 48.499966 16.000017
v 10.000002 48.499977 16.000006
v -24.999990 48.499966 51.000000
v -15.000012 48.499966 16.000017
v -25.000004 48.499966 26.000008
v 24.999992 48.499977 46.000011
v 19.999992 48.499977 51.000011
v -5.999999 49.499969 16.000017
v -25.000004 49.499969 35.000011
v 24.999990 49.499977 30.000015
v -25.000006 48.499966 39.000008
v -2.000019 48.499973 16.000017
v -10.999988 49.499966 16.000017
v 24.000000 49.499969 51.000011
v -25.000000 49.499966 47.000000
v -20.999987 49.499966 51.000011
v -24.999996 49.499958 39.999996
v -25.000006 49.499969 24.999996
v -24.999998 48.499973 31.000004
v 5.000010 48.499973 16.000017
v 24.999992 48.499977 36.000000
v -11.000005 49.499966 16.000017
v -25.000000 49.499966 30.000015
v -13.999990 49.499966 16.000017
v -25.000006 49.499966 44.999989
v 25.000000 49.499977 35.000000
v 6.000014 49.499977 16.000017
v 19.999992 48.499977 16.000006
v -15.000007 48.499966 51.000011
v 4.000001 49.499969 16.000017
v -25.000000 49.499958 45.000015
v 24.999996 49.499977 40.000008
v 24.999994 49.499977 44.999989
v -3.999999 49.499969 16.000017
v 24.000000 49.499977 16.000006
v 25.000006 49.499977 17.000017
v -20.999979 49.499966 16.000017
v 14.000006 49.499977 51.000011
v -4.999993 48.499973 16.000017
v 25.000000 48.499977 46.000000
v -24.999996 48.499966 41.000004
v 24.999990 48.499977 49.000011
v 24.999990 48.499977 21.000013
v -5.000007 48.499973 51.000011
v 24.999990 48.499977 29.000006
v 13.999997 49.499969 16.000017
v 24.999990 49.499977 50.000011
v 24.999994 48.499977 19.000002
v -24.999996 49.499969 22.000000
v 4.000011 49.499977 51.000011
v 24.999989 48.499977 39.000008
v -25.000006 48.499958 49.000011
v 8.000001 48.499977 16.000006
v -14.999989 48.499966 16.000017
v -24.999990 48.499958 28.999992
v -12.000018 48.499966 16.000017
v -24.999996 48.499973 34.000000
v -6.999996 48.499973 16.000006
v -5.000011 48.499966 16.000017
v -24.999990 48.499966 36.000000
v -25.000010 48.499966 19.000015
v -22.000011 48.499966 16.000017
v 24.999989 48.499977 31.000015
v 4.999995 48.499977 51.000011
v 23.999992 49.499969 16.000017
v 4.000013 49.499969 16.000017
v 24.999994 49.499977 36.999996
v -24.999998 49.499966 32.000004
v -5.999994 49.499969 51.000011
v -20.000013 48.499966 16.000017
v -24.999996 48.499966 21.000000
v -10.000012 48.499973 16.000017
v -24.999996 48.499973 31.000004
v -25.000000 49.499966 30.000004
v -24.999979 48.499966 16.000017
v -18.999985 49.499966 16.000017
v 24.999998 49.499977 39.999996
v 1.000024 49.499977 16.000017
v 4.999994 48.499977 16.000017
v -25.000006 48.499958 46.000011
v 25.000006 49.499977 25.000010
v 16.000006 49.499969 16.000006
v 24.999996 48.499977 41.000004
v 14.999998 48.499977 51.000011
v -24.999996 49.499969 19.999990
v 24.999989 49.499977 25.000021
v 19.000006 49.499977 16.000006
v 25.000000 49.499977 22.000000
v -5.999992 49.499969 16.000017
v 25.000004 49.499977 47.000000
v -24.999996 49.499966 42.000004
v -15.999993 49.499966 51.000011
v -21.000025 49.499966 16.000029
v -25.000006 49.499966 20.000013
v -24.999990 48.499973 25.999996
v 10.000006 48.499973 16.000017
v 25.000004 48.499977 31.000015
v 14.999998 48.499977 16.000006
v -20.000002 48.499966 51.000011
v 24.999989 48.499977 51.000011
v -1.000000 49.499966 16.000017
v -25.000006 49.499958 40.000019
v 24.999990 48.499977 44.000015
v 24.999996 49.499977 35.000000
v -15.999982 49.499966 16.000017
v 18.999990 49.499977 51.000000
v 13.000011 48.499977 15.999993
v 0.000009 48.499966 16.000017
v 25.000000 48.499977 41.000004
v -25.000000 48.499966 36.000000
v 18.000008 48.499977 15.999993
v -25.000010 48.499958 44.000015
v 2.999997 48.499977 16.000017
v 23.000002 48.499977 15.999993
v 24.999992 48.499977 16.000006
v -10.000007 48.499966 51.000011
v 9.000002 49.499969 16.000017
v -25.000000 49.499966 50.000011
v -24.999996 49.499958 49.999996
v 24.999992 49.499977 45.000015
v -24.999998 49.499958 16.999992
v 9.000002 49.499969 51.000011
v -24.999996 49.499969 35.000000
v -9.999989 48.499966 16.000017
v -25.000000 48.499966 46.000000
v -23.999981 49.499958 16.000017
v 25.000004 49.499977 49.999996
v -8.999997 49.499966 16.000006
v 24.999990 49.499977 29.999992
v 11.000003 49.499969 16.000006
v 25.000000 48.499977 26.000008
v -0.000003 48.499973 51.000000
v 19.000000 49.499969 16.000006
v 14.000005 49.499969 16.000006
v 24.999994 49.499977 26.999994
v 9.000004 49.499977 16.000006
v 25.000004 49.499977 32.000004
v -24.999994 49.499958 27.000008
v -0.999984 49.499969 51.000011
v 24.999998 49.499977 20.000002
v 21.000004 49.499977 16.000006
v -16.000006 49.499966 16.000017
v -25.000000 49.499958 25.000010
v -19.999977 48.499966 16.000017
v -24.999973 49.499958 16.000042
v -25.000000 49.499958 51.000011
v 24.999983 49.499977 15.999993
v 24.999996 49.499977 51.000023
v 25.000011 -43.099987 57.900002
v 25.000011 43.099995 57.900002
v 27.000004 -43.099987 57.900002
v 27.000004 43.099995 57.900002
v 25.000011 43.100006 89.100006
v 27.000004 43.100006 89.100006
v 25.000011 -43.099995 89.100006
v 27.000004 -43.099995 89.100006
v -25.000011 43.099983 57.900002
v -25.000000 -43.099995 57.900002
v -27.000004 43.099983 57.900002
v -26.999992 -43.099995 57.900002
v -25.000011 43.099964 89.100014
v -27.000004 43.099964 89.100014
v -25.000000 -43.100006 89.100006
v -26.999992 -43.100006 89.100006
v -26.000013 -44.999989 55.999989
v -26.000013 -42.999989 58.000000
v -26.000013 44.999992 55.999989
v -26.000013 42.999996 58.000000
v -27.700006 -44.999989 55.999989
v -27.700006 -42.999989 58.000000
v -27.700006 44.999992 55.999989
v -27.700006 42.999996 58.000000
v -26.000013 45.000004 91.000023
v -27.700006 45.000004 91.000023
v -26.000013 43.000008 89.000008
v -27.700006 43.000008 89.000008
v -26.000013 -45.000019 91.000008
v -26.000013 -42.999996 89.000008
v -26.000013 -42.999989 58.000000
v -27.700006 -45.000019 91.000008
v -27.700006 -42.999996 89.000008
v -26.000013 -44.999989 55.999989
v -26.499975 -42.999996 54.999996
v -26.499975 -37.999992 54.999996
v -26.499975 -32.999992 54.999996
v -26.499975 -27.999996 54.999996
v -26.499975 -22.999990 54.999996
v -26.499975 -17.999994 54.999996
v -26.499975 -12.999993 54.999996
v -25.499975 -44.999992 91.000000
v -26.499975 -44.999992 91.999992
v -26.499975 -45.999996 91.000000
v -26.499975 -7.999992 54.999996
v -25.499975 -39.999996 91.000000
v -26.499975 -39.999996 91.999992
v -26.499975 -40.999996 91.000000
v -26.499975 -2.999991 54.999996
v -25.499975 -34.999992 91.000000
v -26.499975 -34.999992 91.999992
v -26.499975 -35.999996 91.000000
v -26.499975 2.000010 54.999996
v -25.499975 -29.999996 91.000000
v -26.499975 -29.999996 91.999992
v -26.499975 -30.999994 91.000000
v -26.499975 7.000017 54.999996
v -25.499975 -24.999994 91.000000
v -26.499975 -24.999994 91.999992
v -26.499975 -26.000000 91.000000
v -26.499975 12.000012 54.999996
v -25.499975 -19.999992 91.000000
v -26.499975 -19.999992 91.999992
v -26.499975 -20.999992 91.000000
v -26.499975 17.000008 54.999996
v -25.499975 -14.999998 91.000000
v -26.499975 -14.999998 91.999992
v -26.499975 -15.999996 91.000000
v -26.499975 22.000004 54.999996
v -25.499975 -9.999996 91.000000
v -26.499975 -9.999996 91.999992
v -26.499975 -11.000002 91.000000
v -26.499975 26.999998 54.999996
v -25.499975 -4.999995 91.000000
v -26.499975 -4.999995 91.999992
v -26.499975 -6.000000 91.000000
v -26.499975 32.000004 54.999996
v -25.499975 0.000000 91.000000
v -26.499975 0.000000 91.999992
v -26.499975 -0.999999 91.000000
v -26.499975 37.000011 54.999996
v -25.499975 5.000007 91.000000
v -26.499975 5.000007 91.999992
v -26.499975 3.999996 91.000000
v -26.499975 42.000008 54.999996
v -25.499975 10.000002 91.000000
v -26.499975 10.000002 91.999992
v -26.499975 9.000004 91.000000
v -25.499975 15.000010 91.000000
v -26.499975 15.000010 91.999992
v -26.499975 13.999998 91.000000
v -25.499975 20.000004 91.000000
v -26.499975 20.000004 91.999992
v -26.499975 19.000006 91.000000
v -25.499975 25.000000 91.000000
v -26.499975 25.000000 91.999992
v -26.499975 24.000000 91.000000
v -25.499975 30.000008 91.000000
v -26.499975 30.000008 91.999992
v -26.499975 29.000008 91.000000
v -25.499975 35.000015 91.000000
v -26.499975 35.000015 91.999992
v -26.499975 34.000004 91.000000
v -25.499975 40.000008 91.000000
v -26.499975 40.000008 91.999992
v -26.499975 39.000011 91.000000
v -25.499975 45.000004 91.000000
v -26.499975 45.000004 91.999992
v -26.499975 44.000008 91.000000
v -25.499975 38.999992 54.999996
v -25.499975 33.999992 54.999996
v -25.499975 28.999996 54.999996
v -25.499975 23.999989 54.999996
v -25.499975 18.999994 54.999996
v -25.499975 13.999992 54.999996
v -26.499975 45.999992 91.000000
v -25.499975 45.999992 91.999992
v -25.499975 8.999991 54.999996
v -26.499975 40.999996 91.000000
v -25.499975 40.999996 91.999992
v -25.499975 41.999996 91.000000
v -25.499975 3.999990 54.999996
v -26.499975 35.999989 91.000000
v -25.499975 35.999989 91.999992
v -25.499975 36.999996 91.000000
v -25.499975 -1.000011 54.999996
v -26.499975 30.999994 91.000000
v -25.499975 30.999994 91.999992
v -25.499975 31.999992 91.000000
v -25.499975 -6.000018 54.999996
v -26.499975 25.999992 91.000000
v -25.499975 25.999992 91.999992
v -25.499975 26.999998 91.000000
v -25.499975 -11.000013 54.999996
v -26.499975 20.999992 91.000000
v -25.499975 20.999992 91.999992
v -25.499975 21.999990 91.000000
v -25.499975 -16.000008 54.999996
v -26.499975 15.999996 91.000000
v -25.499975 15.999996 91.999992
v -25.499975 16.999996 91.000000
v -25.499975 -21.000004 54.999996
v -26.499975 10.999995 91.000000
v -25.499975 10.999995 91.999992
v -25.499975 12.000000 91.000000
v -25.499975 -26.000000 54.999996
v -26.499975 5.999994 91.000000
v -25.499975 5.999994 91.999992
v -25.499975 6.999999 91.000000
v -25.499975 -31.000006 54.999996
v -26.499975 0.999999 91.000000
v -25.499975 0.999999 91.999992
v -25.499975 1.999998 91.000000
v -25.499975 -36.000015 54.999996
v -26.499975 -4.000008 91.000000
v -25.499975 -4.000008 91.999992
v -25.499975 -2.999997 91.000000
v -25.499975 -41.000008 54.999996
v -26.499975 -9.000004 91.000000
v -25.499975 -9.000004 91.999992
v -25.499975 -8.000004 91.000000
v -25.499975 -46.000004 54.999996
v -26.499975 -14.000010 91.000000
v -25.499975 -14.000010 91.999992
v -25.499975 -13.000000 91.000000
v -26.499975 -19.000006 91.000000
v -25.499975 -19.000006 91.999992
v -25.499975 -18.000008 91.000000
v -26.499975 -24.000000 91.000000
v -25.499975 -24.000000 91.999992
v -25.499975 -23.000002 91.000000
v -26.499975 -29.000008 91.000000
v -25.499975 -29.000008 91.999992
v -25.499975 -28.000010 91.000000
v -26.499975 -34.000015 91.000000
v -25.499975 -34.000015 91.999992
v -25.499975 -33.000004 91.000000
v -26.499975 -39.000011 91.000000
v -25.499975 -39.000011 91.999992
v -25.499975 -38.000011 91.000000
v -26.499975 -44.000008 91.000000
v -25.499975 -44.000008 91.999992
v -25.499975 -43.000008 91.000000
v -25.499975 45.999992 74.999985
v -25.499975 25.999987 54.999996
v -25.499975 -45.999992 70.000008
v -25.499975 0.999999 54.999996
v -25.499975 -38.999981 54.999985
v -25.499975 -45.999992 61.999996
v -25.499975 -24.000013 54.999985
v -25.499975 -13.999990 54.999996
v -25.499975 -46.000004 87.000008
v -25.499975 -45.999992 58.000004
v -25.499975 11.000013 54.999996
v -25.499975 -46.000004 83.000008
v -25.499975 36.000000 55.000000
v -25.499975 46.000004 70.000008
v -26.499975 24.999994 55.000000
v -26.499975 45.999985 75.999985
v -26.499975 -0.000018 54.999989
v -26.499975 -25.000006 54.999989
v -26.499975 -45.999989 59.000008
v -26.499975 -46.000011 84.000000
v -26.499975 -45.999992 67.999992
v -26.499975 -45.999985 55.999989
v -26.499975 -44.999981 54.999985
v -26.499975 -46.000004 81.000008
v -26.499975 -19.999992 54.999996
v -26.499975 45.999992 76.000008
v -26.499975 5.000019 54.999996
v -26.499975 29.999983 55.000008
v -26.499975 46.000004 64.000008
v -25.499975 45.999985 81.999985
v -26.499975 45.999981 89.000023
v -25.499975 45.999992 69.999992
v -25.499975 31.000000 55.000000
v -25.499975 -45.999989 65.000023
v -25.499975 5.999982 54.999996
v -25.499975 -46.000015 89.999985
v -25.499975 -19.000017 54.999985
v -25.499975 -18.999989 54.999989
v -25.499975 -46.000008 82.000008
v -25.499975 -43.999981 54.999985
v -25.499975 -45.999985 56.999989
v -25.499975 6.000018 54.999989
v -25.499975 -46.000004 78.000000
v -25.499975 31.000011 54.999989
v -25.499975 45.999996 65.000015
v -25.499975 45.999981 90.000023
v -25.499975 -44.000019 54.999985
v -26.499975 29.999989 54.999989
v -26.499975 45.999992 70.999992
v -26.499975 4.999983 54.999989
v -26.499975 -20.000011 54.999989
v -26.499975 -45.000023 54.999977
v -26.499975 -46.000000 79.000008
v -26.499975 -45.999992 62.999992
v -26.499975 -46.000008 88.000015
v -26.499975 -46.000004 76.000008
v -26.499975 -24.999983 54.999989
v -26.499975 46.000004 71.000000
v -26.499975 0.000000 54.999996
v -26.499975 25.000000 54.999996
v -26.499975 46.000004 58.999992
v -25.499975 45.999981 76.999977
v -26.499975 45.999992 84.000015
v -25.499975 45.999992 65.000000
v -25.499975 36.000000 55.000008
v -25.499975 -45.999989 60.000008
v -25.499975 45.999981 89.999977
v -25.499975 10.999995 54.999996
v -25.499975 -46.000011 85.000000
v -25.499975 -14.000023 54.999985
v -25.499975 -23.999983 54.999989
v -25.499975 -46.000004 77.000008
v -25.499975 -39.000019 54.999985
v -25.499975 1.000017 54.999989
v -25.499975 -46.000004 73.000000
v -25.499975 25.999992 55.000008
v -25.499975 46.000011 59.999992
v -25.499975 45.999992 85.000015
v -26.499975 34.999996 55.000000
v -26.499975 45.999996 66.000000
v -26.499975 9.999985 54.999989
v -26.499975 -15.000015 54.999989
v -26.499975 -40.000023 54.999985
v -26.499975 -45.999996 74.000008
v -26.499975 -45.999985 57.999985
v -26.499975 -46.000011 83.000008
v -26.499975 -45.999996 71.000000
v -26.499975 -29.999989 54.999989
v -26.499975 45.999996 66.000015
v -26.499975 -4.999995 55.000000
v -26.499975 45.999981 91.000023
v -26.499975 20.000004 54.999996
v -26.499975 44.999992 55.000008
v -25.499975 45.999992 71.999992
v -26.499975 46.000004 79.000000
v -25.499975 46.000004 60.000004
v -25.499975 40.999996 54.999996
v -25.499975 45.999985 84.999985
v -25.499975 15.999996 54.999996
v -25.499975 -46.000000 80.000008
v -25.499975 -9.000015 54.999996
v -25.499975 -28.999990 54.999989
v -25.499975 -45.999992 71.999992
v -25.499975 -34.000023 54.999989
v -25.499975 -3.999987 54.999989
v -25.499975 -45.999996 68.000008
v -25.499975 20.999992 55.000008
v -25.499975 45.999992 55.000008
v -25.499975 45.999996 80.000008
v -26.499975 39.999996 55.000000
v -26.499975 46.000004 61.000008
v -26.499975 14.999986 54.999989
v -26.499975 45.999981 85.999977
v -26.499975 -10.000020 54.999989
v -26.499975 -35.000027 54.999985
v -26.499975 -45.999996 69.000015
v -26.499975 -46.000011 78.000008
v -26.499975 -45.999996 66.000000
v -26.499975 -34.999977 54.999985
v -26.499975 46.000011 60.999989
v -26.499975 -9.999993 54.999996
v -26.499975 45.999992 86.000015
v -26.499975 15.000010 54.999996
v -26.499975 39.999992 55.000011
v -25.499975 45.999996 66.999992
v -26.499975 45.999992 74.000015
v -25.499975 45.999996 80.000000
v -25.499975 20.999992 54.999996
v -25.499975 -46.000004 75.000000
v -25.499975 -4.000020 54.999996
v -25.499975 -33.999985 54.999989
v -25.499975 -45.999992 66.999992
v -25.499975 -29.000008 54.999985
v -25.499975 -8.999989 54.999989
v -25.499975 -45.999992 63.000023
v -25.499975 16.000015 54.999989
v -25.499975 -46.000015 87.999985
v -25.499975 40.999996 55.000008
v -25.499975 45.999992 75.000015
v -26.499975 19.999998 55.000000
v -26.499975 45.999985 80.999985
v -26.499975 -5.000025 54.999989
v -26.499975 -30.000019 54.999985
v -26.499975 -45.999989 64.000023
v -26.499975 -46.000019 88.999985
v -26.499975 -45.999996 72.999992
v -26.499975 -45.999992 60.999989
v -26.499975 -39.999985 54.999985
v -26.499975 46.000004 55.999992
v -26.499975 -46.000008 86.000008
v -26.499975 -14.999991 54.999996
v -26.499975 45.999996 81.000008
v -26.499975 10.000014 54.999996
v -26.499975 35.000004 55.000008
v -25.499975 46.000004 62.000000
v -26.499975 45.999992 69.000015
v -25.499975 45.999985 86.999985
v -26.499975 46.000069 54.999935
v -26.000013 44.999992 55.999989
v -26.000013 42.999996 58.000000
v -27.700006 -44.999989 55.999989
v -27.700006 -42.999989 58.000000
v -27.700006 44.999992 55.999989
v -27.700006 42.999996 58.000000
v -26.000013 45.000004 91.000023
v -27.700006 45.000004 91.000023
v -26.000013 43.000008 89.000008
v -27.700006 43.000008 89.000008
v -26.000013 -45.000019 91.000008
v -26.000013 -42.999996 89.000008
v -27.700006 -45.000019 91.000008
v -27.700006 -42.999996 89.000008
v -26.000013 -44.999989 15.999988
v -26.000013 -42.999989 17.999998
v -26.000013 44.999992 15.999988
v -26.000013 42.999996 17.999998
v -27.700006 -44.999989 15.999988
v -27.700006 -42.999989 17.999998
v -27.700006 44.999992 15.999988
v -27.700006 42.999996 17.999998
v -26.000013 45.000004 51.000023
v -27.700006 45.000004 51.000023
v -26.000013 43.000008 49.000011
v -27.700006 43.000008 49.000011
v -26.000013 -45.000019 51.000011
v -26.000013 -42.999996 49.000011
v -27.700006 -45.000019 51.000011
v -27.700006 -42.999996 49.000011
v -26.499975 -37.999992 14.999994
v -26.499975 -32.999992 14.999994
v -26.499975 -27.999996 14.999994
v -26.499975 -22.999990 14.999994
v -26.499975 -17.999994 14.999994
v -26.499975 -12.999993 14.999994
v -25.499975 -44.999992 51.000000
v -26.499975 -44.999992 52.000000
v -26.499975 -45.999996 51.000000
v -26.499975 -7.999992 14.999994
v -25.499975 -39.999996 51.000000
v -26.499975 -39.999996 52.000000
v -26.499975 -40.999996 51.000000
v -26.499975 -2.999991 14.999994
v -25.499975 -34.999992 51.000000
v -26.499975 -34.999992 52.000000
v -26.499975 -35.999996 51.000000
v -26.499975 2.000010 14.999994
v -25.499975 -29.999996 51.000000
v -26.499975 -29.999996 52.000000
v -26.499975 -30.999994 51.000000
v -26.499975 7.000017 14.999994
v -25.499975 -24.999994 51.000000
v -26.499975 -24.999994 52.000000
v -26.499975 -26.000000 51.000000
v -26.499975 12.000012 14.999994
v -25.499975 -19.999992 51.000000
v -26.499975 -19.999992 52.000000
v -26.499975 -20.999992 51.000000
v -26.499975 17.000008 14.999994
v -25.499975 -14.999998 51.000000
v -26.499975 -14.999998 52.000000
v -26.499975 -15.999996 51.000000
v -26.499975 22.000004 14.999994
v -25.499975 -9.999996 51.000000
v -26.499975 -9.999996 52.000000
v -26.499975 -11.000002 51.000000
v -26.499975 26.999998 14.999994
v -25.499975 -4.999995 51.000000
v -26.499975 -4.999995 52.000000
v -26.499975 -6.000000 51.000000
v -26.499975 32.000004 14.999994
v -25.499975 0.000000 51.000000
v -26.499975 0.000000 52.000000
v -26.499975 -0.999999 51.000000
v -26.499975 37.000011 14.999994
v -25.499975 5.000007 51.000000
v -26.499975 5.000007 52.000000
v -26.499975 3.999996 51.000000
v -26.499975 42.000008 14.999994
v -25.499975 10.000002 51.000000
v -26.499975 10.000002 52.000000
v -26.499975 9.000004 51.000000
v -25.499975 15.000010 51.000000
v -26.499975 15.000010 52.000000
v -26.499975 13.999998 51.000000
v -25.499975 20.000004 51.000000
v -26.499975 20.000004 52.000000
v -26.499975 19.000006 51.000000
v -25.499975 25.000000 51.000000
v -26.499975 25.000000 52.000000
v -26.499975 24.000000 51.000000
v -25.499975 30.000008 51.000000
v -26.499975 30.000008 52.000000
v -26.499975 29.000008 51.000000
v -25.499975 35.000015 51.000000
v -26.499975 35.000015 52.000000
v -26.499975 34.000004 51.000000
v -25.499975 40.000008 51.000000
v -26.499975 40.000008 52.000000
v -26.499975 39.000011 51.000000
v -25.499975 38.999992 14.999994
v -25.499975 33.999992 14.999994
v -25.499975 28.999996 14.999994
v -25.499975 23.999989 14.999994
v -25.499975 18.999994 14.999994
v -25.499975 13.999992 14.999994
v -26.499975 45.999992 51.000000
v -25.499975 45.999992 52.000000
v -25.499975 8.999991 14.999994
v -26.499975 40.999996 51.000000
v -25.499975 40.999996 52.000000
v -25.499975 41.999996 51.000000
v -25.499975 3.999990 14.999994
v -26.499975 35.999989 51.000000
v -25.499975 35.999989 52.000000
v -25.499975 36.999996 51.000000
v -25.499975 -1.000011 14.999994
v -26.499975 30.999994 51.000000
v -25.499975 30.999994 52.000000
v -25.499975 31.999992 51.000000
v -25.499975 -6.000018 14.999994
v -26.499975 25.999992 51.000000
v -25.499975 25.999992 52.000000
v -25.499975 26.999998 51.000000
v -25.499975 -11.000013 14.999994
v -26.499975 20.999992 51.000000
v -25.499975 20.999992 52.000000
v -25.499975 21.999990 51.000000
v -25.499975 -16.000008 14.999994
v -26.499975 15.999996 51.000000
v -25.499975 15.999996 52.000000
v -25.499975 16.999996 51.000000
v -25.499975 -21.000004 14.999994
v -26.499975 10.999995 51.000000
v -25.499975 10.999995 52.000000
v -25.499975 12.000000 51.000000
v -25.499975 -26.000000 14.999994
v -26.499975 5.999994 51.000000
v -25.499975 5.999994 52.000000
v -25.499975 6.999999 51.000000
v -25.499975 -31.000006 14.999994
v -26.499975 0.999999 51.000000
v -25.499975 0.999999 52.000000
v -25.499975 1.999998 51.000000
v -25.499975 -36.000015 14.999994
v -26.499975 -4.000008 51.000000
v -25.499975 -4.000008 52.000000
v -25.499975 -2.999997 51.000000
v -25.499975 -41.000008 14.999994
v -26.499975 -9.000004 51.000000
v -25.499975 -9.000004 52.000000
v -25.499975 -8.000004 51.000000
v -25.499975 -46.000004 14.999994
v -26.499975 -14.000010 51.000000
v -25.499975 -14.000010 52.000000
v -25.499975 -13.000000 51.000000
v -26.499975 -19.000006 51.000000
v -25.499975 -19.000006 52.000000
v -25.499975 -18.000008 51.000000
v -26.499975 -24.000000 51.000000
v -25.499975 -24.000000 52.000000
v -25.499975 -23.000002 51.000000
v -26.499975 -29.000008 51.000000
v -25.499975 -29.000008 52.000000
v -25.499975 -28.000010 51.000000
v -26.499975 -34.000015 51.000000
v -25.499975 -34.000015 52.000000
v -25.499975 -33.000004 51.000000
v -26.499975 -39.000011 51.000000
v -25.499975 -39.000011 52.000000
v -25.499975 -38.000011 51.000000
v -25.499975 45.999992 34.999989
v -25.499975 25.999987 14.999994
v -25.499975 -45.999992 30.000010
v -25.499975 0.999999 14.999994
v -25.499975 -38.999981 14.999983
v -25.499975 -45.999992 21.999994
v -25.499975 -24.000013 14.999983
v -25.499975 -13.999990 14.999994
v -25.499975 -46.000004 47.000008
v -25.499975 -45.999992 18.000004
v -25.499975 11.000013 14.999994
v -25.499975 -46.000004 43.000004
v -25.499975 36.000000 15.000001
v -25.499975 46.000004 30.000004
v -26.499975 24.999994 15.000001
v -26.499975 45.999985 35.999985
v -26.499975 -0.000018 14.999989
v -26.499975 -25.000006 14.999989
v -26.499975 -45.999989 19.000010
v -26.499975 -46.000011 43.999996
v -26.499975 -45.999992 27.999994
v -26.499975 -46.000004 41.000004
v -26.499975 -19.999992 14.999994
v -26.499975 45.999992 36.000011
v -26.499975 5.000019 14.999994
v -26.499975 29.999983 15.000007
v -26.499975 46.000004 24.000010
v -25.499975 45.999985 41.999989
v -25.499975 45.999992 29.999992
v -25.499975 31.000000 15.000001
v -25.499975 -45.999989 25.000021
v -25.499975 5.999982 14.999994
v -25.499975 -19.000017 14.999983
v -25.499975 -18.999989 14.999989
v -25.499975 -46.000008 42.000004
v -25.499975 6.000018 14.999989
v -25.499975 -46.000004 37.999996
v -25.499975 31.000011 14.999989
v -25.499975 45.999996 25.000015
v -25.499975 -44.000019 14.999983
v -26.499975 29.999989 14.999989
v -26.499975 45.999992 30.999990
v -26.499975 4.999983 14.999989
v -26.499975 -20.000011 14.999989
v -26.499975 -45.000023 14.999977
v -26.499975 -46.000000 39.000008
v -26.499975 -45.999992 22.999992
v -26.499975 -46.000008 48.000011
v -26.499975 -46.000004 36.000011
v -26.499975 -24.999983 14.999989
v -26.499975 46.000004 31.000004
v -26.499975 0.000000 14.999994
v -26.499975 25.000000 14.999994
v -26.499975 46.000004 18.999990
v -25.499975 45.999981 36.999981
v -26.499975 45.999992 44.000015
v -25.499975 45.999992 24.999996
v -25.499975 36.000000 15.000007
v -25.499975 -45.999989 20.000008
v -25.499975 45.999981 49.999973
v -25.499975 10.999995 14.999994
v -25.499975 -46.000011 44.999996
v -25.499975 -14.000023 14.999983
v -25.499975 -23.999983 14.999989
v -25.499975 -46.000004 37.000004
v -25.499975 -39.000019 14.999983
v -25.499975 1.000017 14.999989
v -25.499975 -46.000004 33.000000
v -25.499975 25.999992 15.000007
v -25.499975 46.000011 19.999990
v -25.499975 45.999992 45.000015
v -26.499975 34.999996 15.000001
v -26.499975 45.999996 26.000002
v -26.499975 9.999985 14.999989
v -26.499975 -15.000015 14.999989
v -26.499975 -40.000023 14.999983
v -26.499975 -45.999996 34.000008
v -26.499975 -46.000011 43.000011
v -26.499975 -45.999996 30.999998
v -26.499975 -29.999989 14.999989
v -26.499975 45.999996 26.000013
v -26.499975 -4.999995 15.000001
v -26.499975 20.000004 14.999994
v -26.499975 44.999992 15.000007
v -25.499975 45.999992 31.999990
v -26.499975 46.000004 38.999996
v -25.499975 46.000004 20.000002
v -25.499975 40.999996 14.999994
v -25.499975 45.999985 44.999985
v -25.499975 15.999996 14.999994
v -25.499975 -46.000000 40.000008
v -25.499975 -9.000015 14.999994
v -25.499975 -28.999990 14.999989
v -25.499975 -45.999992 31.999990
v -25.499975 -34.000023 14.999989
v -25.499975 -3.999987 14.999989
v -25.499975 -45.999996 28.000006
v -25.499975 20.999992 15.000007
v -25.499975 45.999992 15.000007
v -25.499975 45.999996 40.000008
v -26.499975 39.999996 15.000001
v -26.499975 46.000004 21.000008
v -26.499975 14.999986 14.999989
v -26.499975 45.999981 45.999977
v -26.499975 -10.000020 14.999989
v -26.499975 -35.000027 14.999983
v -26.499975 -45.999996 29.000011
v -26.499975 -46.000011 38.000008
v -26.499975 -45.999996 25.999996
v -26.499975 -34.999977 14.999983
v -26.499975 46.000011 20.999989
v -26.499975 -9.999993 14.999994
v -26.499975 45.999992 46.000011
v -26.499975 15.000010 14.999994
v -26.499975 39.999992 15.000012
v -25.499975 45.999996 26.999994
v -26.499975 45.999992 34.000011
v -25.499975 45.999996 40.000000
v -25.499975 20.999992 14.999994
v -25.499975 -46.000004 35.000000
v -25.499975 -4.000020 14.999994
v -25.499975 -33.999985 14.999989
v -25.499975 -45.999992 26.999994
v -25.499975 -29.000008 14.999983
v -25.499975 -8.999989 14.999989
v -25.499975 -45.999992 23.000023
v -25.499975 16.000015 14.999989
v -25.499975 40.999996 15.000007
v -25.499975 45.999992 35.000011
v -26.499975 19.999998 15.000001
v -26.499975 45.999985 40.999989
v -26.499975 -5.000025 14.999989
v -26.499975 -30.000019 14.999983
v -26.499975 -45.999989 24.000021
v -26.499975 -45.999996 32.999989
v -26.499975 -45.999992 20.999989
v -26.499975 -39.999985 14.999983
v -26.499975 46.000004 15.999993
v -26.499975 -46.000008 46.000008
v -26.499975 -14.999991 14.999994
v -26.499975 45.999996 41.000004
v -26.499975 10.000014 14.999994
v -26.499975 35.000004 15.000007
v -25.499975 46.000004 22.000000
v -26.499975 45.999992 29.000011
v -25.499975 45.999985 46.999981
v -26.499975 46.000069 14.999935
v -27.800005 36.999996 17.999998
v -27.800005 42.999996 26.000000
v -24.700006 36.999996 17.999998
v -24.700006 42.999996 26.000000
v -27.800005 -43.000000 26.000000
v -27.800005 -37.000000 17.999998
v -24.700006 -43.000000 26.000000
v -24.700006 -37.000000 17.999998
v -26.000013 -44.999989 15.999988
v -26.000013 -42.999989 17.999998
v -26.000013 44.999992 15.999988
v -26.000013 42.999996 17.999998
v -27.700006 -44.999989 15.999988
v -27.700006 -42.999989 17.999998
v -27.700006 44.999992 15.999988
v -27.700006 42.999996 17.999998
v -26.000013 45.000004 51.000023
v -27.700006 45.000004 51.000023
v -26.000013 43.000008 49.000011
v -27.700006 43.000008 49.000011
v -26.000013 -45.000019 51.000011
v -26.000013 -42.999996 49.000011
v -27.700006 -45.000019 51.000011
v -27.700006 -42.999996 49.000011
v -24.700006 42.999996 26.000000
v -24.700006 36.999996 17.999998
v -24.700006 44.999992 15.999998
v -27.800005 44.999992 15.999998
v -27.800005 36.999996 17.999998
v -27.800005 42.999996 26.000000
v -24.700006 -37.000000 17.999998
v -24.700006 -43.000000 26.000000
v -24.700006 -45.000000 15.999998
v -27.800005 -45.000000 15.999998
v -27.800005 -43.000000 26.000000
v -27.800005 -37.000000 17.999998
v -28.494974 -46.905033 95.357330
v -28.494974 -46.905033 95.357330
v -28.494974 -47.894974 95.357323
v -28.494974 -47.894974 95.357323
v -28.494974 -48.389954 94.500008
v -28.494974 -48.389954 94.500008
v -28.494974 -47.894974 93.642685
v -28.494974 -47.894974 93.642685
v -28.000000 -48.800003 94.500008
v -28.494974 -46.905033 93.642685
v -28.494974 -46.905033 93.642685
v -28.000000 -48.100002 93.287567
v -28.494974 -46.410053 94.500008
v -28.494974 -46.410053 94.500008
v -28.000000 -46.700008 93.287567
v 28.494974 -46.905033 95.357330
v 28.494974 -46.905033 95.357330
v 28.494974 -47.894974 95.357323
v 28.494974 -47.894974 95.357323
v 28.494974 -48.389954 94.500008
v 28.494974 -48.389954 94.500008
v 28.494974 -47.894974 93.642685
v 28.494974 -47.894974 93.642685
v 28.000000 -48.800003 94.500008
v 28.494974 -46.905033 93.642685
v 28.494974 -46.905033 93.642685
v 28.000000 -48.100002 93.287567
v 28.494974 -46.410053 94.500008
v 28.494974 -46.410053 94.500008
v 28.000000 -46.700008 93.287567
v 26.000008 -71.876312 92.959770
v 26.000008 -70.302895 100.616302
v 27.030287 -72.525238 92.990723
v 27.030287 -70.800568 101.042114
v 26.000008 -69.484734 102.342926
v 26.000008 -68.071815 103.522575
v -24.969713 -72.525238 92.990723
v -24.969713 -70.800568 101.042114
v 25.380859 -73.625687 93.043221
v 25.380859 -73.815659 90.775429
v 26.588642 -49.205875 80.747452
v 26.619158 -70.076157 85.824623
v 26.619158 -72.107483 86.772003
v 24.969727 -72.525238 92.990723
v 24.969727 -72.713783 90.936508
v 24.969727 -70.800568 101.042114
v 27.030289 -51.769447 104.669556
v 27.030287 -66.349915 104.553879
v 26.000008 -66.187500 103.874817
v 26.000011 -51.957321 104.018768
v -26.619139 -73.565414 88.470421
v -26.619139 -73.565414 88.470421
v -26.619139 -72.107483 86.772003
v 27.030287 -69.894096 102.867874
v 27.030287 -68.350914 104.143227
v 25.411404 -49.205875 80.747452
v 25.380859 -70.076157 85.824623
v 25.380859 -72.107483 86.772003
v 24.969730 -49.740005 104.436478
v 24.969730 -47.884010 103.701004
v 24.969730 -47.884010 103.701004
v -25.411356 -49.205875 80.747452
v -25.380840 -70.076157 85.824623
v 26.000008 -70.712112 87.924042
v 26.000008 -71.921516 89.179649
v 26.000008 -71.921516 89.179649
v 26.000008 -71.921516 89.179649
v 24.969727 -72.531342 88.916550
v 24.969727 -72.531342 88.916550
v -27.030268 -72.525238 92.990723
v -27.030268 -72.713783 90.936508
v -24.969713 -68.350914 104.143227
v -24.969713 -66.349915 104.553879
v -25.999990 -66.187500 103.874817
v -25.999987 -51.957321 104.018768
v 26.619160 -51.450874 105.773102
v 26.619158 -66.625237 105.705437
v 26.619160 -49.234795 105.427727
v 26.619160 -47.128250 104.485069
v 26.619160 -47.128250 104.485069
v 26.619158 -68.824074 105.195702
v 27.030287 -69.347336 86.714874
v 27.030287 -71.229721 87.496696
v 25.380861 -49.234795 105.427727
v 25.380861 -47.128250 104.485069
v 25.380861 -47.128250 104.485069
v 25.380859 -71.644470 101.764145
v -26.588594 -49.205875 80.747452
v -26.619139 -70.076157 85.824623
v 25.380859 -68.824074 105.195702
v 25.380859 -70.588326 103.758034
v -24.969713 -72.713783 90.936508
v -25.999990 -72.063995 91.031494
v -25.999990 -71.876312 92.959770
v 25.380861 -45.554935 100.173553
v 25.380861 -45.726181 95.794662
v -27.030266 -47.884010 103.701004
v -27.030266 -47.884010 103.701004
v -27.030266 -46.854412 102.027359
v 27.030289 -49.740005 104.436478
v 27.030289 -47.884010 103.701004
v 27.030289 -47.884010 103.701004
v 27.030289 -46.854412 102.027359
v 27.030289 -46.692131 100.007378
v 26.000011 -48.329712 103.238617
v 26.000011 -48.329712 103.238617
v 26.000011 -48.329712 103.238617
v 26.000011 -47.441769 101.756653
v 26.000011 -47.362732 99.909386
v 26.000011 -47.709488 95.915779
v 27.030289 -46.973755 95.870819
v -25.999990 -70.712112 87.924042
v -25.999990 -71.921516 89.179649
v -25.999990 -71.921516 89.179649
v -25.999990 -71.921516 89.179649
v -27.030268 -72.531342 88.916550
v -27.030268 -72.531342 88.916550
v 24.969730 -51.769447 104.669556
v 24.969727 -66.349915 104.553879
v 24.969727 -69.347336 86.714874
v 25.020275 -48.984550 81.915031
v 24.969727 -71.229721 87.496696
v 26.979769 -48.984550 81.915031
v 26.619160 -45.554935 100.173553
v 26.619160 -45.726181 95.794662
v 26.619160 -45.858383 102.486404
v -25.380840 -66.625237 105.705437
v -25.380840 -68.824074 105.195702
v 24.969730 -46.692131 100.007378
v 24.969730 -46.973755 95.870819
v -26.619137 -49.234795 105.427727
v -26.619137 -47.128250 104.485069
v -26.619137 -47.128250 104.485069
v 26.619158 -71.644470 101.764145
v 26.619158 -73.625687 93.043221
v -26.619139 -66.625237 105.705437
v -26.619139 -68.824074 105.195702
v -25.999987 -48.329712 103.238617
v -25.999987 -48.329712 103.238617
v -25.999987 -48.329712 103.238617
v -24.969711 -47.884010 103.701004
v -24.969711 -47.884010 103.701004
v -25.999987 -47.441769 101.756653
v -25.999987 -47.362732 99.909386
v -24.969711 -46.692131 100.007378
v -24.969711 -46.973755 95.870819
v -27.030266 -51.769447 104.669556
v -27.030268 -66.349915 104.553879
v -26.619139 -70.588326 103.758034
v -26.619139 -71.644470 101.764145
v -27.030268 -69.347336 86.714874
v -26.979721 -48.984550 81.915031
v -27.030268 -71.229721 87.496696
v -25.380840 -70.588326 103.758034
v -25.380840 -71.644470 101.764145
v -27.030266 -46.692131 100.007378
v -27.030266 -46.973755 95.870819
v -27.030268 -68.350914 104.143227
v -27.030268 -69.894096 102.867874
v -25.380840 -73.625687 93.043221
v -25.380840 -73.815659 90.775429
v 28.494974 48.589951 94.500008
v 28.494974 48.589951 94.500008
v 28.000000 49.000000 94.500008
v 28.494974 48.094971 95.357330
v 28.494974 48.094971 95.357330
v 28.494974 47.105034 95.357323
v 28.494974 47.105034 95.357323
v 28.000000 46.900005 95.712440
v 28.000000 48.299999 95.712440
v 28.000000 -46.000004 94.500008
v 28.000000 -48.100002 95.712440
v 28.000000 -46.700008 95.712440
v 28.494974 48.589951 56.500008
v 28.494974 48.589951 56.500008
v 28.000000 49.000000 56.500008
v 28.494974 48.094971 57.357323
v 28.494974 48.094971 57.357323
v 28.494974 47.105034 57.357323
v 28.494974 47.105034 57.357323
v 28.000000 46.900005 57.712437
v 28.000000 48.299999 57.712437
v 28.494974 -46.410053 56.500008
v 28.494974 -46.410053 56.500008
v 28.000000 -46.000004 56.500008
v 28.494974 -46.905033 57.357323
v 28.494974 -46.905033 57.357323
v 28.494974 -47.894974 57.357323
v 28.494974 -47.894974 57.357323
v 28.000000 -48.100002 57.712437
v 28.000000 -46.700008 57.712437
v 28.494974 48.589951 50.500004
v 28.494974 48.589951 50.500004
v 28.000000 49.000000 50.500004
v 28.494974 48.094971 51.357323
v 28.494974 48.094971 51.357323
v 28.494974 47.105034 51.357323
v 28.494974 47.105034 51.357323
v 28.000000 46.900005 51.712437
v 28.000000 48.299999 51.712437
v 28.494974 -46.410053 50.500004
v 28.494974 -46.410053 50.500004
v 28.000000 -46.000004 50.500004
v 28.494974 -46.905033 51.357323
v 28.494974 -46.905033 51.357323
v 28.494974 -47.894974 51.357323
v 28.494974 -47.894974 51.357323
v 28.000000 -48.100002 51.712437
v 28.000000 -46.700008 51.712437
v 28.494974 49.589951 22.500008
v 28.494974 49.589951 22.500008
v 28.000000 50.000000 22.500008
v 28.494974 49.094971 23.357325
v 28.494974 49.094971 23.357325
v 28.494974 48.105030 23.357325
v 28.494974 48.105030 23.357325
v 28.000000 47.900002 23.712437
v 28.000000 49.299995 23.712437
v 28.494974 -47.410053 22.500008
v 28.494974 -47.410053 22.500008
v 28.000000 -47.000004 22.500008
v 28.494974 -47.905033 23.357325
v 28.494974 -47.905033 23.357325
v 28.494974 -48.894970 23.357325
v 28.494974 -48.894970 23.357325
v 28.000000 -49.099998 23.712437
v 28.000000 -47.700005 23.712437
v 28.494974 49.589951 12.000008
v 28.494974 49.589951 12.000008
v 28.000000 50.000000 12.000008
v 28.494974 49.094971 12.857326
v 28.494974 49.094971 12.857326
v 28.494974 48.105030 12.857326
v 28.494974 48.105030 12.857326
v 28.000000 47.900002 13.212438
v 28.000000 49.299995 13.212438
v 28.494974 38.889950 12.000008
v 28.494974 38.889950 12.000008
v 28.000000 39.299995 12.000008
v 28.494974 38.394970 12.857326
v 28.494974 38.394970 12.857326
v 28.494974 37.405033 12.857326
v 28.494974 37.405033 12.857326
v 28.000000 37.200005 13.212438
v 28.000000 38.599998 13.212438
v 28.494974 -36.810051 12.000008
v 28.494974 -36.810051 12.000008
v 28.000000 -36.400002 12.000008
v 28.494974 -37.305035 12.857326
v 28.494974 -37.305035 12.857326
v 28.494974 -38.294971 12.857326
v 28.494974 -38.294971 12.857326
v 28.000000 -38.500000 13.212438
v 28.000000 -37.100006 13.212438
v 28.494974 -47.510052 12.000008
v 28.494974 -47.510052 12.000008
v 28.000000 -47.100006 12.000008
v 28.494974 -48.005032 12.857326
v 28.494974 -48.005032 12.857326
v 28.494974 -48.994972 12.857326
v 28.494974 -48.994972 12.857326
v 28.000000 -49.199997 13.212438
v 28.000000 -47.800003 13.212438
v -28.494974 48.589951 94.500008
v -28.494974 48.589951 94.500008
v -28.000000 49.000000 94.500008
v -28.494974 48.094971 95.357330
v -28.494974 48.094971 95.357330
v -28.494974 47.105034 95.357323
v -28.494974 47.105034 95.357323
v -28.000000 46.900005 95.712440
v -28.000000 48.299999 95.712440
v -28.000000 -46.000004 94.500008
v -28.000000 -48.100002 95.712440
v -28.000000 -46.700008 95.712440
v -28.494974 48.589951 56.500008
v -28.494974 48.589951 56.500008
v -28.000000 49.000000 56.500008
v -28.494974 48.094971 57.357323
v -28.494974 48.094971 57.357323
v -28.494974 47.105034 57.357323
v -28.494974 47.105034 57.357323
v -28.000000 46.900005 57.712437
v -28.000000 48.299999 57.712437
v -28.494974 -46.410053 56.500008
v -28.494974 -46.410053 56.500008
v -28.000000 -46.000004 56.500008
v -28.494974 -46.905033 57.357323
v -28.494974 -46.905033 57.357323
v -28.494974 -47.894974 57.357323
v -28.494974 -47.894974 57.357323
v -28.000000 -48.100002 57.712437
v -28.000000 -46.700008 57.712437
v -28.494974 48.589951 50.500004
v -28.494974 48.589951 50.500004
v -28.000000 49.000000 50.500004
v -28.494974 48.094971 51.357323
v -28.494974 48.094971 51.357323
v -28.494974 47.105034 51.357323
v -28.494974 47.105034 51.357323
v -28.000000 46.900005 51.712437
v -28.000000 48.299999 51.712437
v -28.494974 -46.410053 50.500004
v -28.494974 -46.410053 50.500004
v -28.000000 -46.000004 50.500004
v -28.494974 -46.905033 51.357323
v -28.494974 -46.905033 51.357323
v -28.494974 -47.894974 51.357323
v -28.494974 -47.894974 51.357323
v -28.000000 -48.100002 51.712437
v -28.000000 -46.700008 51.712437
v -28.494974 49.589951 22.500008
v -28.494974 49.589951 22.500008
v -28.000000 50.000000 22.500008
v -28.494974 49.094971 23.357325
v -28.494974 49.094971 23.357325
v -28.494974 48.105030 23.357325
v -28.494974 48.105030 23.357325
v -28.000000 47.900002 23.712437
v -28.000000 49.299995 23.712437
v -28.494974 -47.410053 22.500008
v -28.494974 -47.410053 22.500008
v -28.000000 -47.000004 22.500008
v -28.494974 -47.905033 23.357325
v -28.494974 -47.905033 23.357325
v -28.494974 -48.894970 23.357325
v -28.494974 -48.894970 23.357325
v -28.000000 -49.099998 23.712437
v -28.000000 -47.700005 23.712437
v -28.494974 49.589951 12.000008
v -28.494974 49.589951 12.000008
v -28.000000 50.000000 12.000008
v -28.494974 49.094971 12.857326
v -28.494974 49.094971 12.857326
v -28.494974 48.105030 12.857326
v -28.494974 48.105030 12.857326
v -28.000000 47.900002 13.212438
v -28.000000 49.299995 13.212438
v -28.494974 38.889950 12.000008
v -28.494974 38.889950 12.000008
v -28.000000 39.299995 12.000008
v -28.494974 38.394970 12.857326
v -28.494974 38.394970 12.857326
v -28.494974 37.405033 12.857326
v -28.494974 37.405033 12.857326
v -28.000000 37.200005 13.212438
v -28.000000 38.599998 13.212438
v -28.494974 -36.810051 12.000008
v -28.494974 -36.810051 12.000008
v -28.000000 -36.400002 12.000008
v -28.494974 -37.305035 12.857326
v -28.494974 -37.305035 12.857326
v -28.494974 -38.294971 12.857326
v -28.494974 -38.294971 12.857326
v -28.000000 -38.500000 13.212438
v -28.000000 -37.100006 13.212438
v -28.494974 -47.510052 12.000008
v -28.494974 -47.510052 12.000008
v -28.000000 -47.100006 12.000008
v -28.494974 -48.005032 12.857326
v -28.494974 -48.005032 12.857326
v -28.494974 -48.994972 12.857326
v -28.494974 -48.994972 12.857326
v -28.000000 -49.199997 13.212438
v -28.000000 -47.800003 13.212438
v 25.380859 -73.565414 88.470421
v 25.380859 -73.565414 88.470421
v -25.999990 -70.302895 100.616302
v -25.999990 -69.484734 102.342926
v -26.619139 -73.815659 90.775429
v 27.030287 -72.713783 90.936508
v 27.030287 -72.531342 88.916550
v 27.030287 -72.531342 88.916550
v 26.000008 -72.063995 91.031494
v -24.969713 -69.894096 102.867874
v 25.380861 -45.858383 102.486404
v 25.380861 -51.450874 105.773102
v 25.380859 -66.625237 105.705437
v -27.030266 -49.740005 104.436478
v -24.969713 -72.531342 88.916550
v -24.969713 -72.531342 88.916550
v -25.380838 -51.450874 105.773102
v -25.380838 -49.234795 105.427727
v 26.000011 -48.854042 82.603584
v 26.000008 -68.917488 87.239853
v 26.000011 -50.037933 103.851929
v 24.969727 -68.350914 104.143227
v 24.969730 -46.854412 102.027359
v -26.619139 -73.625687 93.043221
v 26.619158 -73.565414 88.470421
v 26.619158 -73.565414 88.470421
v 24.969727 -69.894096 102.867874
v -24.969713 -71.229721 87.496696
v -26.619137 -45.858383 102.486404
v -26.619137 -45.554935 100.173553
v -26.619137 -51.450874 105.773102
v -24.969711 -46.854412 102.027359
v -26.619137 -45.726181 95.794662
v 26.619158 -70.588326 103.758034
v -25.999987 -47.709488 95.915779
v -25.020229 -48.984550 81.915031
v -24.969713 -69.347336 86.714874
v -25.380838 -45.554935 100.173553
v -25.380838 -45.726181 95.794662
v -25.999987 -48.854042 82.603584
v -25.999990 -68.917488 87.239853
v 26.619158 -73.815659 90.775429
v -25.380838 -47.128250 104.485069
v -25.380838 -47.128250 104.485069
v -24.969711 -49.740005 104.436478
v -25.380838 -45.858383 102.486404
v -24.969711 -51.769447 104.669556
v -25.999987 -50.037933 103.851929
v -25.380840 -73.565414 88.470421
v -25.380840 -73.565414 88.470421
v -25.999990 -68.071815 103.522575
v -27.030268 -70.800568 101.042114
v -25.380840 -72.107483 86.772003
v 28.494974 48.094971 93.642685
v 28.494974 48.094971 93.642685
v 28.000000 48.299999 93.287567
v 28.494974 47.105034 93.642685
v 28.494974 47.105034 93.642685
v 28.000000 46.900005 93.287567
v 28.494974 46.610050 94.500008
v 28.494974 46.610050 94.500008
v 28.000000 46.200001 94.500008
v 28.494974 48.094971 55.642689
v 28.494974 48.094971 55.642689
v 28.000000 48.299999 55.287563
v 28.494974 47.105034 55.642689
v 28.494974 47.105034 55.642689
v 28.000000 46.900005 55.287563
v 28.494974 46.610050 56.500008
v 28.494974 46.610050 56.500008
v 28.000000 46.200001 56.500008
v 28.494974 -46.905033 55.642689
v 28.494974 -46.905033 55.642689
v 28.000000 -46.700008 55.287563
v 28.494974 -47.894974 55.642689
v 28.494974 -47.894974 55.642689
v 28.000000 -48.100002 55.287563
v 28.494974 -48.389954 56.500008
v 28.494974 -48.389954 56.500008
v 28.000000 -48.800003 56.500008
v 28.494974 48.094971 49.642689
v 28.494974 48.094971 49.642689
v 28.000000 48.299999 49.287563
v 28.494974 47.105034 49.642689
v 28.494974 47.105034 49.642689
v 28.000000 46.900005 49.287563
v 28.494974 46.610050 50.500004
v 28.494974 46.610050 50.500004
v 28.000000 46.200001 50.500004
v 28.494974 -46.905033 49.642689
v 28.494974 -46.905033 49.642689
v 28.000000 -46.700008 49.287563
v 28.494974 -47.894974 49.642689
v 28.494974 -47.894974 49.642689
v 28.000000 -48.100002 49.287563
v 28.494974 -48.389954 50.500004
v 28.494974 -48.389954 50.500004
v 28.000000 -48.800003 50.500004
v 28.494974 49.094971 21.642689
v 28.494974 49.094971 21.642689
v 28.000000 49.299995 21.287565
v 28.494974 48.105030 21.642689
v 28.494974 48.105030 21.642689
v 28.000000 47.900002 21.287565
v 28.494974 47.610050 22.500008
v 28.494974 47.610050 22.500008
v 28.000000 47.200001 22.500008
v 28.494974 -47.905033 21.642689
v 28.494974 -47.905033 21.642689
v 28.000000 -47.700005 21.287565
v 28.494974 -48.894970 21.642689
v 28.494974 -48.894970 21.642689
v 28.000000 -49.099998 21.287565
v 28.494974 -49.389954 22.500008
v 28.494974 -49.389954 22.500008
v 28.000000 -49.800003 22.500008
v 28.494974 49.094971 11.142690
v 28.494974 49.094971 11.142690
v 28.000000 49.299995 10.787565
v 28.494974 48.105030 11.142690
v 28.494974 48.105030 11.142690
v 28.000000 47.900002 10.787565
v 28.494974 47.610050 12.000008
v 28.494974 47.610050 12.000008
v 28.000000 47.200001 12.000008
v 28.494974 38.394970 11.142690
v 28.494974 38.394970 11.142690
v 28.000000 38.599998 10.787565
v 28.494974 37.405033 11.142690
v 28.494974 37.405033 11.142690
v 28.000000 37.200005 10.787565
v 28.494974 36.910049 12.000008
v 28.494974 36.910049 12.000008
v 28.000000 36.499996 12.000008
v 28.494974 -37.305035 11.142690
v 28.494974 -37.305035 11.142690
v 28.000000 -37.100006 10.787565
v 28.494974 -38.294971 11.142690
v 28.494974 -38.294971 11.142690
v 28.000000 -38.500000 10.787565
v 28.494974 -38.789951 12.000008
v 28.494974 -38.789951 12.000008
v 28.000000 -39.200001 12.000008
v 28.494974 -48.005032 11.142690
v 28.494974 -48.005032 11.142690
v 28.000000 -47.800003 10.787565
v 28.494974 -48.994972 11.142690
v 28.494974 -48.994972 11.142690
v 28.000000 -49.199997 10.787565
v 28.494974 -49.489952 12.000008
v 28.494974 -49.489952 12.000008
v 28.000000 -49.900009 12.000008
v -28.494974 48.094971 93.642685
v -28.494974 48.094971 93.642685
v -28.000000 48.299999 93.287567
v -28.494974 47.105034 93.642685
v -28.494974 47.105034 93.642685
v -28.000000 46.900005 93.287567
v -28.494974 46.610050 94.500008
v -28.494974 46.610050 94.500008
v -28.000000 46.200001 94.500008
v -28.494974 48.094971 55.642689
v -28.494974 48.094971 55.642689
v -28.000000 48.299999 55.287563
v -28.494974 47.105034 55.642689
v -28.494974 47.105034 55.642689
v -28.000000 46.900005 55.287563
v -28.494974 46.610050 56.500008
v -28.494974 46.610050 56.500008
v -28.000000 46.200001 56.500008
v -28.494974 -46.905033 55.642689
v -28.494974 -46.905033 55.642689
v -28.000000 -46.700008 55.287563
v -28.494974 -47.894974 55.642689
v -28.494974 -47.894974 55.642689
v -28.000000 -48.100002 55.287563
v -28.494974 -48.389954 56.500008
v -28.494974 -48.389954 56.500008
v -28.000000 -48.800003 56.500008
v -28.494974 48.094971 49.642689
v -28.494974 48.094971 49.642689
v -28.000000 48.299999 49.287563
v -28.494974 47.105034 49.642689
v -28.494974 47.105034 49.642689
v -28.000000 46.900005 49.287563
v -28.494974 46.610050 50.500004
v -28.494974 46.610050 50.500004
v -28.000000 46.200001 50.500004
v -28.494974 -46.905033 49.642689
v -28.494974 -46.905033 49.642689
v -28.000000 -46.700008 49.287563
v -28.494974 -47.894974 49.642689
v -28.494974 -47.894974 49.642689
v -28.000000 -48.100002 49.287563
v -28.494974 -48.389954 50.500004
v -28.494974 -48.389954 50.500004
v -28.000000 -48.800003 50.500004
v -28.494974 49.094971 21.642689
v -28.494974 49.094971 21.642689
v -28.000000 49.299995 21.287565
v -28.494974 48.105030 21.642689
v -28.494974 48.105030 21.642689
v -28.000000 47.900002 21.287565
v -28.494974 47.610050 22.500008
v -28.494974 47.610050 22.500008
v -28.000000 47.200001 22.500008
v -28.494974 -47.905033 21.642689
v -28.494974 -47.905033 21.642689
v -28.000000 -47.700005 21.287565
v -28.494974 -48.894970 21.642689
v -28.494974 -48.894970 21.642689
v -28.000000 -49.099998 21.287565
v -28.494974 -49.389954 22.500008
v -28.494974 -49.389954 22.500008
v -28.000000 -49.800003 22.500008
v -28.494974 49.094971 11.142690
v -28.494974 49.094971 11.142690
v -28.000000 49.299995 10.787565
v -28.494974 48.105030 11.142690
v -28.494974 48.105030 11.142690
v -28.000000 47.900002 10.787565
v -28.494974 47.610050 12.000008
v -28.494974 47.610050 12.000008
v -28.000000 47.200001 12.000008
v -28.494974 38.394970 11.142690
v -28.494974 38.394970 11.142690
v -28.000000 38.599998 10.787565
v -28.494974 37.405033 11.142690
v -28.494974 37.405033 11.142690
v -28.000000 37.200005 10.787565
v -28.494974 36.910049 12.000008
v -28.494974 36.910049 12.000008
v -28.000000 36.499996 12.000008
v -28.494974 -37.305035 11.142690
v -28.494974 -37.305035 11.142690
v -28.000000 -37.100006 10.787565
v -28.494974 -38.294971 11.142690
v -28.494974 -38.294971 11.142690
v -28.000000 -38.500000 10.787565
v -28.494974 -38.789951 12.000008
v -28.494974 -38.789951 12.000008
v -28.000000 -39.200001 12.000008
v -28.494974 -48.005032 11.142690
v -28.494974 -48.005032 11.142690
v -28.000000 -47.800003 10.787565
v -28.494974 -48.994972 11.142690
v -28.494974 -48.994972 11.142690
v -28.000000 -49.199997 10.787565
v -28.494974 -49.489952 12.000008
v -28.494974 -49.489952 12.000008
v -28.000000 -49.900009 12.000008
v 9.999989 -48.499969 56.000019
v -24.999994 -48.499969 91.000000
v 14.999989 -48.499969 56.000019
v -19.999992 -48.499973 91.000000
v 19.999977 -48.499969 56.000019
v -14.999998 -48.499973 91.000000
v 24.999979 -48.499969 56.000019
v -9.999995 -48.499969 91.000000
v 25.000004 -48.499969 61.000000
v -4.999994 -48.499973 91.000000
v 24.999990 -48.499973 66.000000
v -0.000002 -48.499973 91.000000
v 24.999998 -48.499973 71.000000
v 5.000005 -48.499973 91.000000
v 25.000000 -48.499973 76.000000
v 10.000000 -48.499969 91.000000
v 24.999996 -48.499969 81.000008
v 15.000007 -48.499969 91.000000
v 25.000000 -48.499969 86.000000
v 20.000002 -48.499969 91.000000
v -13.999997 -49.499969 56.000019
v 20.999989 -49.499969 91.000000
v -19.000000 -49.499969 56.000008
v 15.999993 -49.499969 91.000000
v -23.999992 -49.499969 56.000019
v 10.999993 -49.499969 91.000000
v -24.999992 -49.499969 60.000015
v 5.999992 -49.499973 91.000000
v -24.999989 -49.499973 65.000023
v 0.999997 -49.499973 91.000000
v -24.999990 -49.499973 70.000015
v -4.000007 -49.499973 91.000000
v -24.999996 -49.499973 75.000000
v -9.000003 -49.499973 91.000000
v -24.999996 -49.499973 80.000008
v -14.000010 -49.499973 91.000000
v -24.999992 -49.499973 85.000015
v -19.000006 -49.499973 91.000000
v -24.999990 -49.499973 90.000008
v -24.000000 -49.499973 91.000000
v -8.000004 -48.499973 91.000000
v -25.000000 -48.499973 74.000000
v 0.000012 -48.499973 56.000019
v 24.999996 -48.499966 81.000008
v -25.000000 -48.499973 76.000000
v -9.999992 -48.499973 91.000008
v 1.999996 -48.499973 91.000000
v -24.999989 -48.499973 64.000023
v 0.999985 -49.499973 56.000019
v -24.999992 -49.499973 81.999992
v 24.999996 -49.499966 77.000000
v 10.999987 -49.499969 91.000008
v -20.000000 -48.499969 56.000008
v -25.000006 -48.499969 61.000015
v -15.000001 -48.499973 56.000008
v -24.999990 -48.499973 66.000000
v 25.000010 -48.499969 64.000008
v 17.000017 -48.499969 56.000019
v -10.000002 -48.499973 56.000008
v 24.999990 -48.499969 91.000000
v 15.000012 -48.499969 56.000019
v 25.000004 -48.499969 66.000008
v -24.999992 -48.499973 86.000015
v -19.999992 -48.499973 91.000008
v 5.999999 -49.499973 56.000019
v 25.000004 -49.499973 75.000015
v 25.000006 -48.499973 79.000008
v 2.000019 -48.499973 56.000019
v 10.999988 -49.499969 56.000019
v -24.000000 -49.499969 91.000008
v 25.000000 -49.499969 87.000000
v 20.999987 -49.499969 91.000008
v 13.999995 -49.499969 91.000000
v 24.999996 -49.499966 79.999992
v -0.999998 -49.499973 91.000000
v 25.000006 -49.499973 65.000000
v -5.000009 -48.499973 56.000019
v -24.999992 -48.499973 76.000000
v 11.000005 -49.499969 56.000019
v 25.000000 -49.499969 70.000015
v -20.999992 -49.499973 91.000000
v 13.999990 -49.499969 56.000019
v 19.000002 -49.499969 91.000000
v 25.000006 -49.499969 84.999992
v -25.000000 -49.499973 75.000000
v -6.000014 -49.499973 56.000019
v -19.999992 -48.499973 56.000008
v 15.000007 -48.499969 91.000008
v -4.000001 -49.499969 56.000019
v 25.000000 -49.499962 85.000015
v -24.999994 -49.499973 84.999992
v 3.999999 -49.499973 56.000019
v -24.000000 -49.499973 56.000008
v -25.000006 -49.499973 57.000015
v 20.999979 -49.499969 56.000019
v -14.000006 -49.499973 91.000008
v 4.999993 -48.499973 56.000019
v -25.000000 -48.499973 86.000000
v -23.000002 -48.499973 91.000000
v -24.999990 -48.499973 89.000008
v -24.999990 -48.499973 61.000015
v 5.000007 -48.499973 91.000008
v -2.999996 -48.499973 91.000000
v -24.999990 -48.499973 69.000008
v 6.999997 -48.499969 91.000000
v -24.999994 -48.499973 59.000004
v 24.999996 -49.499973 62.000000
v -4.000011 -49.499973 91.000008
v -13.000000 -48.499973 91.000000
v -24.999989 -48.499973 79.000008
v 25.000006 -48.499962 89.000008
v -8.000001 -48.499973 56.000008
v 24.999990 -48.499966 68.999992
v 12.000018 -48.499969 56.000019
v 24.999996 -48.499973 74.000000
v 6.999996 -48.499973 56.000008
v 5.000011 -48.499969 56.000019
v 24.999990 -48.499973 76.000000
v 25.000010 -48.499969 59.000015
v 22.000011 -48.499969 56.000019
v -24.999989 -48.499973 71.000015
v -4.999995 -48.499973 91.000008
v -4.000013 -49.499969 56.000019
v -24.999994 -49.499969 77.000000
v 24.999998 -49.499969 72.000000
v 5.999994 -49.499973 91.000008
v 20.000013 -48.499969 56.000019
v 24.999996 -48.499969 61.000000
v 10.000012 -48.499973 56.000019
v 24.999996 -48.499973 71.000000
v 3.999994 -49.499973 91.000000
v 25.000000 -49.499969 70.000008
v -15.999996 -49.499973 91.000000
v 18.999985 -49.499969 56.000019
v -24.999998 -49.499973 79.999992
v -1.000024 -49.499973 56.000019
v -4.999994 -48.499973 56.000019
v 25.000006 -48.499966 86.000015
v -25.000006 -49.499969 65.000008
v -16.000006 -49.499969 56.000008
v -24.999996 -48.499973 81.000008
v -14.999998 -48.499973 91.000008
v -6.000000 -49.499969 91.000000
v 24.999996 -49.499973 59.999992
v -19.000006 -49.499973 56.000008
v -25.000000 -49.499973 62.000000
v 5.999992 -49.499973 56.000019
v -25.000004 -49.499969 87.000000
v 24.999996 -49.499969 82.000008
v 15.999993 -49.499969 91.000008
v 21.000025 -49.499969 56.000031
v 25.000006 -49.499969 60.000015
v -10.000006 -48.499973 56.000019
v -25.000004 -48.499973 71.000015
v -14.999998 -48.499973 56.000008
v 20.000002 -48.499969 91.000008
v 1.000000 -49.499969 56.000019
v 25.000006 -49.499966 80.000015
v -18.000008 -48.499973 91.000000
v -24.999990 -48.499973 84.000015
v 15.999982 -49.499969 56.000019
v -18.999990 -49.499973 91.000000
v 21.999989 -48.499969 91.000000
v -13.000011 -48.499973 55.999992
v -0.000008 -48.499969 56.000019
v -25.000000 -48.499973 81.000008
v 16.999992 -48.499969 91.000000
v -18.000008 -48.499973 55.999992
v 25.000010 -48.499966 84.000015
v -2.999997 -48.499973 56.000019
v 11.999998 -48.499969 91.000000
v -23.000002 -48.499973 55.999992
v -24.999992 -48.499973 56.000008
v 10.000007 -48.499969 91.000008
v -9.000002 -49.499969 56.000019
v 25.000000 -49.499969 90.000008
v 23.999998 -49.499962 91.000000
v 24.999996 -49.499962 90.000000
v 24.999998 -49.499962 56.999992
v -9.000002 -49.499969 91.000008
v 9.000001 -49.499973 91.000000
v 24.999996 -49.499973 75.000000
v -11.000001 -49.499973 91.000000
v 23.999981 -49.499962 56.000019
v -25.000004 -49.499973 90.000000
v 8.999997 -49.499969 56.000008
v -24.999990 -49.499969 69.999992
v -11.000003 -49.499969 56.000008
v -25.000000 -48.499973 66.000008
v 0.000003 -48.499973 91.000000
v -14.000005 -49.499969 56.000008
v -24.999994 -49.499969 66.999992
v -9.000004 -49.499973 56.000008
v -25.000004 -49.499973 72.000000
v 24.999994 -49.499966 67.000008
v 0.999984 -49.499973 91.000008
v -24.999998 -49.499973 60.000004
v -21.000004 -49.499973 56.000008
v 16.000006 -49.499969 56.000019
v 25.000000 -49.499966 65.000008
v -9.999989 48.499966 56.000019
v 24.999994 48.499973 91.000000
v -14.999989 48.499966 56.000019
v 19.999992 48.499977 91.000000
v -19.999977 48.499966 56.000019
v 14.999998 48.499977 91.000000
v -24.999979 48.499966 56.000019
v 9.999995 48.499973 91.000000
v -25.000004 48.499966 61.000000
v 4.999994 48.499977 91.000000
v -24.999990 48.499973 66.000000
v 0.000002 48.499973 91.000000
v -24.999998 48.499973 71.000000
v -5.000005 48.499973 91.000000
v -25.000000 48.499966 76.000000
v -10.000000 48.499966 91.000000
v -24.999996 48.499966 81.000008
v -15.000007 48.499966 91.000000
v -25.000000 48.499966 86.000000
v -20.000002 48.499966 91.000000
v 13.999997 49.499969 56.000019
v -20.999989 49.499966 91.000000
v 19.000000 49.499969 56.000008
v -15.999993 49.499966 91.000000
v 23.999992 49.499969 56.000019
v -10.999993 49.499966 91.000000
v 24.999992 49.499977 60.000015
v -5.999992 49.499969 91.000000
v 24.999989 49.499977 65.000023
v -0.999997 49.499969 91.000000
v 24.999990 49.499977 70.000015
v 4.000007 49.499977 91.000000
v 24.999996 49.499977 75.000000
v 9.000003 49.499977 91.000000
v 24.999996 49.499977 80.000008
v 14.000010 49.499977 91.000000
v 24.999992 49.499977 85.000015
v 19.000006 49.499977 91.000000
v 24.999990 49.499977 90.000008
v 24.000000 49.499977 91.000000
v 8.000004 48.499977 91.000000
v 25.000000 48.499977 74.000000
v -0.000012 48.499973 56.000019
v -24.999996 48.499958 81.000008
v 25.000000 48.499977 76.000000
v 9.999992 48.499977 91.000008
v -1.999996 48.499973 91.000000
v 24.999989 48.499977 64.000023
v -0.999985 49.499969 56.000019
v 24.999992 49.499977 81.999992
v -24.999996 49.499958 77.000000
v -10.999987 49.499966 91.000008
v 20.000000 48.499973 56.000008
v 25.000006 48.499973 61.000015
v 15.000001 48.499973 56.000008
v 24.999990 48.499977 66.000000
v -25.000010 48.499966 64.000008
v -17.000017 48.499966 56.000019
v 10.000002 48.499977 56.000008
v -24.999990 48.499966 91.000000
v -15.000012 48.499966 56.000019
v -25.000004 48.499966 66.000008
v 24.999992 48.499977 86.000015
v 19.999992 48.499977 91.000008
v -5.999999 49.499969 56.000019
v -25.000004 49.499969 75.000015
v -25.000006 48.499966 79.000008
v -2.000019 48.499973 56.000019
v -10.999988 49.499966 56.000019
v 24.000000 49.499969 91.000008
v -25.000000 49.499966 87.000000
v -20.999987 49.499966 91.000008
v -13.999995 49.499966 91.000000
v -24.999996 49.499958 79.999992
v 0.999998 49.499977 91.000000
v -25.000006 49.499969 65.000000
v 5.000010 48.499973 56.000019
v 24.999992 48.499977 76.000000
v -11.000005 49.499966 56.000019
v -25.000000 49.499966 70.000015
v 20.999992 49.499977 91.000000
v -13.999990 49.499966 56.000019
v -19.000002 49.499966 91.000000
v -25.000006 49.499966 84.999992
v 25.000000 49.499977 75.000000
v 6.000014 49.499977 56.000019
v 19.999992 48.499977 56.000008
v -15.000007 48.499966 91.000008
v 4.000001 49.499969 56.000019
v -25.000000 49.499958 85.000015
v 24.999994 49.499977 84.999992
v -3.999999 49.499969 56.000019
v 24.000000 49.499977 56.000008
v 25.000006 49.499977 57.000015
v -20.999979 49.499966 56.000019
v 14.000006 49.499977 91.000008
v -4.999993 48.499973 56.000019
v 25.000000 48.499977 86.000000
v 23.000002 48.499977 91.000000
v 24.999990 48.499977 89.000008
v 24.999990 48.499977 61.000015
v -5.000007 48.499973 91.000008
v 2.999996 48.499977 91.000000
v 24.999990 48.499977 69.000008
v -6.999997 48.499966 91.000000
v 24.999994 48.499977 59.000004
v -24.999996 49.499969 62.000000
v 4.000011 49.499977 91.000008
v 13.000000 48.499977 91.000000
v 24.999989 48.499977 79.000008
v -25.000006 48.499958 89.000008
v 8.000001 48.499977 56.000008
v -24.999990 48.499958 68.999992
v -12.000018 48.499966 56.000019
v -24.999996 48.499973 74.000000
v -6.999996 48.499973 56.000008
v -5.000011 48.499966 56.000019
v -24.999990 48.499966 76.000000
v -25.000010 48.499966 59.000015
v -22.000011 48.499966 56.000019
v 24.999989 48.499977 71.000015
v 4.999995 48.499977 91.000008
v 4.000013 49.499969 56.000019
v 24.999994 49.499977 77.000000
v -24.999998 49.499966 72.000000
v -5.999994 49.499969 91.000008
v -20.000013 48.499966 56.000019
v -24.999996 48.499966 61.000000
v -10.000012 48.499973 56.000019
v -24.999996 48.499973 71.000000
v -3.999994 49.499969 91.000000
v -25.000000 49.499966 70.000008
v 15.999996 49.499977 91.000000
v -18.999985 49.499966 56.000019
v 24.999998 49.499977 79.999992
v 1.000024 49.499977 56.000019
v 4.999994 48.499977 56.000019
v -25.000006 48.499958 86.000015
v 25.000006 49.499977 65.000008
v 16.000006 49.499969 56.000008
v 24.999996 48.499977 81.000008
v 14.999998 48.499977 91.000008
v 6.000000 49.499969 91.000000
v -24.999996 49.499969 59.999992
v 19.000006 49.499977 56.000008
v 25.000000 49.499977 62.000000
v -5.999992 49.499969 56.000019
v 25.000004 49.499977 87.000000
v -24.999996 49.499966 82.000008
v -15.999993 49.499966 91.000008
v -21.000025 49.499966 56.000031
v -25.000006 49.499966 60.000015
v 10.000006 48.499973 56.000019
v 25.000004 48.499977 71.000015
v 14.999998 48.499977 56.000008
v -20.000002 48.499966 91.000008
v -1.000000 49.499966 56.000019
v -25.000006 49.499958 80.000015
v 18.000008 48.499977 91.000000
v 24.999990 48.499977 84.000015
v -15.999982 49.499966 56.000019
v 18.999990 49.499977 91.000000
v -21.999989 48.499966 91.000000
v 13.000011 48.499977 55.999992
v 0.000009 48.499966 56.000019
v 25.000000 48.499977 81.000008
v -16.999992 48.499966 91.000000
v 18.000008 48.499977 55.999992
v -25.000010 48.499958 84.000015
v 2.999997 48.499977 56.000019
v -11.999998 48.499966 91.000000
v 23.000002 48.499977 55.999992
v 24.999992 48.499977 56.000008
v -10.000007 48.499966 91.000008
v 9.000002 49.499969 56.000019
v -25.000000 49.499966 90.000008
v -23.999998 49.499958 91.000000
v -24.999996 49.499958 90.000000
v -24.999998 49.499958 56.999992
v 9.000002 49.499969 91.000008
v -9.000001 49.499969 91.000000
v -24.999996 49.499969 75.000000
v 11.000001 49.499977 91.000000
v -23.999981 49.499958 56.000019
v 25.000004 49.499977 90.000000
v -8.999997 49.499966 56.000008
v 24.999990 49.499977 69.999992
v 11.000003 49.499969 56.000008
v 25.000000 48.499977 66.000008
v -0.000003 48.499973 91.000000
v 14.000005 49.499969 56.000008
v 24.999994 49.499977 66.999992
v 9.000004 49.499977 56.000008
v 25.000004 49.499977 72.000000
v -24.999994 49.499958 67.000008
v -0.999984 49.499969 91.000008
v 24.999998 49.499977 60.000004
v 21.000004 49.499977 56.000008
v -16.000006 49.499966 56.000019
v -25.000000 49.499958 65.000008
v 9.999989 -48.499969 16.000017
v -24.999994 -48.499969 51.000000
v 14.999989 -48.499969 16.000017
v -19.999992 -48.499973 51.000000
v 19.999977 -48.499969 16.000017
v -14.999998 -48.499973 51.000000
v 24.999979 -48.499969 16.000017
v -9.999995 -48.499969 51.000000
v 25.000004 -48.499969 21.000000
v -4.999994 -48.499973 51.000000
v 24.999990 -48.499973 25.999996
v -0.000002 -48.499973 51.000000
v 24.999998 -48.499973 31.000004
v 5.000005 -48.499973 51.000000
v 25.000000 -48.499973 36.000000
v 10.000000 -48.499969 51.000000
v 24.999996 -48.499969 41.000004
v 15.000007 -48.499969 51.000000
v 25.000000 -48.499969 46.000000
v 20.000002 -48.499969 51.000000
v -13.999997 -49.499969 16.000017
v 20.999989 -49.499969 51.000000
v -19.000000 -49.499969 16.000006
v 15.999993 -49.499969 51.000000
v -23.999992 -49.499969 16.000017
v 10.999993 -49.499969 51.000000
v -24.999992 -49.499969 20.000013
v 5.999992 -49.499973 51.000000
v -24.999989 -49.499973 25.000021
v 0.999997 -49.499973 51.000000
v -24.999990 -49.499973 30.000015
v -4.000007 -49.499973 51.000000
v -24.999996 -49.499973 35.000000
v -9.000003 -49.499973 51.000000
v -24.999996 -49.499973 40.000008
v -14.000010 -49.499973 51.000000
v -24.999992 -49.499973 45.000015
v -19.000006 -49.499973 51.000000
v -24.999990 -49.499973 50.000011
v -24.000000 -49.499973 51.000000
v -8.000004 -48.499973 51.000000
v -25.000000 -48.499973 34.000000
v 0.000012 -48.499973 16.000017
v 24.999996 -48.499966 41.000004
v -25.000000 -48.499973 36.000000
v -9.999992 -48.499973 51.000011
v 1.999996 -48.499973 51.000000
v -24.999989 -48.499973 24.000021
v 0.999985 -49.499973 16.000017
v -24.999992 -49.499973 41.999992
v 24.999996 -49.499966 36.999996
v 10.999987 -49.499969 51.000011
v -20.000000 -48.499969 16.000006
v -25.000006 -48.499969 21.000013
v -15.000001 -48.499973 16.000006
v -24.999990 -48.499973 25.999996
v 25.000010 -48.499969 24.000010
v 17.000017 -48.499969 16.000017
v -10.000002 -48.499973 16.000006
v 24.999990 -48.499969 51.000000
v 15.000012 -48.499969 16.000017
v 25.000004 -48.499969 26.000008
v -24.999992 -48.499973 46.000011
v -19.999992 -48.499973 51.000011
v 5.999999 -49.499973 16.000017
v 25.000004 -49.499973 35.000011
v 25.000006 -48.499973 39.000008
v 2.000019 -48.499973 16.000017
v 10.999988 -49.499969 16.000017
v -24.000000 -49.499969 51.000011
v 25.000000 -49.499969 47.000000
v 20.999987 -49.499969 51.000011
v 13.999995 -49.499969 51.000000
v 24.999996 -49.499966 39.999996
v -0.999998 -49.499973 51.000000
v 25.000006 -49.499973 24.999996
v -5.000009 -48.499973 16.000017
v -24.999992 -48.499973 36.000000
v 11.000005 -49.499969 16.000017
v 25.000000 -49.499969 30.000015
v -20.999992 -49.499973 51.000000
v 13.999990 -49.499969 16.000017
v 19.000002 -49.499969 51.000000
v 25.000006 -49.499969 44.999989
v -25.000000 -49.499973 35.000000
v -6.000014 -49.499973 16.000017
v -19.999992 -48.499973 16.000006
v 15.000007 -48.499969 51.000011
v -4.000001 -49.499969 16.000017
v 25.000000 -49.499962 45.000015
v -24.999994 -49.499973 44.999989
v 3.999999 -49.499973 16.000017
v -24.000000 -49.499973 16.000006
v -25.000006 -49.499973 17.000017
v 20.999979 -49.499969 16.000017
v -14.000006 -49.499973 51.000011
v 4.999993 -48.499973 16.000017
v -25.000000 -48.499973 46.000000
v -23.000002 -48.499973 51.000000
v -24.999990 -48.499973 49.000011
v -24.999990 -48.499973 21.000013
v 5.000007 -48.499973 51.000011
v -2.999996 -48.499973 51.000000
v -24.999990 -48.499973 29.000006
v 6.999997 -48.499969 51.000000
v -24.999994 -48.499973 19.000002
v 24.999996 -49.499973 22.000000
v -4.000011 -49.499973 51.000011
v -13.000000 -48.499973 51.000000
v -24.999989 -48.499973 39.000008
v 25.000006 -48.499962 49.000011
v -8.000001 -48.499973 16.000006
v 24.999990 -48.499966 28.999992
v 12.000018 -48.499969 16.000017
v 24.999996 -48.499973 34.000000
v 6.999996 -48.499973 16.000006
v 5.000011 -48.499969 16.000017
v 24.999990 -48.499973 36.000000
v 25.000010 -48.499969 19.000015
v 22.000011 -48.499969 16.000017
v -24.999989 -48.499973 31.000015
v -4.999995 -48.499973 51.000011
v -4.000013 -49.499969 16.000017
v -24.999994 -49.499969 36.999996
v 24.999998 -49.499969 32.000004
v 5.999994 -49.499973 51.000011
v 20.000013 -48.499969 16.000017
v 24.999996 -48.499969 21.000000
v 10.000012 -48.499973 16.000017
v 24.999996 -48.499973 31.000004
v 3.999994 -49.499973 51.000000
v 25.000000 -49.499969 30.000004
v -15.999996 -49.499973 51.000000
v 18.999985 -49.499969 16.000017
v -24.999998 -49.499973 39.999996
v -1.000024 -49.499973 16.000017
v -4.999994 -48.499973 16.000017
v 25.000006 -48.499966 46.000011
v -25.000006 -49.499969 25.000010
v -16.000006 -49.499969 16.000006
v -24.999996 -48.499973 41.000004
v -14.999998 -48.499973 51.000011
v -6.000000 -49.499969 51.000000
v 24.999996 -49.499973 19.999990
v -19.000006 -49.499973 16.000006
v -25.000000 -49.499973 22.000000
v 5.999992 -49.499973 16.000017
v -25.000004 -49.499969 47.000000
v 24.999996 -49.499969 42.000004
v 15.999993 -49.499969 51.000011
v 21.000025 -49.499969 16.000029
v 25.000006 -49.499969 20.000013
v -10.000006 -48.499973 16.000017
v -25.000004 -48.499973 31.000015
v -14.999998 -48.499973 16.000006
v 20.000002 -48.499969 51.000011
v 1.000000 -49.499969 16.000017
v 25.000006 -49.499966 40.000019
v -18.000008 -48.499973 51.000000
v -24.999990 -48.499973 44.000015
v 15.999982 -49.499969 16.000017
v -18.999990 -49.499973 51.000000
v 21.999989 -48.499969 51.000000
v -13.000011 -48.499973 15.999993
v -0.000008 -48.499969 16.000017
v -25.000000 -48.499973 41.000004
v 16.999992 -48.499969 51.000000
v -18.000008 -48.499973 15.999993
v 25.000010 -48.499966 44.000015
v -2.999997 -48.499973 16.000017
v 11.999998 -48.499969 51.000000
v -23.000002 -48.499973 15.999993
v -24.999992 -48.499973 16.000006
v 10.000007 -48.499969 51.000011
v -9.000002 -49.499969 16.000017
v 25.000000 -49.499969 50.000011
v 23.999998 -49.499962 51.000000
v 24.999996 -49.499962 49.999996
v 24.999998 -49.499962 16.999992
v -9.000002 -49.499969 51.000011
v 9.000001 -49.499973 51.000000
v 24.999996 -49.499973 35.000000
v -11.000001 -49.499973 51.000000
v 23.999981 -49.499962 16.000017
v -25.000004 -49.499973 49.999996
v 8.999997 -49.499969 16.000006
v -24.999990 -49.499969 29.999992
v -11.000003 -49.499969 16.000006
v -25.000000 -48.499973 26.000008
v 0.000003 -48.499973 51.000000
v -14.000005 -49.499969 16.000006
v -24.999994 -49.499969 26.999994
v -9.000004 -49.499973 16.000006
v -25.000004 -49.499973 32.000004
v 24.999994 -49.499966 27.000008
v 0.999984 -49.499973 51.000011
v -24.999998 -49.499973 20.000002
v -21.000004 -49.499973 16.000006
v 16.000006 -49.499969 16.000017
v 25.000000 -49.499966 25.000010
v -9.999989 48.499966 16.000017
v 24.999994 48.499973 51.000000
v -14.999989 48.499966 16.000017
v 19.999992 48.499977 51.000000
v -19.999977 48.499966 16.000017
v 14.999998 48.499977 51.000000
v -24.999979 48.499966 16.000017
v 9.999995 48.499973 51.000000
v -25.000004 48.499966 21.000000
v 4.999994 48.499977 51.000000
v -24.999990 48.499973 25.999996
v 0.000002 48.499973 51.000000
v -24.999998 48.499973 31.000004
v -5.000005 48.499973 51.000000
v -25.000000 48.499966 36.000000
v -10.000000 48.499966 51.000000
v -24.999996 48.499966 41.000004
v -15.000007 48.499966 51.000000
v -25.000000 48.499966 46.000000
v -20.000002 48.499966 51.000000
v 13.999997 49.499969 16.000017
v -20.999989 49.499966 51.000000
v 19.000000 49.499969 16.000006
v -15.999993 49.499966 51.000000
v 23.999992 49.499969 16.000017
v -10.999993 49.499966 51.000000
v 24.999992 49.499977 20.000013
v -5.999992 49.499969 51.000000
v 24.999989 49.499977 25.000021
v -0.999997 49.499969 51.000000
v 24.999990 49.499977 30.000015
v 4.000007 49.499977 51.000000
v 24.999996 49.499977 35.000000
v 9.000003 49.499977 51.000000
v 24.999996 49.499977 40.000008
v 14.000010 49.499977 51.000000
v 24.999992 49.499977 45.000015
v 19.000006 49.499977 51.000000
v 24.999990 49.499977 50.000011
v 24.000000 49.499977 51.000000
v 8.000004 48.499977 51.000000
v 25.000000 48.499977 34.000000
v -0.000012 48.499973 16.000017
v -24.999996 48.499958 41.000004
v 25.000000 48.499977 36.000000
v 9.999992 48.499977 51.000011
v -1.999996 48.499973 51.000000
v 24.999989 48.499977 24.000021
v -0.999985 49.499969 16.000017
v 24.999992 49.499977 41.999992
v -24.999996 49.499958 36.999996
v -10.999987 49.499966 51.000011
v 20.000000 48.499973 16.000006
v 25.000006 48.499973 21.000013
v 15.000001 48.499973 16.000006
v 24.999990 48.499977 25.999996
v -25.000010 48.499966 24.000010
v -17.000017 48.499966 16.000017
v 10.000002 48.499977 16.000006
v -24.999990 48.499966 51.000000
v -15.000012 48.499966 16.000017
v -25.000004 48.499966 26.000008
v 24.999992 48.499977 46.000011
v 19.999992 48.499977 51.000011
v -5.999999 49.499969 16.000017
v -25.000004 49.499969 35.000011
v -25.000006 48.499966 39.000008
v -2.000019 48.499973 16.000017
v -10.999988 49.499966 16.000017
v 24.000000 49.499969 51.000011
v -25.000000 49.499966 47.000000
v -20.999987 49.499966 51.000011
v -13.999995 49.499966 51.000000
v -24.999996 49.499958 39.999996
v 0.999998 49.499977 51.000000
v -25.000006 49.499969 24.999996
v 5.000010 48.499973 16.000017
v 24.999992 48.499977 36.000000
v -11.000005 49.499966 16.000017
v -25.000000 49.499966 30.000015
v 20.999992 49.499977 51.000000
v -13.999990 49.499966 16.000017
v -19.000002 49.499966 51.000000
v -25.000006 49.499966 44.999989
v 25.000000 49.499977 35.000000
v 6.000014 49.499977 16.000017
v 19.999992 48.499977 16.000006
v -15.000007 48.499966 51.000011
v 4.000001 49.499969 16.000017
v -25.000000 49.499958 45.000015
v 24.999994 49.499977 44.999989
v -3.999999 49.499969 16.000017
v 24.000000 49.499977 16.000006
v 25.000006 49.499977 17.000017
v -20.999979 49.499966 16.000017
v 14.000006 49.499977 51.000011
v -4.999993 48.499973 16.000017
v 25.000000 48.499977 46.000000
v 23.000002 48.499977 51.000000
v 24.999990 48.499977 49.000011
v 24.999990 48.499977 21.000013
v -5.000007 48.499973 51.000011
v 2.999996 48.499977 51.000000
v 24.999990 48.499977 29.000006
v -6.999997 48.499966 51.000000
v 24.999994 48.499977 19.000002
v -24.999996 49.499969 22.000000
v 4.000011 49.499977 51.000011
v 13.000000 48.499977 51.000000
v 24.999989 48.499977 39.000008
v -25.000006 48.499958 49.000011
v 8.000001 48.499977 16.000006
v -24.999990 48.499958 28.999992
v -12.000018 48.499966 16.000017
v -24.999996 48.499973 34.000000
v -6.999996 48.499973 16.000006
v -5.000011 48.499966 16.000017
v -24.999990 48.499966 36.000000
v -25.000010 48.499966 19.000015
v -22.000011 48.499966 16.000017
v 24.999989 48.499977 31.000015
v 4.999995 48.499977 51.000011
v 4.000013 49.499969 16.000017
v 24.999994 49.499977 36.999996
v -24.999998 49.499966 32.000004
v -5.999994 49.499969 51.000011
v -20.000013 48.499966 16.000017
v -24.999996 48.499966 21.000000
v -10.000012 48.499973 16.000017
v -24.999996 48.499973 31.000004
v -3.999994 49.499969 51.000000
v -25.000000 49.499966 30.000004
v 15.999996 49.499977 51.000000
v -18.999985 49.499966 16.000017
v 24.999998 49.499977 39.999996
v 1.000024 49.499977 16.000017
v 4.999994 48.499977 16.000017
v -25.000006 48.499958 46.000011
v 25.000006 49.499977 25.000010
v 16.000006 49.499969 16.000006
v 24.999996 48.499977 41.000004
v 14.999998 48.499977 51.000011
v 6.000000 49.499969 51.000000
v -24.999996 49.499969 19.999990
v 19.000006 49.499977 16.000006
v 25.000000 49.499977 22.000000
v -5.999992 49.499969 16.000017
v 25.000004 49.499977 47.000000
v -24.999996 49.499966 42.000004
v -15.999993 49.499966 51.000011
v -21.000025 49.499966 16.000029
v -25.000006 49.499966 20.000013
v 10.000006 48.499973 16.000017
v 25.000004 48.499977 31.000015
v 14.999998 48.499977 16.000006
v -20.000002 48.499966 51.000011
v -1.000000 49.499966 16.000017
v -25.000006 49.499958 40.000019
v 18.000008 48.499977 51.000000
v 24.999990 48.499977 44.000015
v -15.999982 49.499966 16.000017
v 18.999990 49.499977 51.000000
v -21.999989 48.499966 51.000000
v 13.000011 48.499977 15.999993
v 0.000009 48.499966 16.000017
v 25.000000 48.499977 41.000004
v -16.999992 48.499966 51.000000
v 18.000008 48.499977 15.999993
v -25.000010 48.499958 44.000015
v 2.999997 48.499977 16.000017
v -11.999998 48.499966 51.000000
v 23.000002 48.499977 15.999993
v 24.999992 48.499977 16.000006
v -10.000007 48.499966 51.000011
v 9.000002 49.499969 16.000017
v -25.000000 49.499966 50.000011
v -23.999998 49.499958 51.000000
v -24.999996 49.499958 49.999996
v -24.999998 49.499958 16.999992
v 9.000002 49.499969 51.000011
v -9.000001 49.499969 51.000000
v -24.999996 49.499969 35.000000
v 11.000001 49.499977 51.000000
v -23.999981 49.499958 16.000017
v 25.000004 49.499977 49.999996
v -8.999997 49.499966 16.000006
v 24.999990 49.499977 29.999992
v 11.000003 49.499969 16.000006
v 25.000000 48.499977 26.000008
v -0.000003 48.499973 51.000000
v 14.000005 49.499969 16.000006
v 24.999994 49.499977 26.999994
v 9.000004 49.499977 16.000006
v 25.000004 49.499977 32.000004
v -24.999994 49.499958 27.000008
v -0.999984 49.499969 51.000011
v 24.999998 49.499977 20.000002
v 21.000004 49.499977 16.000006
v -16.000006 49.499966 16.000017
v -25.000000 49.499958 25.000010
v -26.000013 42.999996 58.000000
v -27.700006 42.999996 58.000000
v -27.700006 -42.999989 58.000000
v -26.000013 -42.999989 58.000000
v -26.000013 43.000008 89.000008
v -27.700006 43.000008 89.000008
v -26.000013 -44.999989 55.999989
v -27.700006 -44.999989 55.999989
v -26.000013 -45.000019 91.000008
v -27.700006 -45.000019 91.000008
v -26.000013 44.999992 55.999989
v -27.700006 44.999992 55.999989
v -26.000013 45.000004 91.000023
v -27.700006 45.000004 91.000023
v -27.700006 -42.999996 89.000008
v -26.000013 -42.999996 89.000008
v -25.499975 -8.999989 54.999989
v -25.499975 -44.999992 91.000000
v -26.499975 -7.999992 54.999996
v -26.499975 -44.999992 91.999992
v -25.499975 -3.999987 54.999989
v -25.499975 -39.999996 91.000000
v -26.499975 -2.999991 54.999996
v -26.499975 -39.999996 91.999992
v -25.499975 1.000017 54.999989
v -25.499975 -34.999992 91.000000
v -26.499975 2.000010 54.999996
v -26.499975 -34.999992 91.999992
v -25.499975 6.000018 54.999989
v -25.499975 -29.999996 91.000000
v -26.499975 7.000017 54.999996
v -26.499975 -29.999996 91.999992
v -25.499975 11.000013 54.999996
v -25.499975 -24.999994 91.000000
v -26.499975 12.000012 54.999996
v -26.499975 -24.999994 91.999992
v -25.499975 16.000015 54.999989
v -25.499975 -19.999992 91.000000
v -26.499975 17.000008 54.999996
v -26.499975 -19.999992 91.999992
v -25.499975 20.999992 55.000008
v -25.499975 -14.999998 91.000000
v -26.499975 22.000004 54.999996
v -26.499975 -14.999998 91.999992
v -25.499975 25.999992 55.000008
v -25.499975 -9.999996 91.000000
v -26.499975 26.999998 54.999996
v -26.499975 -9.999996 91.999992
v -25.499975 31.000011 54.999989
v -25.499975 -4.999995 91.000000
v -26.499975 32.000004 54.999996
v -26.499975 -4.999995 91.999992
v -25.499975 36.000000 55.000000
v -25.499975 0.000000 91.000000
v -26.499975 37.000011 54.999996
v -26.499975 0.000000 91.999992
v -25.499975 40.999996 55.000008
v -25.499975 5.000007 91.000000
v -26.499975 42.000008 54.999996
v -26.499975 5.000007 91.999992
v -25.499975 45.999992 55.000008
v -25.499975 10.000002 91.000000
v -26.499975 46.000004 55.999992
v -26.499975 10.000002 91.999992
v -25.499975 46.000011 59.999992
v -25.499975 15.000010 91.000000
v -26.499975 46.000011 60.999989
v -26.499975 15.000010 91.999992
v -25.499975 45.999996 65.000015
v -25.499975 20.000004 91.000000
v -26.499975 45.999996 66.000015
v -26.499975 20.000004 91.999992
v -25.499975 46.000004 70.000008
v -25.499975 25.000000 91.000000
v -26.499975 46.000004 71.000000
v -26.499975 25.000000 91.999992
v -25.499975 45.999992 75.000015
v -25.499975 30.000008 91.000000
v -26.499975 45.999992 76.000008
v -26.499975 30.000008 91.999992
v -25.499975 45.999996 80.000008
v -25.499975 35.000015 91.000000
v -26.499975 45.999996 81.000008
v -26.499975 35.000015 91.999992
v -25.499975 45.999992 85.000015
v -25.499975 40.000008 91.000000
v -26.499975 45.999992 86.000015
v -26.499975 40.000008 91.999992
v -25.499975 45.999981 90.000023
v -25.499975 45.000004 91.000000
v -26.499975 45.999981 91.000023
v -26.499975 45.000004 91.999992
v -26.499975 9.999985 54.999989
v -26.499975 45.999992 91.000000
v -25.499975 8.999991 54.999996
v -25.499975 45.999992 91.999992
v -26.499975 4.999983 54.999989
v -26.499975 40.999996 91.000000
v -25.499975 3.999990 54.999996
v -25.499975 40.999996 91.999992
v -26.499975 -0.000018 54.999989
v -26.499975 35.999989 91.000000
v -25.499975 -1.000011 54.999996
v -25.499975 35.999989 91.999992
v -26.499975 -5.000025 54.999989
v -26.499975 30.999994 91.000000
v -25.499975 -6.000018 54.999996
v -25.499975 30.999994 91.999992
v -26.499975 -10.000020 54.999989
v -26.499975 25.999992 91.000000
v -25.499975 -11.000013 54.999996
v -25.499975 25.999992 91.999992
v -26.499975 -15.000015 54.999989
v -26.499975 20.999992 91.000000
v -25.499975 -16.000008 54.999996
v -25.499975 20.999992 91.999992
v -26.499975 -20.000011 54.999989
v -26.499975 15.999996 91.000000
v -25.499975 -21.000004 54.999996
v -25.499975 15.999996 91.999992
v -26.499975 -25.000006 54.999989
v -26.499975 10.999995 91.000000
v -25.499975 -26.000000 54.999996
v -25.499975 10.999995 91.999992
v -26.499975 -30.000019 54.999985
v -26.499975 5.999994 91.000000
v -25.499975 -31.000006 54.999996
v -25.499975 5.999994 91.999992
v -26.499975 -35.000027 54.999985
v -26.499975 0.999999 91.000000
v -25.499975 -36.000015 54.999996
v -25.499975 0.999999 91.999992
v -26.499975 -40.000023 54.999985
v -26.499975 -4.000008 91.000000
v -25.499975 -41.000008 54.999996
v -25.499975 -4.000008 91.999992
v -26.499975 -45.000023 54.999977
v -26.499975 -9.000004 91.000000
v -25.499975 -46.000004 54.999996
v -25.499975 -9.000004 91.999992
v -26.499975 -45.999989 59.000008
v -26.499975 -14.000010 91.000000
v -25.499975 -45.999989 60.000008
v -25.499975 -14.000010 91.999992
v -26.499975 -45.999989 64.000023
v -26.499975 -19.000006 91.000000
v -25.499975 -45.999989 65.000023
v -25.499975 -19.000006 91.999992
v -26.499975 -45.999996 69.000015
v -26.499975 -24.000000 91.000000
v -25.499975 -45.999992 70.000008
v -25.499975 -24.000000 91.999992
v -26.499975 -45.999996 74.000008
v -26.499975 -29.000008 91.000000
v -25.499975 -46.000004 75.000000
v -25.499975 -29.000008 91.999992
v -26.499975 -46.000000 79.000008
v -26.499975 -34.000015 91.000000
v -25.499975 -46.000000 80.000008
v -25.499975 -34.000015 91.999992
v -26.499975 -46.000011 84.000000
v -26.499975 -39.000011 91.000000
v -25.499975 -46.000011 85.000000
v -25.499975 -39.000011 91.999992
v -26.499975 -46.000019 88.999985
v -26.499975 -44.000008 91.000000
v -25.499975 -46.000015 89.999985
v -25.499975 -44.000008 91.999992
v -25.499975 45.999992 74.999985
v -25.499975 25.999987 54.999996
v -25.499975 36.999996 91.000000
v -25.499975 0.999999 54.999996
v -25.499975 -38.999981 54.999985
v -25.499975 -45.999992 61.999996
v -25.499975 12.000000 91.000000
v -25.499975 -24.000013 54.999985
v -25.499975 -13.999990 54.999996
v -25.499975 -46.000004 87.000008
v -25.499975 -13.000000 91.000000
v -25.499975 -45.999992 58.000004
v -25.499975 -38.000011 91.000000
v -25.499975 -46.000004 83.000008
v -26.499975 24.999994 55.000000
v -26.499975 45.999985 75.999985
v -26.499975 -32.999992 54.999996
v -26.499975 -45.999992 67.999992
v -26.499975 -45.999985 55.999989
v -26.499975 -44.999981 54.999985
v -26.499975 -46.000004 81.000008
v -26.499975 -19.999992 54.999996
v -26.499975 -30.999994 91.000000
v -26.499975 5.000019 54.999996
v -26.499975 -6.000000 91.000000
v -26.499975 29.999983 55.000008
v -26.499975 19.000006 91.000000
v -26.499975 46.000004 64.000008
v -25.499975 18.999994 54.999996
v -25.499975 45.999985 81.999985
v -26.499975 44.000008 91.000000
v -26.499975 45.999981 89.000023
v -25.499975 45.999992 69.999992
v -25.499975 31.000000 55.000000
v -25.499975 41.999996 91.000000
v -25.499975 5.999982 54.999996
v -25.499975 16.999996 91.000000
v -25.499975 -19.000017 54.999985
v -25.499975 -18.999989 54.999989
v -25.499975 -46.000008 82.000008
v -25.499975 -43.999981 54.999985
v -25.499975 -45.999985 56.999989
v -25.499975 -33.000004 91.000000
v -25.499975 -46.000004 78.000000
v -25.499975 -8.000004 91.000000
v -25.499975 -44.000019 54.999985
v -26.499975 29.999989 54.999989
v -26.499975 45.999992 70.999992
v -26.499975 -37.999992 54.999996
v -26.499975 -45.999992 62.999992
v -26.499975 -12.999993 54.999996
v -26.499975 -46.000008 88.000015
v -26.499975 -46.000004 76.000008
v -26.499975 -24.999983 54.999989
v -26.499975 -35.999996 91.000000
v -26.499975 0.000000 54.999996
v -26.499975 -11.000002 91.000000
v -26.499975 25.000000 54.999996
v -26.499975 13.999998 91.000000
v -26.499975 46.000004 58.999992
v -25.499975 23.999989 54.999996
v -25.499975 45.999981 76.999977
v -26.499975 39.000011 91.000000
v -26.499975 45.999992 84.000015
v -25.499975 45.999992 65.000000
v -25.499975 36.000000 55.000008
v -25.499975 45.999981 89.999977
v -25.499975 10.999995 54.999996
v -25.499975 21.999990 91.000000
v -25.499975 -14.000023 54.999985
v -25.499975 -23.999983 54.999989
v -25.499975 -46.000004 77.000008
v -25.499975 -2.999997 91.000000
v -25.499975 -39.000019 54.999985
v -25.499975 -28.000010 91.000000
v -25.499975 -46.000004 73.000000
v -26.499975 34.999996 55.000000
v -26.499975 45.999996 66.000000
v -26.499975 -42.999996 54.999996
v -26.499975 -45.999985 57.999985
v -26.499975 -17.999994 54.999996
v -26.499975 -46.000011 83.000008
v -26.499975 -45.999996 71.000000
v -26.499975 -29.999989 54.999989
v -26.499975 -40.999996 91.000000
v -26.499975 -4.999995 55.000000
v -26.499975 -15.999996 91.000000
v -26.499975 20.000004 54.999996
v -26.499975 9.000004 91.000000
v -26.499975 44.999992 55.000008
v -25.499975 28.999996 54.999996
v -25.499975 45.999992 71.999992
v -26.499975 34.000004 91.000000
v -26.499975 46.000004 79.000000
v -25.499975 46.000004 60.000004
v -25.499975 40.999996 54.999996
v -25.499975 45.999985 84.999985
v -25.499975 15.999996 54.999996
v -25.499975 26.999998 91.000000
v -25.499975 -9.000015 54.999996
v -25.499975 -28.999990 54.999989
v -25.499975 -45.999992 71.999992
v -25.499975 1.999998 91.000000
v -25.499975 -34.000023 54.999989
v -25.499975 -23.000002 91.000000
v -25.499975 -45.999996 68.000008
v -26.499975 39.999996 55.000000
v -26.499975 46.000004 61.000008
v -26.499975 14.999986 54.999989
v -26.499975 45.999981 85.999977
v -26.499975 -22.999990 54.999996
v -26.499975 -46.000011 78.000008
v -26.499975 -45.999996 66.000000
v -26.499975 -34.999977 54.999985
v -26.499975 -45.999996 91.000000
v -26.499975 -9.999993 54.999996
v -26.499975 -20.999992 91.000000
v -26.499975 15.000010 54.999996
v -26.499975 3.999996 91.000000
v -26.499975 39.999992 55.000011
v -25.499975 33.999992 54.999996
v -25.499975 45.999996 66.999992
v -26.499975 29.000008 91.000000
v -26.499975 45.999992 74.000015
v -25.499975 45.999996 80.000000
v -25.499975 20.999992 54.999996
v -25.499975 31.999992 91.000000
v -25.499975 -4.000020 54.999996
v -25.499975 -33.999985 54.999989
v -25.499975 -45.999992 66.999992
v -25.499975 6.999999 91.000000
v -25.499975 -29.000008 54.999985
v -25.499975 -18.000008 91.000000
v -25.499975 -45.999992 63.000023
v -25.499975 -43.000008 91.000000
v -25.499975 -46.000015 87.999985
v -26.499975 19.999998 55.000000
v -26.499975 45.999985 80.999985
v -26.499975 -27.999996 54.999996
v -26.499975 -45.999996 72.999992
v -26.499975 -45.999992 60.999989
v -26.499975 -39.999985 54.999985
v -26.499975 -46.000008 86.000008
v -26.499975 -14.999991 54.999996
v -26.499975 -26.000000 91.000000
v -26.499975 10.000014 54.999996
v -26.499975 -0.999999 91.000000
v -26.499975 35.000004 55.000008
v -25.499975 38.999992 54.999996
v -25.499975 46.000004 62.000000
v -26.499975 24.000000 91.000000
v -26.499975 45.999992 69.000015
v -25.499975 13.999992 54.999996
v -25.499975 45.999985 86.999985
v -26.000013 42.999996 17.999998
v -27.700006 42.999996 17.999998
v -27.700006 -42.999989 17.999998
v -26.000013 -42.999989 17.999998
v -26.000013 43.000008 49.000011
v -27.700006 43.000008 49.000011
v -26.000013 -44.999989 15.999988
v -27.700006 -44.999989 15.999988
v -26.000013 -45.000019 51.000011
v -27.700006 -45.000019 51.000011
v -26.000013 44.999992 15.999988
v -27.700006 44.999992 15.999988
v -26.000013 45.000004 51.000023
v -27.700006 45.000004 51.000023
v -27.700006 -42.999996 49.000011
v -26.000013 -42.999996 49.000011
v -25.499975 -8.999989 14.999989
v -25.499975 -44.999992 51.000000
v -26.499975 -7.999992 14.999994
v -26.499975 -44.999992 52.000000
v -25.499975 -3.999987 14.999989
v -25.499975 -39.999996 51.000000
v -26.499975 -2.999991 14.999994
v -26.499975 -39.999996 52.000000
v -25.499975 1.000017 14.999989
v -25.499975 -34.999992 51.000000
v -26.499975 2.000010 14.999994
v -26.499975 -34.999992 52.000000
v -25.499975 6.000018 14.999989
v -25.499975 -29.999996 51.000000
v -26.499975 7.000017 14.999994
v -26.499975 -29.999996 52.000000
v -25.499975 11.000013 14.999994
v -25.499975 -24.999994 51.000000
v -26.499975 12.000012 14.999994
v -26.499975 -24.999994 52.000000
v -25.499975 16.000015 14.999989
v -25.499975 -19.999992 51.000000
v -26.499975 17.000008 14.999994
v -26.499975 -19.999992 52.000000
v -25.499975 20.999992 15.000007
v -25.499975 -14.999998 51.000000
v -26.499975 22.000004 14.999994
v -26.499975 -14.999998 52.000000
v -25.499975 25.999992 15.000007
v -25.499975 -9.999996 51.000000
v -26.499975 26.999998 14.999994
v -26.499975 -9.999996 52.000000
v -25.499975 31.000011 14.999989
v -25.499975 -4.999995 51.000000
v -26.499975 32.000004 14.999994
v -26.499975 -4.999995 52.000000
v -25.499975 36.000000 15.000001
v -25.499975 0.000000 51.000000
v -26.499975 37.000011 14.999994
v -26.499975 0.000000 52.000000
v -25.499975 40.999996 15.000007
v -25.499975 5.000007 51.000000
v -26.499975 42.000008 14.999994
v -26.499975 5.000007 52.000000
v -25.499975 45.999992 15.000007
v -25.499975 10.000002 51.000000
v -26.499975 46.000004 15.999993
v -26.499975 10.000002 52.000000
v -25.499975 46.000011 19.999990
v -25.499975 15.000010 51.000000
v -26.499975 46.000011 20.999989
v -26.499975 15.000010 52.000000
v -25.499975 45.999996 25.000015
v -25.499975 20.000004 51.000000
v -26.499975 45.999996 26.000013
v -26.499975 20.000004 52.000000
v -25.499975 46.000004 30.000004
v -25.499975 25.000000 51.000000
v -26.499975 46.000004 31.000004
v -26.499975 25.000000 52.000000
v -25.499975 45.999992 35.000011
v -25.499975 30.000008 51.000000
v -26.499975 45.999992 36.000011
v -26.499975 30.000008 52.000000
v -25.499975 45.999996 40.000008
v -25.499975 35.000015 51.000000
v -26.499975 45.999996 41.000004
v -26.499975 35.000015 52.000000
v -25.499975 45.999992 45.000015
v -25.499975 40.000008 51.000000
v -26.499975 45.999992 46.000011
v -26.499975 40.000008 52.000000
v -26.499975 9.999985 14.999989
v -26.499975 45.999992 51.000000
v -25.499975 8.999991 14.999994
v -25.499975 45.999992 52.000000
v -26.499975 4.999983 14.999989
v -26.499975 40.999996 51.000000
v -25.499975 3.999990 14.999994
v -25.499975 40.999996 52.000000
v -26.499975 -0.000018 14.999989
v -26.499975 35.999989 51.000000
v -25.499975 -1.000011 14.999994
v -25.499975 35.999989 52.000000
v -26.499975 -5.000025 14.999989
v -26.499975 30.999994 51.000000
v -25.499975 -6.000018 14.999994
v -25.499975 30.999994 52.000000
v -26.499975 -10.000020 14.999989
v -26.499975 25.999992 51.000000
v -25.499975 -11.000013 14.999994
v -25.499975 25.999992 52.000000
v -26.499975 -15.000015 14.999989
v -26.499975 20.999992 51.000000
v -25.499975 -16.000008 14.999994
v -25.499975 20.999992 52.000000
v -26.499975 -20.000011 14.999989
v -26.499975 15.999996 51.000000
v -25.499975 -21.000004 14.999994
v -25.499975 15.999996 52.000000
v -26.499975 -25.000006 14.999989
v -26.499975 10.999995 51.000000
v -25.499975 -26.000000 14.999994
v -25.499975 10.999995 52.000000
v -26.499975 -30.000019 14.999983
v -26.499975 5.999994 51.000000
v -25.499975 -31.000006 14.999994
v -25.499975 5.999994 52.000000
v -26.499975 -35.000027 14.999983
v -26.499975 0.999999 51.000000
v -25.499975 -36.000015 14.999994
v -25.499975 0.999999 52.000000
v -26.499975 -40.000023 14.999983
v -26.499975 -4.000008 51.000000
v -25.499975 -41.000008 14.999994
v -25.499975 -4.000008 52.000000
v -26.499975 -45.000023 14.999977
v -26.499975 -9.000004 51.000000
v -25.499975 -46.000004 14.999994
v -25.499975 -9.000004 52.000000
v -26.499975 -45.999989 19.000010
v -26.499975 -14.000010 51.000000
v -25.499975 -45.999989 20.000008
v -25.499975 -14.000010 52.000000
v -26.499975 -45.999989 24.000021
v -26.499975 -19.000006 51.000000
v -25.499975 -45.999989 25.000021
v -25.499975 -19.000006 52.000000
v -26.499975 -45.999996 29.000011
v -26.499975 -24.000000 51.000000
v -25.499975 -45.999992 30.000010
v -25.499975 -24.000000 52.000000
v -26.499975 -45.999996 34.000008
v -26.499975 -29.000008 51.000000
v -25.499975 -46.000004 35.000000
v -25.499975 -29.000008 52.000000
v -26.499975 -46.000000 39.000008
v -26.499975 -34.000015 51.000000
v -25.499975 -46.000000 40.000008
v -25.499975 -34.000015 52.000000
v -26.499975 -46.000011 43.999996
v -26.499975 -39.000011 51.000000
v -25.499975 -46.000011 44.999996
v -25.499975 -39.000011 52.000000
v -25.499975 45.999992 34.999989
v -25.499975 25.999987 14.999994
v -25.499975 36.999996 51.000000
v -25.499975 0.999999 14.999994
v -25.499975 -38.999981 14.999983
v -25.499975 -45.999992 21.999994
v -25.499975 12.000000 51.000000
v -25.499975 -24.000013 14.999983
v -25.499975 -13.999990 14.999994
v -25.499975 -46.000004 47.000008
v -25.499975 -13.000000 51.000000
v -25.499975 -45.999992 18.000004
v -25.499975 -38.000011 51.000000
v -25.499975 -46.000004 43.000004
v -26.499975 24.999994 15.000001
v -26.499975 45.999985 35.999985
v -26.499975 -32.999992 14.999994
v -26.499975 -45.999992 27.999994
v -26.499975 -46.000004 41.000004
v -26.499975 -19.999992 14.999994
v -26.499975 -30.999994 51.000000
v -26.499975 5.000019 14.999994
v -26.499975 -6.000000 51.000000
v -26.499975 29.999983 15.000007
v -26.499975 19.000006 51.000000
v -26.499975 46.000004 24.000010
v -25.499975 18.999994 14.999994
v -25.499975 45.999985 41.999989
v -25.499975 45.999992 29.999992
v -25.499975 31.000000 15.000001
v -25.499975 41.999996 51.000000
v -25.499975 5.999982 14.999994
v -25.499975 16.999996 51.000000
v -25.499975 -19.000017 14.999983
v -25.499975 -18.999989 14.999989
v -25.499975 -46.000008 42.000004
v -25.499975 -33.000004 51.000000
v -25.499975 -46.000004 37.999996
v -25.499975 -8.000004 51.000000
v -25.499975 -44.000019 14.999983
v -26.499975 29.999989 14.999989
v -26.499975 45.999992 30.999990
v -26.499975 -37.999992 14.999994
v -26.499975 -45.999992 22.999992
v -26.499975 -12.999993 14.999994
v -26.499975 -46.000008 48.000011
v -26.499975 -46.000004 36.000011
v -26.499975 -24.999983 14.999989
v -26.499975 -35.999996 51.000000
v -26.499975 0.000000 14.999994
v -26.499975 -11.000002 51.000000
v -26.499975 25.000000 14.999994
v -26.499975 13.999998 51.000000
v -26.499975 46.000004 18.999990
v -25.499975 23.999989 14.999994
v -25.499975 45.999981 36.999981
v -26.499975 39.000011 51.000000
v -26.499975 45.999992 44.000015
v -25.499975 45.999992 24.999996
v -25.499975 36.000000 15.000007
v -25.499975 45.999981 49.999973
v -25.499975 10.999995 14.999994
v -25.499975 21.999990 51.000000
v -25.499975 -14.000023 14.999983
v -25.499975 -23.999983 14.999989
v -25.499975 -46.000004 37.000004
v -25.499975 -2.999997 51.000000
v -25.499975 -39.000019 14.999983
v -25.499975 -28.000010 51.000000
v -25.499975 -46.000004 33.000000
v -26.499975 34.999996 15.000001
v -26.499975 45.999996 26.000002
v -26.499975 -17.999994 14.999994
v -26.499975 -46.000011 43.000011
v -26.499975 -45.999996 30.999998
v -26.499975 -29.999989 14.999989
v -26.499975 -40.999996 51.000000
v -26.499975 -4.999995 15.000001
v -26.499975 -15.999996 51.000000
v -26.499975 20.000004 14.999994
v -26.499975 9.000004 51.000000
v -26.499975 44.999992 15.000007
v -25.499975 28.999996 14.999994
v -25.499975 45.999992 31.999990
v -26.499975 34.000004 51.000000
v -26.499975 46.000004 38.999996
v -25.499975 46.000004 20.000002
v -25.499975 40.999996 14.999994
v -25.499975 45.999985 44.999985
v -25.499975 15.999996 14.999994
v -25.499975 26.999998 51.000000
v -25.499975 -9.000015 14.999994
v -25.499975 -28.999990 14.999989
v -25.499975 -45.999992 31.999990
v -25.499975 1.999998 51.000000
v -25.499975 -34.000023 14.999989
v -25.499975 -23.000002 51.000000
v -25.499975 -45.999996 28.000006
v -26.499975 39.999996 15.000001
v -26.499975 46.000004 21.000008
v -26.499975 14.999986 14.999989
v -26.499975 45.999981 45.999977
v -26.499975 -22.999990 14.999994
v -26.499975 -46.000011 38.000008
v -26.499975 -45.999996 25.999996
v -26.499975 -34.999977 14.999983
v -26.499975 -45.999996 51.000000
v -26.499975 -9.999993 14.999994
v -26.499975 -20.999992 51.000000
v -26.499975 15.000010 14.999994
v -26.499975 3.999996 51.000000
v -26.499975 39.999992 15.000012
v -25.499975 33.999992 14.999994
v -25.499975 45.999996 26.999994
v -26.499975 29.000008 51.000000
v -26.499975 45.999992 34.000011
v -25.499975 45.999996 40.000000
v -25.499975 20.999992 14.999994
v -25.499975 31.999992 51.000000
v -25.499975 -4.000020 14.999994
v -25.499975 -33.999985 14.999989
v -25.499975 -45.999992 26.999994
v -25.499975 6.999999 51.000000
v -25.499975 -29.000008 14.999983
v -25.499975 -18.000008 51.000000
v -25.499975 -45.999992 23.000023
v -26.499975 19.999998 15.000001
v -26.499975 45.999985 40.999989
v -26.499975 -27.999996 14.999994
v -26.499975 -45.999996 32.999989
v -26.499975 -45.999992 20.999989
v -26.499975 -39.999985 14.999983
v -26.499975 -46.000008 46.000008
v -26.499975 -14.999991 14.999994
v -26.499975 -26.000000 51.000000
v -26.499975 10.000014 14.999994
v -26.499975 -0.999999 51.000000
v -26.499975 35.000004 15.000007
v -25.499975 38.999992 14.999994
v -25.499975 46.000004 22.000000
v -26.499975 24.000000 51.000000
v -26.499975 45.999992 29.000011
v -25.499975 13.999992 14.999994
v -25.499975 45.999985 46.999981
vt 0.658203 0.791992
vt 0.673828 0.791504
vt 0.673828 0.791992
vt 0.658203 0.791992
vt 0.673828 0.791504
vt 0.673828 0.791992
vt 0.658203 0.791992
vt 0.673828 0.791504
vt 0.673828 0.791992
vt 0.658203 0.791992
vt 0.673828 0.791504
vt 0.673828 0.791992
vt 0.673828 0.782715
vt 0.658203 0.782715
vt 0.658203 0.782715
vt 0.673828 0.782715
vt 0.658203 0.782715
vt 0.673828 0.782715
vt 0.673828 0.782715
vt 0.658203 0.782715
vt 0.673828 0.782715
vt 0.673828 0.782715
vt 0.658203 0.782715
vt 0.658203 0.782715
vt 0.673828 0.782715
vt 0.658203 0.791992
vt 0.658203 0.782715
vt 0.031250 0.541016
vt 0.333984 0.551758
vt 0.341797 0.541016
vt 0.031250 0.551758
vt 0.333984 0.541016
vt 0.031250 0.541016
vt 0.031250 0.541016
vt 0.333984 0.551758
vt 0.341797 0.541016
vt 0.031250 0.551758
vt 0.333984 0.541016
vt 0.031250 0.541016
vt 0.031250 0.551758
vt 0.341797 0.541016
vt 0.031250 0.541016
vt 0.031250 0.551758
vt 0.333984 0.541016
vt 0.031250 0.541016
vt 0.031250 0.551758
vt 0.341797 0.541016
vt 0.031250 0.541016
vt 0.031250 0.551758
vt 0.333984 0.541016
vt 0.031250 0.541016
vt 0.031250 0.551758
vt 0.341797 0.541016
vt 0.031250 0.541016
vt 0.031250 0.551758
vt 0.333984 0.541016
vt 0.031250 0.541016
vt 0.031250 0.551758
vt 0.341797 0.541016
vt 0.031250 0.541016
vt 0.031250 0.551758
vt 0.333984 0.541016
vt 0.031250 0.541016
vt 0.031250 0.541016
vt 0.333984 0.551758
vt 0.341797 0.541016
vt 0.031250 0.551758
vt 0.333984 0.541016
vt 0.031250 0.541016
vt 0.031250 0.551758
vt 0.341797 0.541016
vt 0.031250 0.541016
vt 0.031250 0.551758
vt 0.333984 0.541016
vt 0.031250 0.541016
vt 0.031250 0.551758
vt 0.341797 0.541016
vt 0.031250 0.541016
vt 0.031250 0.551758
vt 0.333984 0.541016
vt 0.031250 0.541016
vt 0.031250 0.551758
vt 0.341797 0.541016
vt 0.031250 0.541016
vt 0.031250 0.551758
vt 0.333984 0.541016
vt 0.031250 0.541016
vt 0.031250 0.541016
vt 0.333984 0.551758
vt 0.341797 0.541016
vt 0.031250 0.551758
vt 0.333984 0.541016
vt 0.031250 0.541016
vt 0.031250 0.551758
vt 0.333984 0.541016
vt 0.031250 0.541016
vt 0.333984 0.551758
vt 0.333984 0.541016
vt 0.031250 0.541016
vt 0.031250 0.551758
vt 0.291016 0.541016
vt 0.031250 0.541016
vt 0.291016 0.551758
vt 0.031250 0.541016
vt 0.031250 0.551758
vt 0.031250 0.551758
vt 0.250000 0.541016
vt 0.031250 0.541016
vt 0.250000 0.551758
vt 0.031250 0.541016
vt 0.031250 0.551758
vt 0.031250 0.551758
vt 0.207031 0.541016
vt 0.031250 0.541016
vt 0.207031 0.551758
vt 0.031250 0.541016
vt 0.031250 0.551758
vt 0.031250 0.551758
vt 0.166016 0.541016
vt 0.031250 0.541016
vt 0.166016 0.551758
vt 0.031250 0.541016
vt 0.031250 0.551758
vt 0.031250 0.551758
vt 0.123047 0.541016
vt 0.031250 0.541016
vt 0.123047 0.551758
vt 0.031250 0.541016
vt 0.031250 0.551758
vt 0.031250 0.551758
vt 0.082031 0.541016
vt 0.031250 0.541016
vt 0.082031 0.551758
vt 0.031250 0.541016
vt 0.031250 0.551758
vt 0.031250 0.551758
vt 0.039062 0.541016
vt 0.031250 0.541016
vt 0.039062 0.551758
vt 0.031250 0.541016
vt 0.031250 0.551758
vt 0.031250 0.551758
vt 0.341797 0.541016
vt 0.031250 0.541016
vt 0.031250 0.541016
vt 0.333984 0.551758
vt 0.341797 0.541016
vt 0.031250 0.551758
vt 0.333984 0.541016
vt 0.031250 0.541016
vt 0.031250 0.551758
vt 0.341797 0.541016
vt 0.031250 0.541016
vt 0.031250 0.551758
vt 0.333984 0.541016
vt 0.031250 0.541016
vt 0.031250 0.541016
vt 0.333984 0.551758
vt 0.341797 0.541016
vt 0.031250 0.551758
vt 0.333984 0.541016
vt 0.031250 0.541016
vt 0.031250 0.551758
vt 0.341797 0.541016
vt 0.031250 0.541016
vt 0.031250 0.551758
vt 0.333984 0.541016
vt 0.031250 0.541016
vt 0.031250 0.551758
vt 0.341797 0.541016
vt 0.031250 0.541016
vt 0.031250 0.551758
vt 0.333984 0.541016
vt 0.031250 0.541016
vt 0.031250 0.541016
vt 0.333984 0.551758
vt 0.341797 0.541016
vt 0.031250 0.551758
vt 0.333984 0.541016
vt 0.031250 0.541016
vt 0.031250 0.551758
vt 0.341797 0.541016
vt 0.031250 0.541016
vt 0.031250 0.551758
vt 0.333984 0.541016
vt 0.031250 0.541016
vt 0.031250 0.551758
vt 0.341797 0.541016
vt 0.031250 0.541016
vt 0.031250 0.551758
vt 0.333984 0.541016
vt 0.031250 0.541016
vt 0.031250 0.541016
vt 0.333984 0.551758
vt 0.341797 0.541016
vt 0.031250 0.551758
vt 0.333984 0.541016
vt 0.031250 0.541016
vt 0.031250 0.551758
vt 0.341797 0.541016
vt 0.031250 0.541016
vt 0.031250 0.551758
vt 0.333984 0.541016
vt 0.031250 0.541016
vt 0.031250 0.541016
vt 0.333984 0.551758
vt 0.341797 0.541016
vt 0.031250 0.551758
vt 0.333984 0.541016
vt 0.031250 0.541016
vt 0.031250 0.551758
vt 0.300781 0.541016
vt 0.031250 0.541016
vt 0.300781 0.551758
vt 0.031250 0.541016
vt 0.031250 0.551758
vt 0.031250 0.551758
vt 0.257812 0.541016
vt 0.031250 0.541016
vt 0.257812 0.551758
vt 0.031250 0.541016
vt 0.031250 0.551758
vt 0.031250 0.551758
vt 0.216797 0.541016
vt 0.031250 0.541016
vt 0.216797 0.551758
vt 0.031250 0.541016
vt 0.031250 0.551758
vt 0.031250 0.551758
vt 0.173828 0.541016
vt 0.031250 0.541016
vt 0.173828 0.551758
vt 0.031250 0.541016
vt 0.031250 0.551758
vt 0.031250 0.551758
vt 0.132812 0.541016
vt 0.031250 0.541016
vt 0.132812 0.551758
vt 0.031250 0.541016
vt 0.031250 0.551758
vt 0.031250 0.551758
vt 0.089844 0.541016
vt 0.031250 0.541016
vt 0.089844 0.551758
vt 0.031250 0.541016
vt 0.031250 0.551758
vt 0.031250 0.551758
vt 0.048828 0.541016
vt 0.031250 0.541016
vt 0.048828 0.551758
vt 0.031250 0.541016
vt 0.031250 0.551758
vt 0.031250 0.551758
vt 0.333984 0.541016
vt 0.333984 0.551758
vt 0.031250 0.551758
vt 0.333984 0.541016
vt 0.333984 0.551758
vt 0.148438 0.551758
vt 0.341797 0.541016
vt 0.148438 0.541016
vt 0.333984 0.551758
vt 0.123047 0.541016
vt 0.333984 0.541016
vt 0.031250 0.551758
vt 0.333984 0.541016
vt 0.333984 0.551758
vt 0.275391 0.551758
vt 0.341797 0.541016
vt 0.275391 0.541016
vt 0.240234 0.551758
vt 0.333984 0.541016
vt 0.333984 0.551758
vt 0.031250 0.551758
vt 0.333984 0.541016
vt 0.333984 0.551758
vt 0.031250 0.551758
vt 0.056641 0.541016
vt 0.048828 0.551758
vt 0.107422 0.551758
vt 0.333984 0.541016
vt 0.333984 0.551758
vt 0.039062 0.541016
vt 0.341797 0.551758
vt 0.333984 0.541016
vt 0.173828 0.551758
vt 0.031250 0.541016
vt 0.181641 0.541016
vt 0.232422 0.551758
vt 0.333984 0.541016
vt 0.333984 0.551758
vt 0.156250 0.551758
vt 0.333984 0.541016
vt 0.166016 0.541016
vt 0.300781 0.551758
vt 0.031250 0.541016
vt 0.308594 0.541016
vt 0.039062 0.551758
vt 0.031250 0.541016
vt 0.048828 0.541016
vt 0.341797 0.551758
vt 0.291016 0.541016
vt 0.283203 0.551758
vt 0.031250 0.551758
vt 0.333984 0.541016
vt 0.333984 0.551758
vt 0.166016 0.551758
vt 0.031250 0.541016
vt 0.173828 0.541016
vt 0.341797 0.551758
vt 0.156250 0.541016
vt 0.148438 0.551758
vt 0.333984 0.551758
vt 0.072266 0.541016
vt 0.072266 0.551758
vt 0.031250 0.551758
vt 0.333984 0.541016
vt 0.333984 0.551758
vt 0.031250 0.551758
vt 0.300781 0.541016
vt 0.291016 0.551758
vt 0.341797 0.551758
vt 0.283203 0.541016
vt 0.275391 0.551758
vt 0.333984 0.551758
vt 0.199219 0.541016
vt 0.199219 0.551758
vt 0.031250 0.551758
vt 0.333984 0.541016
vt 0.333984 0.551758
vt 0.031250 0.551758
vt 0.333984 0.541016
vt 0.333984 0.551758
vt 0.333984 0.551758
vt 0.064453 0.541016
vt 0.064453 0.551758
vt 0.031250 0.551758
vt 0.333984 0.541016
vt 0.333984 0.551758
vt 0.031250 0.551758
vt 0.333984 0.541016
vt 0.333984 0.551758
vt 0.191406 0.551758
vt 0.341797 0.541016
vt 0.191406 0.541016
vt 0.156250 0.551758
vt 0.333984 0.541016
vt 0.333984 0.551758
vt 0.031250 0.551758
vt 0.333984 0.541016
vt 0.333984 0.551758
vt 0.316406 0.551758
vt 0.341797 0.541016
vt 0.316406 0.541016
vt 0.283203 0.551758
vt 0.333984 0.541016
vt 0.333984 0.551758
vt 0.031250 0.551758
vt 0.333984 0.541016
vt 0.333984 0.551758
vt 0.031250 0.551758
vt 0.097656 0.541016
vt 0.089844 0.551758
vt 0.333984 0.551758
vt 0.156250 0.541016
vt 0.333984 0.541016
vt 0.341797 0.551758
vt 0.082031 0.541016
vt 0.072266 0.551758
vt 0.216797 0.551758
vt 0.031250 0.541016
vt 0.224609 0.541016
vt 0.275391 0.551758
vt 0.333984 0.541016
vt 0.333984 0.551758
vt 0.199219 0.551758
vt 0.333984 0.541016
vt 0.207031 0.541016
vt 0.031250 0.551758
vt 0.333984 0.541016
vt 0.333984 0.551758
vt 0.031250 0.551758
vt 0.089844 0.541016
vt 0.082031 0.551758
vt 0.064453 0.551758
vt 0.333984 0.541016
vt 0.072266 0.541016
vt 0.031250 0.551758
vt 0.333984 0.541016
vt 0.333984 0.551758
vt 0.031250 0.551758
vt 0.216797 0.541016
vt 0.207031 0.551758
vt 0.341797 0.551758
vt 0.199219 0.541016
vt 0.191406 0.551758
vt 0.333984 0.551758
vt 0.115234 0.541016
vt 0.115234 0.551758
vt 0.031250 0.551758
vt 0.333984 0.541016
vt 0.333984 0.551758
vt 0.031250 0.551758
vt 0.333984 0.541016
vt 0.333984 0.551758
vt 0.341797 0.551758
vt 0.324219 0.541016
vt 0.316406 0.551758
vt 0.333984 0.551758
vt 0.240234 0.541016
vt 0.240234 0.551758
vt 0.031250 0.551758
vt 0.333984 0.541016
vt 0.333984 0.551758
vt 0.031250 0.551758
vt 0.333984 0.541016
vt 0.333984 0.551758
vt 0.333984 0.551758
vt 0.107422 0.541016
vt 0.107422 0.551758
vt 0.072266 0.551758
vt 0.333984 0.541016
vt 0.333984 0.551758
vt 0.031250 0.551758
vt 0.333984 0.541016
vt 0.333984 0.551758
vt 0.232422 0.551758
vt 0.341797 0.541016
vt 0.232422 0.541016
vt 0.199219 0.551758
vt 0.333984 0.541016
vt 0.333984 0.551758
vt 0.031250 0.551758
vt 0.333984 0.541016
vt 0.333984 0.551758
vt 0.064453 0.551758
vt 0.333984 0.541016
vt 0.333984 0.551758
vt 0.132812 0.551758
vt 0.031250 0.541016
vt 0.140625 0.541016
vt 0.191406 0.551758
vt 0.333984 0.541016
vt 0.333984 0.551758
vt 0.115234 0.551758
vt 0.333984 0.541016
vt 0.123047 0.541016
vt 0.031250 0.551758
vt 0.265625 0.541016
vt 0.257812 0.551758
vt 0.333984 0.551758
vt 0.324219 0.541016
vt 0.333984 0.541016
vt 0.240234 0.551758
vt 0.333984 0.541016
vt 0.250000 0.541016
vt 0.031250 0.551758
vt 0.333984 0.541016
vt 0.333984 0.551758
vt 0.123047 0.551758
vt 0.031250 0.541016
vt 0.132812 0.541016
vt 0.341797 0.551758
vt 0.115234 0.541016
vt 0.107422 0.551758
vt 0.031250 0.551758
vt 0.333984 0.541016
vt 0.333984 0.551758
vt 0.250000 0.551758
vt 0.031250 0.541016
vt 0.257812 0.541016
vt 0.341797 0.551758
vt 0.240234 0.541016
vt 0.232422 0.551758
vt 0.333984 0.551758
vt 0.156250 0.541016
vt 0.156250 0.551758
vt 0.031250 0.551758
vt 0.333984 0.541016
vt 0.333984 0.551758
vt 0.031250 0.551758
vt 0.333984 0.541016
vt 0.333984 0.551758
vt 0.333984 0.551758
vt 0.283203 0.541016
vt 0.283203 0.551758
vt 0.658203 0.782715
vt 0.673828 0.791992
vt 0.673828 0.782715
vt 0.658203 0.782715
vt 0.673828 0.791992
vt 0.658203 0.791992
vt 0.658203 0.782715
vt 0.673828 0.791992
vt 0.673828 0.782715
vt 0.658203 0.782715
vt 0.673828 0.791992
vt 0.658203 0.791992
vt 0.658203 0.782715
vt 0.673828 0.791992
vt 0.673828 0.782715
vt 0.658203 0.782715
vt 0.673828 0.791992
vt 0.658203 0.791992
vt 0.658203 0.782715
vt 0.673828 0.791992
vt 0.673828 0.782715
vt 0.658203 0.791992
vt 0.673828 0.791504
vt 0.673828 0.791992
vt 0.658203 0.791992
vt 0.673828 0.791504
vt 0.673828 0.791992
vt 0.658203 0.791992
vt 0.673828 0.791504
vt 0.673828 0.791992
vt 0.658203 0.791992
vt 0.673828 0.791504
vt 0.673828 0.791992
vt 0.673828 0.782715
vt 0.658203 0.782715
vt 0.658203 0.782715
vt 0.673828 0.782715
vt 0.658203 0.782715
vt 0.673828 0.782715
vt 0.673828 0.782715
vt 0.658203 0.782715
vt 0.673828 0.782715
vt 0.673828 0.782715
vt 0.658203 0.782715
vt 0.658203 0.782715
vt 0.031250 0.541016
vt 0.333984 0.551758
vt 0.341797 0.541016
vt 0.031250 0.551758
vt 0.333984 0.541016
vt 0.031250 0.541016
vt 0.031250 0.541016
vt 0.333984 0.551758
vt 0.341797 0.541016
vt 0.031250 0.551758
vt 0.333984 0.541016
vt 0.031250 0.541016
vt 0.031250 0.551758
vt 0.341797 0.541016
vt 0.031250 0.541016
vt 0.031250 0.551758
vt 0.333984 0.541016
vt 0.031250 0.541016
vt 0.031250 0.541016
vt 0.333984 0.551758
vt 0.341797 0.541016
vt 0.031250 0.551758
vt 0.333984 0.541016
vt 0.031250 0.541016
vt 0.031250 0.551758
vt 0.341797 0.541016
vt 0.031250 0.541016
vt 0.031250 0.551758
vt 0.333984 0.541016
vt 0.031250 0.541016
vt 0.031250 0.541016
vt 0.333984 0.551758
vt 0.341797 0.541016
vt 0.031250 0.551758
vt 0.333984 0.541016
vt 0.031250 0.541016
vt 0.031250 0.541016
vt 0.333984 0.551758
vt 0.341797 0.541016
vt 0.031250 0.551758
vt 0.333984 0.541016
vt 0.031250 0.541016
vt 0.031250 0.551758
vt 0.341797 0.541016
vt 0.031250 0.541016
vt 0.031250 0.551758
vt 0.333984 0.541016
vt 0.031250 0.541016
vt 0.031250 0.541016
vt 0.333984 0.551758
vt 0.341797 0.541016
vt 0.031250 0.551758
vt 0.333984 0.541016
vt 0.031250 0.541016
vt 0.031250 0.551758
vt 0.341797 0.541016
vt 0.031250 0.541016
vt 0.031250 0.551758
vt 0.333984 0.541016
vt 0.031250 0.541016
vt 0.031250 0.541016
vt 0.333984 0.551758
vt 0.341797 0.541016
vt 0.031250 0.551758
vt 0.333984 0.541016
vt 0.031250 0.541016
vt 0.031250 0.551758
vt 0.333984 0.541016
vt 0.031250 0.541016
vt 0.333984 0.551758
vt 0.333984 0.541016
vt 0.031250 0.541016
vt 0.031250 0.551758
vt 0.291016 0.541016
vt 0.031250 0.541016
vt 0.291016 0.551758
vt 0.031250 0.541016
vt 0.031250 0.551758
vt 0.031250 0.551758
vt 0.250000 0.541016
vt 0.031250 0.541016
vt 0.250000 0.551758
vt 0.031250 0.541016
vt 0.031250 0.551758
vt 0.031250 0.551758
vt 0.207031 0.541016
vt 0.031250 0.541016
vt 0.207031 0.551758
vt 0.031250 0.541016
vt 0.031250 0.551758
vt 0.031250 0.551758
vt 0.166016 0.541016
vt 0.031250 0.541016
vt 0.166016 0.551758
vt 0.031250 0.541016
vt 0.031250 0.551758
vt 0.031250 0.551758
vt 0.123047 0.541016
vt 0.031250 0.541016
vt 0.123047 0.551758
vt 0.031250 0.541016
vt 0.031250 0.551758
vt 0.031250 0.551758
vt 0.082031 0.541016
vt 0.031250 0.541016
vt 0.082031 0.551758
vt 0.031250 0.541016
vt 0.031250 0.551758
vt 0.031250 0.541016
vt 0.333984 0.551758
vt 0.341797 0.541016
vt 0.031250 0.551758
vt 0.341797 0.541016
vt 0.031250 0.541016
vt 0.031250 0.551758
vt 0.333984 0.541016
vt 0.031250 0.541016
vt 0.031250 0.551758
vt 0.341797 0.541016
vt 0.031250 0.541016
vt 0.031250 0.551758
vt 0.333984 0.541016
vt 0.031250 0.541016
vt 0.031250 0.541016
vt 0.333984 0.551758
vt 0.341797 0.541016
vt 0.031250 0.551758
vt 0.333984 0.541016
vt 0.031250 0.541016
vt 0.031250 0.551758
vt 0.341797 0.541016
vt 0.031250 0.541016
vt 0.031250 0.551758
vt 0.333984 0.541016
vt 0.031250 0.541016
vt 0.031250 0.541016
vt 0.333984 0.551758
vt 0.341797 0.541016
vt 0.031250 0.551758
vt 0.333984 0.541016
vt 0.031250 0.541016
vt 0.031250 0.551758
vt 0.341797 0.541016
vt 0.031250 0.541016
vt 0.031250 0.551758
vt 0.333984 0.541016
vt 0.031250 0.541016
vt 0.031250 0.541016
vt 0.333984 0.551758
vt 0.341797 0.541016
vt 0.031250 0.551758
vt 0.333984 0.541016
vt 0.031250 0.541016
vt 0.031250 0.551758
vt 0.341797 0.541016
vt 0.031250 0.541016
vt 0.031250 0.551758
vt 0.333984 0.541016
vt 0.031250 0.541016
vt 0.031250 0.541016
vt 0.333984 0.551758
vt 0.341797 0.541016
vt 0.031250 0.551758
vt 0.333984 0.541016
vt 0.031250 0.541016
vt 0.031250 0.551758
vt 0.341797 0.541016
vt 0.031250 0.541016
vt 0.031250 0.551758
vt 0.333984 0.541016
vt 0.031250 0.541016
vt 0.031250 0.551758
vt 0.341797 0.541016
vt 0.031250 0.541016
vt 0.031250 0.551758
vt 0.333984 0.541016
vt 0.031250 0.541016
vt 0.031250 0.551758
vt 0.300781 0.541016
vt 0.031250 0.541016
vt 0.300781 0.551758
vt 0.031250 0.541016
vt 0.031250 0.551758
vt 0.031250 0.551758
vt 0.257812 0.541016
vt 0.031250 0.541016
vt 0.257812 0.551758
vt 0.031250 0.541016
vt 0.031250 0.551758
vt 0.031250 0.551758
vt 0.216797 0.541016
vt 0.031250 0.541016
vt 0.216797 0.551758
vt 0.031250 0.541016
vt 0.031250 0.551758
vt 0.031250 0.551758
vt 0.173828 0.541016
vt 0.031250 0.541016
vt 0.173828 0.551758
vt 0.031250 0.541016
vt 0.031250 0.551758
vt 0.031250 0.551758
vt 0.132812 0.541016
vt 0.031250 0.541016
vt 0.132812 0.551758
vt 0.031250 0.541016
vt 0.031250 0.551758
vt 0.031250 0.551758
vt 0.089844 0.541016
vt 0.031250 0.541016
vt 0.089844 0.551758
vt 0.031250 0.541016
vt 0.031250 0.551758
vt 0.031250 0.551758
vt 0.333984 0.541016
vt 0.333984 0.551758
vt 0.031250 0.551758
vt 0.333984 0.541016
vt 0.333984 0.551758
vt 0.148438 0.551758
vt 0.341797 0.541016
vt 0.148438 0.541016
vt 0.115234 0.551758
vt 0.333984 0.541016
vt 0.333984 0.551758
vt 0.031250 0.551758
vt 0.333984 0.541016
vt 0.333984 0.551758
vt 0.275391 0.551758
vt 0.341797 0.541016
vt 0.275391 0.541016
vt 0.240234 0.551758
vt 0.333984 0.541016
vt 0.333984 0.551758
vt 0.031250 0.551758
vt 0.333984 0.541016
vt 0.333984 0.551758
vt 0.107422 0.551758
vt 0.333984 0.541016
vt 0.333984 0.551758
vt 0.031250 0.551758
vt 0.333984 0.541016
vt 0.039062 0.541016
vt 0.173828 0.551758
vt 0.031250 0.541016
vt 0.181641 0.541016
vt 0.232422 0.551758
vt 0.333984 0.541016
vt 0.333984 0.551758
vt 0.156250 0.551758
vt 0.333984 0.541016
vt 0.166016 0.541016
vt 0.031250 0.551758
vt 0.308594 0.541016
vt 0.300781 0.551758
vt 0.341797 0.551758
vt 0.291016 0.541016
vt 0.283203 0.551758
vt 0.031250 0.551758
vt 0.333984 0.541016
vt 0.333984 0.551758
vt 0.031250 0.551758
vt 0.173828 0.541016
vt 0.166016 0.551758
vt 0.341797 0.551758
vt 0.156250 0.541016
vt 0.148438 0.551758
vt 0.072266 0.551758
vt 0.341797 0.541016
vt 0.072266 0.541016
vt 0.031250 0.551758
vt 0.333984 0.541016
vt 0.333984 0.551758
vt 0.031250 0.551758
vt 0.300781 0.541016
vt 0.291016 0.551758
vt 0.341797 0.551758
vt 0.283203 0.541016
vt 0.275391 0.551758
vt 0.333984 0.551758
vt 0.199219 0.541016
vt 0.199219 0.551758
vt 0.031250 0.551758
vt 0.333984 0.541016
vt 0.333984 0.551758
vt 0.031250 0.551758
vt 0.333984 0.541016
vt 0.333984 0.551758
vt 0.333984 0.551758
vt 0.064453 0.541016
vt 0.064453 0.551758
vt 0.031250 0.551758
vt 0.333984 0.541016
vt 0.333984 0.551758
vt 0.031250 0.551758
vt 0.333984 0.541016
vt 0.333984 0.551758
vt 0.191406 0.551758
vt 0.341797 0.541016
vt 0.191406 0.541016
vt 0.156250 0.551758
vt 0.333984 0.541016
vt 0.333984 0.551758
vt 0.031250 0.551758
vt 0.333984 0.541016
vt 0.333984 0.551758
vt 0.333984 0.551758
vt 0.291016 0.541016
vt 0.333984 0.541016
vt 0.031250 0.551758
vt 0.333984 0.541016
vt 0.333984 0.551758
vt 0.031250 0.551758
vt 0.097656 0.541016
vt 0.089844 0.551758
vt 0.333984 0.551758
vt 0.156250 0.541016
vt 0.333984 0.541016
vt 0.341797 0.551758
vt 0.082031 0.541016
vt 0.072266 0.551758
vt 0.031250 0.551758
vt 0.224609 0.541016
vt 0.216797 0.551758
vt 0.275391 0.551758
vt 0.333984 0.541016
vt 0.333984 0.551758
vt 0.199219 0.551758
vt 0.333984 0.541016
vt 0.207031 0.541016
vt 0.031250 0.551758
vt 0.333984 0.541016
vt 0.333984 0.551758
vt 0.031250 0.551758
vt 0.089844 0.541016
vt 0.082031 0.551758
vt 0.064453 0.551758
vt 0.333984 0.541016
vt 0.072266 0.541016
vt 0.031250 0.551758
vt 0.333984 0.541016
vt 0.333984 0.551758
vt 0.031250 0.551758
vt 0.216797 0.541016
vt 0.207031 0.551758
vt 0.191406 0.551758
vt 0.333984 0.541016
vt 0.199219 0.541016
vt 0.115234 0.551758
vt 0.341797 0.541016
vt 0.115234 0.541016
vt 0.031250 0.551758
vt 0.333984 0.541016
vt 0.333984 0.551758
vt 0.031250 0.551758
vt 0.333984 0.541016
vt 0.333984 0.551758
vt 0.333984 0.551758
vt 0.240234 0.541016
vt 0.240234 0.551758
vt 0.031250 0.551758
vt 0.333984 0.541016
vt 0.333984 0.551758
vt 0.031250 0.551758
vt 0.333984 0.541016
vt 0.333984 0.551758
vt 0.107422 0.551758
vt 0.341797 0.541016
vt 0.107422 0.541016
vt 0.072266 0.551758
vt 0.333984 0.541016
vt 0.333984 0.551758
vt 0.031250 0.551758
vt 0.333984 0.541016
vt 0.333984 0.551758
vt 0.232422 0.551758
vt 0.341797 0.541016
vt 0.232422 0.541016
vt 0.199219 0.551758
vt 0.333984 0.541016
vt 0.333984 0.551758
vt 0.031250 0.551758
vt 0.333984 0.541016
vt 0.333984 0.551758
vt 0.064453 0.551758
vt 0.333984 0.541016
vt 0.333984 0.551758
vt 0.132812 0.551758
vt 0.031250 0.541016
vt 0.140625 0.541016
vt 0.333984 0.551758
vt 0.199219 0.541016
vt 0.333984 0.541016
vt 0.115234 0.551758
vt 0.333984 0.541016
vt 0.123047 0.541016
vt 0.031250 0.551758
vt 0.265625 0.541016
vt 0.257812 0.551758
vt 0.240234 0.551758
vt 0.333984 0.541016
vt 0.250000 0.541016
vt 0.031250 0.551758
vt 0.333984 0.541016
vt 0.333984 0.551758
vt 0.123047 0.551758
vt 0.031250 0.541016
vt 0.132812 0.541016
vt 0.341797 0.551758
vt 0.115234 0.541016
vt 0.107422 0.551758
vt 0.031250 0.551758
vt 0.333984 0.541016
vt 0.333984 0.551758
vt 0.250000 0.551758
vt 0.031250 0.541016
vt 0.257812 0.541016
vt 0.341797 0.551758
vt 0.240234 0.541016
vt 0.232422 0.551758
vt 0.333984 0.551758
vt 0.156250 0.541016
vt 0.156250 0.551758
vt 0.031250 0.551758
vt 0.333984 0.541016
vt 0.333984 0.551758
vt 0.031250 0.551758
vt 0.333984 0.541016
vt 0.333984 0.551758
vt 0.333984 0.551758
vt 0.283203 0.541016
vt 0.283203 0.551758
vt 0.656250 0.791504
vt 0.667969 0.791992
vt 0.667969 0.791504
vt 0.656250 0.791504
vt 0.667969 0.791992
vt 0.667969 0.791504
vt 0.658203 0.782715
vt 0.673828 0.791992
vt 0.658203 0.791992
vt 0.673828 0.782715
vt 0.658203 0.791992
vt 0.673828 0.791992
vt 0.658203 0.782715
vt 0.673828 0.791992
vt 0.658203 0.791992
vt 0.658203 0.782715
vt 0.673828 0.791992
vt 0.673828 0.782715
vt 0.658203 0.782715
vt 0.673828 0.791992
vt 0.658203 0.791992
vt 0.658203 0.782715
vt 0.673828 0.791992
vt 0.673828 0.782715
vt 0.658203 0.782715
vt 0.673828 0.791992
vt 0.658203 0.791992
vt 0.658203 0.782715
vt 0.673828 0.791992
vt 0.673828 0.782715
vt 0.667969 0.792480
vt 0.660156 0.771973
vt 0.656250 0.792480
vt 0.656250 0.791992
vt 0.667969 0.791992
vt 0.660156 0.771973
vt 0.667969 0.792480
vt 0.662109 0.768555
vt 0.656250 0.792480
vt 0.656250 0.791992
vt 0.667969 0.791992
vt 0.662109 0.768555
vt 0.658203 0.791504
vt 0.658203 0.791504
vt 0.658203 0.791504
vt 0.658203 0.791504
vt 0.673828 0.782715
vt 0.673828 0.782715
vt 0.673828 0.782715
vt 0.658203 0.782715
vt 0.673828 0.791992
vt 0.031250 0.551758
vt 0.341797 0.551758
vt 0.031250 0.551758
vt 0.341797 0.551758
vt 0.333984 0.551758
vt 0.341797 0.551758
vt 0.333984 0.551758
vt 0.341797 0.551758
vt 0.333984 0.551758
vt 0.341797 0.551758
vt 0.333984 0.551758
vt 0.341797 0.551758
vt 0.031250 0.551758
vt 0.341797 0.551758
vt 0.333984 0.551758
vt 0.341797 0.551758
vt 0.333984 0.551758
vt 0.341797 0.551758
vt 0.333984 0.551758
vt 0.341797 0.551758
vt 0.031250 0.551758
vt 0.341797 0.551758
vt 0.333984 0.551758
vt 0.031250 0.551758
vt 0.337891 0.546387
vt 0.291016 0.551758
vt 0.300781 0.541016
vt 0.250000 0.551758
vt 0.257812 0.541016
vt 0.207031 0.551758
vt 0.216797 0.541016
vt 0.166016 0.551758
vt 0.173828 0.541016
vt 0.123047 0.551758
vt 0.132812 0.541016
vt 0.082031 0.551758
vt 0.089844 0.541016
vt 0.039062 0.551758
vt 0.048828 0.541016
vt 0.333984 0.551758
vt 0.031250 0.551758
vt 0.341797 0.551758
vt 0.333984 0.551758
vt 0.341797 0.551758
vt 0.031250 0.551758
vt 0.341797 0.551758
vt 0.333984 0.551758
vt 0.341797 0.551758
vt 0.333984 0.551758
vt 0.341797 0.551758
vt 0.031250 0.551758
vt 0.341797 0.551758
vt 0.333984 0.551758
vt 0.341797 0.551758
vt 0.333984 0.551758
vt 0.341797 0.551758
vt 0.031250 0.551758
vt 0.341797 0.551758
vt 0.333984 0.551758
vt 0.341797 0.551758
vt 0.031250 0.551758
vt 0.341797 0.551758
vt 0.300781 0.551758
vt 0.308594 0.541016
vt 0.257812 0.551758
vt 0.265625 0.541016
vt 0.216797 0.551758
vt 0.224609 0.541016
vt 0.173828 0.551758
vt 0.181641 0.541016
vt 0.132812 0.551758
vt 0.140625 0.541016
vt 0.089844 0.551758
vt 0.097656 0.541016
vt 0.048828 0.551758
vt 0.056641 0.541016
vt 0.031250 0.541016
vt 0.031250 0.541016
vt 0.333984 0.551758
vt 0.115234 0.551758
vt 0.031250 0.541016
vt 0.333984 0.551758
vt 0.250000 0.541016
vt 0.031250 0.541016
vt 0.031250 0.541016
vt 0.115234 0.541016
vt 0.031250 0.551758
vt 0.031250 0.551758
vt 0.240234 0.541016
vt 0.341797 0.551758
vt 0.031250 0.551758
vt 0.031250 0.551758
vt 0.333984 0.541016
vt 0.031250 0.541016
vt 0.031250 0.551758
vt 0.333984 0.541016
vt 0.341797 0.541016
vt 0.031250 0.541016
vt 0.031250 0.541016
vt 0.333984 0.541016
vt 0.341797 0.541016
vt 0.031250 0.541016
vt 0.031250 0.541016
vt 0.341797 0.541016
vt 0.039062 0.541016
vt 0.031250 0.541016
vt 0.333984 0.551758
vt 0.166016 0.541016
vt 0.031250 0.541016
vt 0.333984 0.551758
vt 0.291016 0.541016
vt 0.031250 0.541016
vt 0.031250 0.541016
vt 0.148438 0.551758
vt 0.333984 0.541016
vt 0.031250 0.551758
vt 0.283203 0.541016
vt 0.341797 0.551758
vt 0.031250 0.541016
vt 0.031250 0.541016
vt 0.341797 0.551758
vt 0.031250 0.541016
vt 0.031250 0.541016
vt 0.333984 0.541016
vt 0.341797 0.541016
vt 0.031250 0.541016
vt 0.031250 0.541016
vt 0.333984 0.541016
vt 0.341797 0.541016
vt 0.031250 0.541016
vt 0.031250 0.541016
vt 0.341797 0.541016
vt 0.082031 0.541016
vt 0.031250 0.541016
vt 0.333984 0.551758
vt 0.207031 0.541016
vt 0.031250 0.541016
vt 0.072266 0.541016
vt 0.031250 0.551758
vt 0.199219 0.541016
vt 0.341797 0.551758
vt 0.031250 0.541016
vt 0.316406 0.551758
vt 0.341797 0.551758
vt 0.031250 0.541016
vt 0.031250 0.551758
vt 0.333984 0.541016
vt 0.031250 0.541016
vt 0.031250 0.551758
vt 0.333984 0.541016
vt 0.341797 0.541016
vt 0.031250 0.541016
vt 0.031250 0.541016
vt 0.341797 0.541016
vt 0.658203 0.791992
vt 0.673828 0.782715
vt 0.658203 0.791992
vt 0.673828 0.782715
vt 0.658203 0.791992
vt 0.673828 0.782715
vt 0.658203 0.791992
vt 0.658203 0.791504
vt 0.658203 0.791504
vt 0.658203 0.791504
vt 0.658203 0.791504
vt 0.673828 0.782715
vt 0.673828 0.782715
vt 0.673828 0.782715
vt 0.658203 0.782715
vt 0.031250 0.551758
vt 0.341797 0.551758
vt 0.031250 0.551758
vt 0.341797 0.551758
vt 0.333984 0.551758
vt 0.341797 0.551758
vt 0.031250 0.551758
vt 0.341797 0.551758
vt 0.333984 0.551758
vt 0.341797 0.551758
vt 0.031250 0.551758
vt 0.341797 0.551758
vt 0.031250 0.551758
vt 0.341797 0.551758
vt 0.333984 0.551758
vt 0.341797 0.551758
vt 0.031250 0.551758
vt 0.341797 0.551758
vt 0.333984 0.551758
vt 0.341797 0.551758
vt 0.031250 0.551758
vt 0.341797 0.551758
vt 0.333984 0.551758
vt 0.031250 0.551758
vt 0.337891 0.546387
vt 0.291016 0.551758
vt 0.300781 0.541016
vt 0.250000 0.551758
vt 0.257812 0.541016
vt 0.207031 0.551758
vt 0.216797 0.541016
vt 0.166016 0.551758
vt 0.173828 0.541016
vt 0.123047 0.551758
vt 0.132812 0.541016
vt 0.082031 0.551758
vt 0.089844 0.541016
vt 0.031250 0.551758
vt 0.333984 0.551758
vt 0.341797 0.551758
vt 0.333984 0.551758
vt 0.341797 0.551758
vt 0.031250 0.551758
vt 0.341797 0.551758
vt 0.333984 0.551758
vt 0.341797 0.551758
vt 0.031250 0.551758
vt 0.341797 0.551758
vt 0.333984 0.551758
vt 0.341797 0.551758
vt 0.031250 0.551758
vt 0.341797 0.551758
vt 0.333984 0.551758
vt 0.341797 0.551758
vt 0.031250 0.551758
vt 0.341797 0.551758
vt 0.333984 0.551758
vt 0.341797 0.551758
vt 0.333984 0.551758
vt 0.341797 0.551758
vt 0.300781 0.551758
vt 0.308594 0.541016
vt 0.257812 0.551758
vt 0.265625 0.541016
vt 0.216797 0.551758
vt 0.224609 0.541016
vt 0.173828 0.551758
vt 0.181641 0.541016
vt 0.132812 0.551758
vt 0.140625 0.541016
vt 0.089844 0.551758
vt 0.097656 0.541016
vt 0.031250 0.541016
vt 0.031250 0.541016
vt 0.333984 0.551758
vt 0.123047 0.541016
vt 0.031250 0.541016
vt 0.333984 0.551758
vt 0.250000 0.541016
vt 0.031250 0.541016
vt 0.115234 0.541016
vt 0.341797 0.551758
vt 0.031250 0.551758
vt 0.240234 0.541016
vt 0.341797 0.551758
vt 0.031250 0.541016
vt 0.333984 0.541016
vt 0.031250 0.541016
vt 0.031250 0.541016
vt 0.333984 0.541016
vt 0.333984 0.551758
vt 0.031250 0.541016
vt 0.031250 0.541016
vt 0.333984 0.541016
vt 0.341797 0.541016
vt 0.031250 0.541016
vt 0.031250 0.541016
vt 0.341797 0.541016
vt 0.039062 0.541016
vt 0.031250 0.541016
vt 0.333984 0.551758
vt 0.166016 0.541016
vt 0.031250 0.541016
vt 0.283203 0.551758
vt 0.031250 0.541016
vt 0.031250 0.541016
vt 0.148438 0.551758
vt 0.333984 0.541016
vt 0.031250 0.541016
vt 0.283203 0.541016
vt 0.341797 0.551758
vt 0.031250 0.541016
vt 0.031250 0.541016
vt 0.341797 0.551758
vt 0.031250 0.541016
vt 0.031250 0.541016
vt 0.341797 0.551758
vt 0.333984 0.551758
vt 0.031250 0.541016
vt 0.031250 0.541016
vt 0.341797 0.541016
vt 0.031250 0.541016
vt 0.031250 0.541016
vt 0.333984 0.551758
vt 0.082031 0.541016
vt 0.031250 0.541016
vt 0.333984 0.551758
vt 0.207031 0.541016
vt 0.031250 0.541016
vt 0.072266 0.541016
vt 0.031250 0.551758
vt 0.191406 0.551758
vt 0.341797 0.551758
vt 0.031250 0.541016
vt 0.341797 0.551758
vt 0.031250 0.541016
vt 0.031250 0.551758
vt 0.333984 0.541016
vt 0.031250 0.541016
vt 0.031250 0.551758
vt 0.333984 0.541016
vt 0.341797 0.541016
vt 0.031250 0.541016
vt 0.031250 0.541016
vt 0.341797 0.541016
vt 0.656250 0.791992
vt 0.656250 0.791992
vt 0.673828 0.782715
vt 0.658203 0.782715
vt 0.673828 0.782715
vt 0.658203 0.791992
vt 0.673828 0.782715
vt 0.658203 0.791992
vt 0.673828 0.782715
vt 0.658203 0.791992
vt -2.663841 0.780762
vt -0.000000 0.766113
vt 0.000000 0.780762
vt -2.663841 0.780762
vt -0.000000 0.766113
vt 0.000000 0.780762
vt 2.662109 0.766113
vt 0.000000 0.780762
vt -2.165630 0.843750
vt 0.000000 0.823242
vt 0.000000 0.843750
vt 2.165630 0.823243
vt 0.000000 0.843750
vt 0.000000 0.823242
vt 0.000000 0.843750
vt 2.165630 0.823243
vt 0.000000 0.823242
vt 0.000000 0.823242
vt -2.165630 0.843750
vt 0.000000 0.843750
vt 2.662109 0.766113
vt 0.000000 0.780762
vt 2.662109 0.766113
vt 0.000000 0.780762
vt -0.000000 0.766113
vt -2.165630 0.843750
vt 0.000000 0.823242
vt 0.000000 0.843750
vt 0.000000 0.843750
vt 2.165630 0.823243
vt 0.000000 0.823242
vt 2.662109 0.766113
vt 0.000000 0.780762
vt -0.000000 0.766113
vt 2.165630 0.823243
vt 0.000000 0.843750
vt -2.165630 0.843750
vt 0.000000 0.843750
vt -2.663841 0.780762
vt 0.000000 0.780762
vt -2.663841 0.780762
vt 0.000000 0.780762
vt -2.663841 0.780762
vt -0.000000 0.766113
vt 0.000000 0.780762
vt -2.663841 0.780762
vt -0.000000 0.766113
vt 0.000000 0.780762
vt 2.662109 0.766113
vt 0.000000 0.780762
vt -2.165630 0.843750
vt 0.000000 0.823242
vt 0.000000 0.843750
vt 2.165630 0.843750
vt 0.000000 0.843750
vt 0.000000 0.823242
vt 2.165630 0.843750
vt 2.165630 0.823243
vt -2.165630 0.843750
vt 0.000000 0.843750
vt 2.662109 0.766113
vt 0.000000 0.780762
vt -0.000000 0.766113
vt -2.663841 0.780762
vt 0.000000 0.780762
vt -0.000000 0.766113
vt -2.663841 0.780762
vt 0.000000 0.780762
vt 0.000000 0.780762
vt 2.662109 0.766113
vt 0.000000 0.823242
vt -2.165630 0.843750
vt 0.000000 0.843750
vt 0.000000 0.843750
vt 2.165630 0.823243
vt 0.000000 0.823242
vt 2.165630 0.823243
vt 0.000000 0.843750
vt 0.000000 0.823242
vt -2.165630 0.843750
vt 0.000000 0.823242
vt 0.000000 0.843750
vt 0.000000 0.780762
vt 2.662109 0.766113
vt 0.000000 0.780762
vt 2.662109 0.766113
vt -0.000000 0.766113
vt 0.000000 0.823242
vt -2.165630 0.843750
vt 0.000000 0.843750
vt 2.165630 0.823243
vt 0.000000 0.843750
vt 0.000000 0.823242
vt 0.000000 0.780762
vt 2.662109 0.766113
vt -0.000000 0.766113
vt 0.000000 0.843750
vt 2.165630 0.823243
vt -2.165630 0.843750
vt 0.000000 0.843750
vt -2.663841 0.780762
vt 0.000000 0.780762
vt -2.663841 0.780762
vt 0.000000 0.780762
vt -0.000000 0.766113
vt -2.663841 0.780762
vt 0.000000 0.780762
vt -0.000000 0.766113
vt -2.663841 0.780762
vt 0.000000 0.780762
vt 0.000000 0.780762
vt 2.662109 0.766113
vt 0.000000 0.823242
vt -2.165630 0.843750
vt 0.000000 0.843750
vt 2.165630 0.843750
vt 2.165630 0.823243
vt 0.000000 0.823242
vt 2.165630 0.843750
vt 0.000000 0.843750
vt -2.165630 0.843750
vt 0.000000 0.843750
vt 0.000000 0.780762
vt 2.662109 0.766113
vt -2.663841 0.780762
vt -0.000000 0.766113
vt 0.000000 0.780762
vt -2.663841 0.780762
vt -0.000000 0.766113
vt 0.000000 0.780762
vt 2.663841 0.780760
vt 0.000000 0.780762
vt -2.165630 0.843750
vt 0.000000 0.823242
vt 0.000000 0.843750
vt 2.165630 0.823243
vt 0.000000 0.843750
vt 0.000000 0.823242
vt 0.000000 0.843750
vt 2.165630 0.823243
vt 0.000000 0.823242
vt -2.165630 0.843750
vt 0.000000 0.843750
vt 2.662109 0.766113
vt 0.000000 0.780762
vt -0.000000 0.766113
vt 2.663841 0.780760
vt 0.000000 0.780762
vt -2.165630 0.843750
vt 0.000000 0.823242
vt 0.000000 0.843750
vt 0.000000 0.843750
vt 2.165630 0.823243
vt 0.000000 0.823242
vt 2.662109 0.766113
vt 0.000000 0.780762
vt -0.000000 0.766113
vt 2.165630 0.823243
vt 0.000000 0.843750
vt 0.000000 0.843750
vt -2.165630 0.823242
vt -2.165630 0.843750
vt -2.663841 0.780762
vt 0.000000 0.780762
vt -2.663841 0.780762
vt 0.000000 0.780762
vt -2.663841 0.780762
vt -0.000000 0.766113
vt 0.000000 0.780762
vt -2.663841 0.780762
vt -0.000000 0.766113
vt 0.000000 0.780762
vt 2.663841 0.780760
vt 0.000000 0.780762
vt -2.165630 0.843750
vt 0.000000 0.823242
vt 0.000000 0.843750
vt 2.165630 0.823243
vt 0.000000 0.843750
vt 0.000000 0.843750
vt 2.165630 0.823243
vt 0.000000 0.823242
vt -2.165630 0.843750
vt 0.000000 0.843750
vt 2.662109 0.766113
vt 0.000000 0.780762
vt 2.662109 0.766113
vt 0.000000 0.780762
vt -0.000000 0.766113
vt -2.165630 0.843750
vt 0.000000 0.823242
vt 0.000000 0.843750
vt 0.000000 0.843750
vt 2.165630 0.823243
vt 0.000000 0.823242
vt 2.662109 0.766113
vt 0.000000 0.780762
vt -0.000000 0.766113
vt 2.165630 0.823243
vt 0.000000 0.843750
vt -2.165630 0.843750
vt 0.000000 0.843750
vt -2.663841 0.780762
vt 0.000000 0.780762
vt -2.663841 0.780762
vt 0.000000 0.780762
vt 2.662109 0.766113
vt 0.000000 0.780762
vt -0.000000 0.766113
vt -2.165630 0.843750
vt 0.000000 0.823242
vt 0.000000 0.843750
vt 0.000000 0.843750
vt 2.165630 0.823243
vt 0.000000 0.823242
vt 2.662109 0.766113
vt 0.000000 0.780762
vt -0.000000 0.766113
vt 2.165630 0.823243
vt 0.000000 0.843750
vt -2.165630 0.843750
vt 0.000000 0.843750
vt -2.663841 0.780762
vt 0.000000 0.780762
vt -2.663841 0.780762
vt 0.000000 0.780762
vt 2.662109 0.766113
vt 0.000000 0.780762
vt -0.000000 0.766113
vt -2.165630 0.843750
vt 0.000000 0.823242
vt 0.000000 0.843750
vt 0.000000 0.843750
vt 2.165630 0.823243
vt 0.000000 0.823242
vt 2.662109 0.766113
vt 0.000000 0.780762
vt -0.000000 0.766113
vt 2.165630 0.823243
vt 0.000000 0.843750
vt -2.165630 0.843750
vt 0.000000 0.843750
vt -2.663841 0.780762
vt 0.000000 0.780762
vt -2.663841 0.780762
vt 0.000000 0.780762
vt 2.662109 0.766113
vt 0.000000 0.780762
vt -0.000000 0.766113
vt -2.165630 0.843750
vt 0.000000 0.823242
vt 0.000000 0.843750
vt 0.000000 0.843750
vt 2.165630 0.823243
vt 0.000000 0.823242
vt 2.662109 0.766113
vt 0.000000 0.780762
vt -0.000000 0.766113
vt 2.165630 0.823243
vt 0.000000 0.843750
vt -2.165630 0.843750
vt 0.000000 0.843750
vt -2.663841 0.780762
vt 0.000000 0.780762
vt -2.663841 0.780762
vt 0.000000 0.780762
vt 4.280673 1.766669
vt 3.257219 1.780440
vt 3.257219 1.766669
vt 3.099442 1.966171
vt 3.374476 1.966171
vt 2.003305 1.957898
vt 0.540872 1.908839
vt 1.847700 1.914599
vt 0.552206 1.914599
vt 2.669189 0.966379
vt 3.478262 0.951717
vt 3.478261 0.966380
vt 1.683588 0.966379
vt 0.928094 0.951719
vt 1.683586 0.951717
vt 1.983785 1.908839
vt 0.676961 1.914599
vt 0.665626 1.908839
vt -0.057505 0.966390
vt 0.928094 0.951719
vt 0.928098 0.966381
vt 0.000000 0.663574
vt 0.511719 0.745117
vt 0.000000 0.745117
vt 0.000000 0.663574
vt 0.511719 0.745117
vt 0.000000 0.745117
vt 0.845350 1.908840
vt 1.363235 1.914599
vt 0.855202 1.914599
vt 1.683586 0.951717
vt 2.669190 0.951717
vt 2.649316 0.966379
vt 1.503673 1.908840
vt 0.985788 1.914599
vt 0.975936 1.908840
vt 4.280673 1.766669
vt 3.257219 1.780440
vt 3.257219 1.766669
vt 3.099442 1.966171
vt 3.374476 1.966171
vt 2.003305 1.957898
vt 0.540872 1.908839
vt 1.847700 1.914599
vt 0.552206 1.914599
vt 3.478261 0.966380
vt 2.669190 0.951717
vt 3.478262 0.951717
vt 1.683588 0.966379
vt 0.928094 0.951719
vt 1.683586 0.951717
vt 1.983785 1.908839
vt 0.676961 1.914599
vt 0.665626 1.908839
vt -0.057505 0.966390
vt 0.928094 0.951719
vt 0.928098 0.966381
vt 0.000000 0.663574
vt 0.511719 0.745117
vt 0.000000 0.745117
vt 0.000000 0.663574
vt 0.511719 0.745117
vt 0.000000 0.745117
vt 0.845350 1.908840
vt 1.363235 1.914599
vt 0.855202 1.914599
vt 1.683586 0.951717
vt 2.669190 0.951717
vt 2.649316 0.966379
vt 1.503673 1.908840
vt 0.985788 1.914599
vt 0.975936 1.908840
vt 4.280673 1.766669
vt 3.257219 1.780440
vt 3.257219 1.766669
vt 3.099442 1.966171
vt 3.374476 1.966171
vt 2.003305 1.957898
vt 0.540872 1.908839
vt 1.847700 1.914599
vt 0.552206 1.914599
vt 3.478261 0.966380
vt 2.669190 0.951717
vt 3.478262 0.951717
vt 1.683588 0.966379
vt 0.928094 0.951719
vt 1.683586 0.951717
vt 1.983785 1.908839
vt 0.676961 1.914599
vt 0.665626 1.908839
vt -0.057505 0.966390
vt 0.928094 0.951719
vt 0.928098 0.966381
vt 0.000000 0.663574
vt 0.511719 0.745117
vt 0.000000 0.745117
vt 0.000000 0.663574
vt 0.511719 0.745117
vt 0.000000 0.745117
vt 0.845350 1.908840
vt 1.363235 1.914599
vt 0.855202 1.914599
vt 1.683586 0.951717
vt 2.669190 0.951717
vt 2.649316 0.966379
vt 1.503673 1.908840
vt 0.985788 1.914599
vt 0.975936 1.908840
vt 0.667969 0.782715
vt 0.666016 0.791992
vt 0.666016 0.782715
vt 0.669922 0.782715
vt 0.667969 0.791992
vt 0.667969 0.782715
vt 0.658203 0.782715
vt 0.660156 0.791992
vt 0.658203 0.791992
vt 0.660156 0.782715
vt 0.662109 0.791992
vt 0.662109 0.782715
vt 0.664062 0.791992
vt 0.664062 0.782715
vt 0.666016 0.791992
vt 0.496094 0.810059
vt 0.513672 0.810059
vt 0.482422 0.799316
vt 0.513672 0.810059
vt 0.482422 0.799316
vt 0.527344 0.799316
vt 0.656250 0.782715
vt 0.654297 0.791992
vt 0.654297 0.782715
vt 0.656250 0.782715
vt 0.656250 0.791992
vt 0.667969 0.782715
vt 0.666016 0.791992
vt 0.666016 0.782715
vt 0.669922 0.782715
vt 0.667969 0.791992
vt 0.667969 0.782715
vt 0.658203 0.782715
vt 0.660156 0.791992
vt 0.658203 0.791992
vt 0.660156 0.782715
vt 0.662109 0.791992
vt 0.662109 0.782715
vt 0.664062 0.791992
vt 0.664062 0.782715
vt 0.666016 0.791992
vt 0.496094 0.810059
vt 0.513672 0.810059
vt 0.482422 0.799316
vt 0.513672 0.810059
vt 0.482422 0.799316
vt 0.527344 0.799316
vt 0.656250 0.782715
vt 0.654297 0.791992
vt 0.654297 0.782715
vt 0.656250 0.782715
vt 0.656250 0.791992
vt 0.667969 0.782715
vt 0.666016 0.791992
vt 0.666016 0.782715
vt 0.669922 0.782715
vt 0.667969 0.791992
vt 0.667969 0.782715
vt 0.658203 0.782715
vt 0.660156 0.791992
vt 0.658203 0.791992
vt 0.660156 0.782715
vt 0.662109 0.791992
vt 0.662109 0.782715
vt 0.664062 0.791992
vt 0.664062 0.782715
vt 0.666016 0.791992
vt 0.496094 0.810059
vt 0.513672 0.810059
vt 0.482422 0.799316
vt 0.513672 0.810059
vt 0.482422 0.799316
vt 0.527344 0.799316
vt 0.656250 0.782715
vt 0.654297 0.791992
vt 0.654297 0.782715
vt 0.656250 0.782715
vt 0.656250 0.791992
vt 0.667969 0.782715
vt 0.666016 0.791992
vt 0.666016 0.782715
vt 0.669922 0.782715
vt 0.667969 0.791992
vt 0.667969 0.782715
vt 0.658203 0.782715
vt 0.660156 0.791992
vt 0.658203 0.791992
vt 0.660156 0.782715
vt 0.662109 0.791992
vt 0.662109 0.782715
vt 0.664062 0.791992
vt 0.664062 0.782715
vt 0.666016 0.791992
vt 0.496094 0.810059
vt 0.513672 0.810059
vt 0.482422 0.799316
vt 0.513672 0.810059
vt 0.482422 0.799316
vt 0.527344 0.799316
vt 0.656250 0.782715
vt 0.654297 0.791992
vt 0.654297 0.782715
vt 0.656250 0.782715
vt 0.656250 0.791992
vt 0.667491 0.782715
vt 0.666016 0.791992
vt 0.666016 0.782715
vt 0.658203 0.782715
vt 0.660156 0.791992
vt 0.658203 0.791992
vt 0.660156 0.782715
vt 0.662109 0.791992
vt 0.662109 0.782715
vt 0.664062 0.791992
vt 0.664062 0.782715
vt 0.666016 0.791992
vt 0.656250 0.782715
vt 0.656250 0.791992
vt 0.667491 0.782715
vt 0.666016 0.791992
vt 0.666016 0.782715
vt 0.658203 0.782715
vt 0.660156 0.791992
vt 0.658203 0.791992
vt 0.660156 0.782715
vt 0.662109 0.791992
vt 0.662109 0.782715
vt 0.664062 0.791992
vt 0.664062 0.782715
vt 0.666016 0.791992
vt 0.656250 0.782715
vt 0.656250 0.791992
vt 0.667491 0.782715
vt 0.666016 0.791992
vt 0.666016 0.782715
vt 0.658203 0.782715
vt 0.660156 0.791992
vt 0.658203 0.791992
vt 0.660156 0.782715
vt 0.662109 0.791992
vt 0.662109 0.782715
vt 0.664062 0.791992
vt 0.664062 0.782715
vt 0.666016 0.791992
vt 0.656250 0.782715
vt 0.656250 0.791992
vt 0.667491 0.782715
vt 0.666016 0.791992
vt 0.666016 0.782715
vt 0.658203 0.782715
vt 0.660156 0.791992
vt 0.658203 0.791992
vt 0.660156 0.782715
vt 0.662109 0.791992
vt 0.662109 0.782715
vt 0.664062 0.791992
vt 0.664062 0.782715
vt 0.666016 0.791992
vt 0.656250 0.782715
vt 0.656250 0.791992
vt 0.666016 0.782715
vt 0.667491 0.791992
vt 0.666016 0.791992
vt 0.658203 0.782715
vt 0.660156 0.791992
vt 0.658203 0.791992
vt 0.660156 0.782715
vt 0.662109 0.791992
vt 0.662109 0.782715
vt 0.664062 0.791992
vt 0.664062 0.782715
vt 0.666016 0.791992
vt 0.656250 0.782715
vt 0.656250 0.791992
vt 0.666016 0.782715
vt 0.667491 0.791992
vt 0.666016 0.791992
vt 0.658203 0.782715
vt 0.660156 0.791992
vt 0.658203 0.791992
vt 0.660156 0.782715
vt 0.662109 0.791992
vt 0.662109 0.782715
vt 0.664062 0.791992
vt 0.664062 0.782715
vt 0.666016 0.791992
vt 0.656250 0.782715
vt 0.656250 0.791992
vt 0.666016 0.782715
vt 0.667491 0.791992
vt 0.666016 0.791992
vt 0.658203 0.782715
vt 0.660156 0.791992
vt 0.658203 0.791992
vt 0.660156 0.782715
vt 0.662109 0.791992
vt 0.662109 0.782715
vt 0.664062 0.791992
vt 0.664062 0.782715
vt 0.666016 0.791992
vt 0.656250 0.782715
vt 0.656250 0.791992
vt 0.666016 0.782715
vt 0.667491 0.791992
vt 0.666016 0.791992
vt 0.658203 0.782715
vt 0.660156 0.791992
vt 0.658203 0.791992
vt 0.660156 0.782715
vt 0.662109 0.791992
vt 0.662109 0.782715
vt 0.664062 0.791992
vt 0.664062 0.782715
vt 0.666016 0.791992
vt 0.656250 0.782715
vt 0.656250 0.791992
vt 0.496094 0.810059
vt 0.513672 0.810059
vt 0.482422 0.801584
vt 0.654774 0.791992
vt 0.656250 0.782715
vt 0.656250 0.791992
vt 0.564453 0.798828
vt 0.582031 0.798828
vt 0.550781 0.790527
vt 0.654774 0.791992
vt 0.656250 0.782715
vt 0.656250 0.791992
vt 0.496094 0.810059
vt 0.513672 0.810059
vt 0.482422 0.801584
vt 0.513672 0.810059
vt 0.527344 0.801464
vt 0.582031 0.798828
vt 0.550781 0.790527
vt 0.595703 0.790527
vt 0.654774 0.782715
vt 0.656250 0.791992
vt 0.654774 0.791992
vt 0.564453 0.798828
vt 0.582031 0.798828
vt 0.550781 0.790527
vt 0.654774 0.782715
vt 0.656250 0.791992
vt 0.654774 0.791992
vt 0.496094 0.810059
vt 0.513672 0.810059
vt 0.482422 0.801584
vt 0.654774 0.791992
vt 0.656250 0.782715
vt 0.656250 0.791992
vt 0.513672 0.810059
vt 0.482422 0.801584
vt 0.527344 0.801464
vt 0.582031 0.798828
vt 0.550781 0.790527
vt 0.595703 0.790527
vt 0.513672 0.810059
vt 0.482422 0.801584
vt 0.527344 0.801464
vt 0.564453 0.798828
vt 0.582031 0.798828
vt 0.550781 0.790527
vt 0.654774 0.782715
vt 0.656250 0.791992
vt 0.654774 0.791992
vt 0.496094 0.810059
vt 0.513672 0.810059
vt 0.482422 0.801584
vt 0.654774 0.791992
vt 0.656250 0.782715
vt 0.656250 0.791992
vt 0.564453 0.798828
vt 0.582031 0.798828
vt 0.582031 0.798828
vt 0.550781 0.790527
vt 0.595703 0.790527
vt 0.582031 0.798828
vt 0.550781 0.790527
vt 0.595703 0.790527
vt 0.654774 0.791992
vt 0.656250 0.782715
vt 0.656250 0.791992
vt 0.513672 0.810059
vt 0.482422 0.801584
vt 0.527344 0.801464
vt 0.431641 0.791016
vt 0.427734 0.792480
vt 0.433594 0.791016
vt 0.396484 0.786621
vt 0.410156 0.783203
vt 0.443359 0.809082
vt 0.662109 0.782715
vt 0.660156 0.791992
vt 0.660156 0.782715
vt 0.660156 0.782715
vt 0.658203 0.791992
vt 0.658203 0.782715
vt 0.667969 0.782715
vt 0.666016 0.791992
vt 0.666016 0.782715
vt 0.662109 0.782715
vt 0.662109 0.791992
vt 0.666016 0.782715
vt 0.664062 0.791992
vt 0.664062 0.782715
vt 0.669922 0.782715
vt 0.667969 0.791992
vt 0.667969 0.782715
vt 0.671875 0.782715
vt 0.669922 0.791992
vt 0.669922 0.782715
vt 0.664062 0.782715
vt 0.662109 0.791992
vt 0.404297 0.783691
vt 0.396484 0.786621
vt 0.410156 0.783203
vt 0.427734 0.792480
vt 0.433594 0.791016
vt 0.447266 0.801270
vt 0.662109 0.782715
vt 0.660156 0.791992
vt 0.660156 0.782715
vt 0.660156 0.782715
vt 0.658203 0.791992
vt 0.658203 0.782715
vt 0.667969 0.782715
vt 0.666016 0.791992
vt 0.666016 0.782715
vt 0.662109 0.782715
vt 0.662109 0.791992
vt 0.666016 0.782715
vt 0.664062 0.791992
vt 0.664062 0.782715
vt 0.669922 0.782715
vt 0.667969 0.791992
vt 0.667969 0.782715
vt 0.671875 0.782715
vt 0.669922 0.791992
vt 0.669922 0.782715
vt 0.664062 0.782715
vt 0.662109 0.791992
vt 0.431641 0.791016
vt 0.427734 0.791992
vt 0.433594 0.791016
vt 0.396484 0.786621
vt 0.410156 0.783203
vt 0.443359 0.809082
vt 0.662109 0.782715
vt 0.660156 0.791992
vt 0.660156 0.782715
vt 0.660156 0.782715
vt 0.658203 0.791992
vt 0.658203 0.782715
vt 0.667969 0.782715
vt 0.666016 0.791992
vt 0.666016 0.782715
vt 0.662109 0.782715
vt 0.662109 0.791992
vt 0.666016 0.782715
vt 0.664062 0.791992
vt 0.664062 0.782715
vt 0.669922 0.782715
vt 0.667969 0.791992
vt 0.667969 0.782715
vt 0.671875 0.782715
vt 0.669922 0.791992
vt 0.669922 0.782715
vt 0.664062 0.782715
vt 0.662109 0.791992
vt 0.404297 0.783691
vt 0.396484 0.786621
vt 0.410156 0.783203
vt 0.427734 0.791992
vt 0.433594 0.791016
vt 0.447266 0.801270
vt 0.662109 0.782715
vt 0.660156 0.791992
vt 0.660156 0.782715
vt 0.660156 0.782715
vt 0.658203 0.791992
vt 0.658203 0.782715
vt 0.667969 0.782715
vt 0.666016 0.791992
vt 0.666016 0.782715
vt 0.662109 0.782715
vt 0.662109 0.791992
vt 0.666016 0.782715
vt 0.664062 0.791992
vt 0.664062 0.782715
vt 0.667969 0.782715
vt 0.669922 0.791992
vt 0.667969 0.791992
vt 0.671875 0.782715
vt 0.669922 0.791992
vt 0.669922 0.782715
vt 0.664062 0.782715
vt 0.662109 0.791992
vt 1.545401 0.781117
vt 1.516121 0.766437
vt 1.545401 0.766437
vt 1.516121 0.781117
vt 0.662242 0.794019
vt 0.638684 0.800802
vt 0.638686 0.794018
vt 0.662240 0.800803
vt 0.691359 0.794020
vt 0.662240 0.800803
vt 0.662242 0.794019
vt 0.691356 0.800804
vt 0.714914 0.794020
vt 0.691356 0.800804
vt 0.691359 0.794020
vt 0.714913 0.800804
vt 0.742606 0.794020
vt 0.714913 0.800804
vt 0.714914 0.794020
vt 0.742605 0.800804
vt 0.770297 0.794021
vt 0.742605 0.800804
vt 0.742606 0.794020
vt 0.770296 0.800804
vt 0.742605 0.800804
vt 0.770297 0.794021
vt 0.664997 0.794021
vt 0.641440 0.800804
vt 0.641441 0.794021
vt 0.664995 0.800805
vt 0.694113 0.794021
vt 0.664995 0.800805
vt 0.664997 0.794021
vt 0.694112 0.800805
vt 0.711227 0.794021
vt 0.694112 0.800805
vt 0.694113 0.794021
vt 0.711227 0.800805
vt 0.738919 0.794021
vt 0.711227 0.800805
vt 0.711227 0.794021
vt 0.738918 0.800805
vt 0.711227 0.800805
vt 0.738919 0.794021
vt 0.766610 0.794021
vt 0.738918 0.800805
vt 0.738919 0.794021
vt 0.766610 0.800805
vt 1.413166 0.781117
vt 1.413166 0.766437
vt 1.457960 0.781116
vt 1.457960 0.766437
vt 1.457960 0.781116
vt 1.457960 0.766437
vt 1.516121 0.781117
vt 1.516121 0.766437
vt 1.545401 0.781117
vt 1.545401 0.766437
vt 1.603561 0.781117
vt 1.603561 0.766437
vt 1.603561 0.781117
vt 1.603561 0.766437
vt 1.648356 0.781116
vt 1.648356 0.766437
vt 0.870170 0.797947
vt 0.878921 0.791222
vt 0.940942 0.797947
vt 0.932190 0.791222
vt 0.913937 0.782491
vt 0.897175 0.782491
vt 0.913937 0.782491
vt 0.932190 0.791222
vt 0.897175 0.782491
vt 0.878921 0.791222
vt 0.870170 0.797947
vt 0.940942 0.797947
vt 0.808063 0.806224
vt 0.783515 0.801712
vt 0.774138 0.794412
vt 0.838407 0.806224
vt 0.862956 0.801712
vt 0.838407 0.806224
vt 0.774138 0.794412
vt 0.872332 0.794412
vt 0.862956 0.801712
vt 0.774138 0.794412
vt 0.862956 0.787113
vt 0.872332 0.794412
vt 0.774138 0.794412
vt 0.838407 0.782602
vt 0.862956 0.787113
vt 0.774138 0.794412
vt 0.808063 0.782602
vt 0.838407 0.782602
vt 0.774138 0.794412
vt 0.783515 0.787113
vt 0.808063 0.782602
vt 0.774138 0.794412
vt 0.838407 0.806224
vt 0.808063 0.806224
vt 0.783515 0.801712
vt 0.862956 0.801712
vt 0.838407 0.806224
vt 0.783515 0.801712
vt 0.872332 0.794412
vt 0.862956 0.801712
vt 0.783515 0.801712
vt 0.862956 0.787113
vt 0.872332 0.794412
vt 0.783515 0.801712
vt 0.838407 0.782602
vt 0.808063 0.782602
vt 0.783515 0.787113
vt 0.808063 0.782602
vt 0.783515 0.801712
vt 0.774138 0.794412
vt 1.545401 0.781117
vt 1.516121 0.766437
vt 1.545401 0.766437
vt 1.516121 0.781117
vt 0.662242 0.794019
vt 0.638684 0.800802
vt 0.638686 0.794018
vt 0.662240 0.800803
vt 0.691359 0.794020
vt 0.662240 0.800803
vt 0.662242 0.794019
vt 0.691356 0.800804
vt 0.714914 0.794020
vt 0.691356 0.800804
vt 0.691359 0.794020
vt 0.714913 0.800804
vt 0.742606 0.794020
vt 0.714913 0.800804
vt 0.714914 0.794020
vt 0.742605 0.800804
vt 0.714913 0.800804
vt 0.742606 0.794020
vt 0.770297 0.794021
vt 0.742605 0.800804
vt 0.742606 0.794020
vt 0.770296 0.800804
vt 0.664997 0.794021
vt 0.641440 0.800804
vt 0.641441 0.794021
vt 0.664995 0.800805
vt 0.694113 0.794021
vt 0.664995 0.800805
vt 0.664997 0.794021
vt 0.694112 0.800805
vt 0.664995 0.800805
vt 0.694113 0.794021
vt 0.711227 0.794021
vt 0.694112 0.800805
vt 0.694113 0.794021
vt 0.711227 0.800805
vt 0.694112 0.800805
vt 0.711227 0.794021
vt 0.738919 0.794021
vt 0.711227 0.800805
vt 0.711227 0.794021
vt 0.738918 0.800805
vt 0.766610 0.794021
vt 0.738918 0.800805
vt 0.738919 0.794021
vt 0.766610 0.800805
vt 0.738918 0.800805
vt 0.766610 0.794021
vt 1.413166 0.781117
vt 1.413166 0.766437
vt 1.457960 0.781116
vt 1.457960 0.766437
vt 1.457960 0.781116
vt 1.457960 0.766437
vt 1.516121 0.781117
vt 1.516121 0.766437
vt 1.545401 0.781117
vt 1.545401 0.766437
vt 1.603561 0.781117
vt 1.603561 0.766437
vt 1.603561 0.781117
vt 1.603561 0.766437
vt 1.648356 0.781116
vt 1.648356 0.766437
vt 0.870170 0.797947
vt 0.878921 0.791222
vt 0.940942 0.797947
vt 0.932190 0.791222
vt 0.913937 0.782491
vt 0.897175 0.782491
vt 0.913937 0.782491
vt 0.932190 0.791222
vt 0.897175 0.782491
vt 0.878921 0.791222
vt 0.870170 0.797947
vt 0.940942 0.797947
vt 0.808063 0.806224
vt 0.783515 0.801712
vt 0.774138 0.794412
vt 0.838407 0.806224
vt 0.862956 0.801712
vt 0.838407 0.806224
vt 0.774138 0.794412
vt 0.872332 0.794412
vt 0.862956 0.801712
vt 0.774138 0.794412
vt 0.862956 0.787113
vt 0.872332 0.794412
vt 0.774138 0.794412
vt 0.838407 0.782602
vt 0.862956 0.787113
vt 0.774138 0.794412
vt 0.808063 0.782602
vt 0.838407 0.782602
vt 0.774138 0.794412
vt 0.783515 0.787113
vt 0.808063 0.782602
vt 0.774138 0.794412
vt 0.838407 0.806224
vt 0.808063 0.806224
vt 0.783515 0.801712
vt 0.862956 0.801712
vt 0.838407 0.806224
vt 0.783515 0.801712
vt 0.872332 0.794412
vt 0.862956 0.801712
vt 0.783515 0.801712
vt 0.862956 0.787113
vt 0.872332 0.794412
vt 0.783515 0.801712
vt 0.838407 0.782602
vt 0.808063 0.782602
vt 0.783515 0.787113
vt 0.774138 0.794412
vt 1.545401 0.781117
vt 1.516121 0.766437
vt 1.545401 0.766437
vt 1.516121 0.781117
vt 0.662242 0.794019
vt 0.638684 0.800802
vt 0.638686 0.794018
vt 0.662240 0.800803
vt 0.638684 0.800802
vt 0.662242 0.794019
vt 0.691359 0.794020
vt 0.662240 0.800803
vt 0.662242 0.794019
vt 0.691356 0.800804
vt 0.662240 0.800803
vt 0.691359 0.794020
vt 0.714914 0.794020
vt 0.691356 0.800804
vt 0.691359 0.794020
vt 0.714913 0.800804
vt 0.742606 0.794020
vt 0.714913 0.800804
vt 0.714914 0.794020
vt 0.742605 0.800804
vt 0.770297 0.794021
vt 0.742605 0.800804
vt 0.742606 0.794020
vt 0.770296 0.800804
vt 0.664997 0.794021
vt 0.641440 0.800804
vt 0.641441 0.794021
vt 0.664995 0.800805
vt 0.641440 0.800804
vt 0.664997 0.794021
vt 0.694113 0.794021
vt 0.664995 0.800805
vt 0.664997 0.794021
vt 0.694112 0.800805
vt 0.711227 0.794021
vt 0.694112 0.800805
vt 0.694113 0.794021
vt 0.711227 0.800805
vt 0.738919 0.794021
vt 0.711227 0.800805
vt 0.711227 0.794021
vt 0.738918 0.800805
vt 0.766610 0.794021
vt 0.738918 0.800805
vt 0.738919 0.794021
vt 0.766610 0.800805
vt 1.413166 0.781117
vt 1.413166 0.766437
vt 1.457960 0.781116
vt 1.457960 0.766437
vt 1.457960 0.781116
vt 1.457960 0.766437
vt 1.516121 0.781117
vt 1.516121 0.766437
vt 1.545401 0.781117
vt 1.545401 0.766437
vt 1.603561 0.781117
vt 1.603561 0.766437
vt 1.603561 0.781117
vt 1.603561 0.766437
vt 1.648356 0.781116
vt 1.648356 0.766437
vt 0.870170 0.797947
vt 0.878921 0.791222
vt 0.940942 0.797947
vt 0.932190 0.791222
vt 0.913937 0.782491
vt 0.913937 0.782491
vt 0.878921 0.791222
vt 0.897175 0.782491
vt 0.913937 0.782491
vt 0.932190 0.791222
vt 0.897175 0.782491
vt 0.878921 0.791222
vt 0.870170 0.797947
vt 0.870170 0.797947
vt 0.932190 0.791222
vt 0.940942 0.797947
vt 0.808063 0.806224
vt 0.783515 0.801712
vt 0.774138 0.794412
vt 0.838407 0.806224
vt 0.862956 0.801712
vt 0.872332 0.794412
vt 0.862956 0.787113
vt 0.838407 0.782602
vt 0.862956 0.787113
vt 0.774138 0.794412
vt 0.808063 0.782602
vt 0.838407 0.782602
vt 0.774138 0.794412
vt 0.783515 0.787113
vt 0.808063 0.782602
vt 0.774138 0.794412
vt 0.838407 0.806224
vt 0.808063 0.806224
vt 0.783515 0.801712
vt 0.862956 0.801712
vt 0.838407 0.806224
vt 0.783515 0.801712
vt 0.872332 0.794412
vt 0.862956 0.787113
vt 0.838407 0.782602
vt 0.862956 0.787113
vt 0.783515 0.801712
vt 0.808063 0.782602
vt 0.838407 0.782602
vt 0.783515 0.801712
vt 0.783515 0.787113
vt 0.808063 0.782602
vt 0.783515 0.801712
vt 0.774138 0.794412
vt 0.783515 0.787113
vt 0.783515 0.801712
vt 1.545401 0.781117
vt 1.516121 0.766437
vt 1.545401 0.766437
vt 1.516121 0.781117
vt 0.662242 0.794019
vt 0.638684 0.800802
vt 0.638686 0.794018
vt 0.662240 0.800803
vt 0.638684 0.800802
vt 0.662242 0.794019
vt 0.691359 0.794020
vt 0.662240 0.800803
vt 0.662242 0.794019
vt 0.691356 0.800804
vt 0.714914 0.794020
vt 0.691356 0.800804
vt 0.691359 0.794020
vt 0.714913 0.800804
vt 0.742606 0.794020
vt 0.714913 0.800804
vt 0.714914 0.794020
vt 0.742605 0.800804
vt 0.770297 0.794021
vt 0.742605 0.800804
vt 0.742606 0.794020
vt 0.770296 0.800804
vt 0.742605 0.800804
vt 0.770297 0.794021
vt 0.664997 0.794021
vt 0.641440 0.800804
vt 0.641441 0.794021
vt 0.664995 0.800805
vt 0.694113 0.794021
vt 0.664995 0.800805
vt 0.664997 0.794021
vt 0.694112 0.800805
vt 0.711227 0.794021
vt 0.694112 0.800805
vt 0.694113 0.794021
vt 0.711227 0.800805
vt 0.738919 0.794021
vt 0.711227 0.800805
vt 0.711227 0.794021
vt 0.738918 0.800805
vt 0.766610 0.794021
vt 0.738918 0.800805
vt 0.738919 0.794021
vt 0.766610 0.800805
vt 1.413166 0.781117
vt 1.413166 0.766437
vt 1.457960 0.781116
vt 1.457960 0.781116
vt 1.413166 0.766437
vt 1.457960 0.766437
vt 1.457960 0.781116
vt 1.457960 0.766437
vt 1.516121 0.781117
vt 1.516121 0.781117
vt 1.457960 0.766437
vt 1.516121 0.766437
vt 1.545401 0.781117
vt 1.545401 0.766437
vt 1.603561 0.781117
vt 1.603561 0.766437
vt 1.603561 0.781117
vt 1.603561 0.766437
vt 1.648356 0.781116
vt 1.648356 0.781116
vt 1.603561 0.766437
vt 1.648356 0.766437
vt 0.870170 0.797947
vt 0.878921 0.791222
vt 0.940942 0.797947
vt 0.940942 0.797947
vt 0.878921 0.791222
vt 0.932190 0.791222
vt 0.932190 0.791222
vt 0.878921 0.791222
vt 0.913937 0.782491
vt 0.897175 0.782491
vt 0.913937 0.782491
vt 0.932190 0.791222
vt 0.897175 0.782491
vt 0.897175 0.782491
vt 0.932190 0.791222
vt 0.878921 0.791222
vt 0.870170 0.797947
vt 0.940942 0.797947
vt 0.808063 0.806224
vt 0.783515 0.801712
vt 0.774138 0.794412
vt 0.838407 0.806224
vt 0.862956 0.801712
vt 0.872332 0.794412
vt 0.862956 0.787113
vt 0.838407 0.782602
vt 0.808063 0.782602
vt 0.838407 0.782602
vt 0.774138 0.794412
vt 0.783515 0.787113
vt 0.808063 0.782602
vt 0.774138 0.794412
vt 0.838407 0.806224
vt 0.808063 0.806224
vt 0.783515 0.801712
vt 0.862956 0.801712
vt 0.838407 0.806224
vt 0.783515 0.801712
vt 0.872332 0.794412
vt 0.862956 0.787113
vt 0.838407 0.782602
vt 0.862956 0.787113
vt 0.783515 0.801712
vt 0.808063 0.782602
vt 0.838407 0.782602
vt 0.783515 0.801712
vt 0.783515 0.787113
vt 0.774138 0.794412
vt 0.783515 0.787113
vt 0.783515 0.801712
vt 3.082621 5.707488
vt 3.139190 5.714222
vt 3.082621 5.714222
vt 2.529419 5.720955
vt 2.912911 5.727688
vt 2.529419 5.727688
vt 2.912911 5.720955
vt 2.969481 5.727689
vt 2.912911 5.727688
vt 2.912911 5.720955
vt 2.969481 5.727689
vt 3.082621 5.700756
vt 3.026051 5.694022
vt 3.082621 5.694022
vt 3.795581 5.720954
vt 3.852150 5.727687
vt 3.795581 5.727687
vt 3.965290 5.707489
vt 3.908720 5.714221
vt 3.908720 5.707489
vt 3.026051 5.727688
vt 3.082621 5.720954
vt 3.082621 5.727688
vt 2.969481 5.707489
vt 3.026051 5.700756
vt 3.026051 5.707488
vt 3.139191 5.720954
vt 3.139190 5.727688
vt 3.082621 5.707488
vt 3.026051 5.714222
vt 3.026051 5.707488
vt 3.908720 5.694023
vt 3.852150 5.700756
vt 3.852151 5.694023
vt 2.969481 5.714222
vt 3.026051 5.720954
vt 2.969481 5.720955
vt 3.795581 5.720954
vt 3.511967 5.720954
vt 3.511967 5.714222
vt 3.398828 5.707488
vt 3.455398 5.700756
vt 3.455398 5.707488
vt 3.398828 5.720954
vt 3.455398 5.727688
vt 3.398828 5.727688
vt 3.511967 5.720954
vt 3.511967 5.727688
vt 3.342258 5.707488
vt 3.398828 5.700756
vt 3.852150 5.707489
vt 3.908720 5.700756
vt 3.908720 5.707489
vt 2.969481 5.694023
vt 2.912911 5.700756
vt 2.912911 5.694023
vt 3.965290 5.694023
vt 4.021860 5.700756
vt 3.965290 5.700756
vt 3.852151 5.720954
vt 3.908720 5.727687
vt 3.965290 5.707489
vt 3.908720 5.727687
vt 3.965290 5.720954
vt 3.965290 5.727687
vt 4.021860 5.700756
vt 4.085614 5.707489
vt 4.021860 5.707489
vt 3.908720 5.694023
vt 3.852150 5.700756
vt 3.852151 5.694023
vt 2.969481 5.694023
vt 2.912911 5.700756
vt 2.912911 5.694023
vt 4.021860 5.720954
vt 4.021860 5.727687
vt 3.908720 5.727687
vt 3.965290 5.720954
vt 3.965290 5.727687
vt 3.795581 5.700755
vt 3.795581 5.694022
vt 4.085614 5.700756
vt 4.021860 5.694023
vt 4.085615 5.694023
vt 3.026051 5.727688
vt 3.082621 5.720954
vt 3.082621 5.727688
vt 3.398828 5.694022
vt 3.342258 5.700756
vt 3.342258 5.694022
vt 3.795581 5.707488
vt 3.511967 5.707488
vt 3.795581 5.700755
vt 3.342258 5.720954
vt 3.342258 5.727688
vt 4.021860 5.727687
vt 4.085614 5.720954
vt 4.085614 5.727688
vt 3.082621 5.694022
vt 3.139190 5.700756
vt 3.082621 5.700756
vt 3.398828 5.694022
vt 3.342258 5.700756
vt 3.342258 5.694022
vt 3.139190 5.714222
vt 3.342258 5.707488
vt 3.342258 5.714222
vt 3.026051 5.694022
vt 2.969481 5.700757
vt 3.908720 5.700756
vt 3.965290 5.707489
vt 3.908720 5.707489
vt 3.852150 5.714221
vt 3.908720 5.720954
vt 3.852151 5.720954
vt 2.969481 5.714222
vt 3.026051 5.720954
vt 2.969481 5.720955
vt 3.082621 5.707488
vt 3.082621 5.700756
vt 3.026051 5.694022
vt 2.969481 5.700757
vt 3.795581 5.707488
vt 3.852150 5.714221
vt 3.795581 5.714221
vt 3.342258 5.727688
vt 3.139191 5.720954
vt 3.342258 5.720954
vt 3.082621 5.714222
vt 2.529419 5.720955
vt 2.529419 5.727688
vt 3.139190 5.700756
vt 3.026051 5.694022
vt 2.912911 5.720955
vt 2.912911 5.714222
vt 3.965290 5.694023
vt 4.021860 5.700756
vt 3.965290 5.700756
vt 3.852151 5.720954
vt 3.908720 5.727687
vt 3.852150 5.727687
vt 4.085614 5.700756
vt 4.021860 5.694023
vt 4.085615 5.694023
vt 4.021860 5.720954
vt 3.965290 5.707489
vt 3.908720 5.714221
vt 3.908720 5.707489
vt 3.795581 5.707488
vt 3.852150 5.714221
vt 3.795581 5.714221
vt 3.511967 5.707488
vt 3.511967 5.714222
vt 2.969481 5.707489
vt 2.912911 5.714222
vt 2.912911 5.707489
vt 3.398828 5.707488
vt 3.455398 5.714222
vt 3.398828 5.714222
vt 3.342258 5.714222
vt 3.342258 5.707488
vt 0.642578 0.713867
vt 0.642578 0.713867
vt 0.101562 0.718262
vt 4.021860 5.714221
vt 4.021860 5.707489
vt 4.085614 5.707489
vt 3.908720 5.714221
vt 3.852150 5.707489
vt 3.908720 5.707489
vt 3.455398 5.707488
vt 3.026051 5.714222
vt 2.969481 5.714222
vt 3.398828 5.707488
vt 3.455398 5.700756
vt 3.455398 5.707488
vt 4.085614 5.720954
vt 4.085614 5.727688
vt 3.795581 5.700755
vt 3.795581 5.694022
vt 2.969481 5.707489
vt 2.912911 5.714222
vt 2.912911 5.707489
vt 3.342258 5.707488
vt 3.398828 5.700756
vt 2.912911 5.700756
vt 2.912911 5.707489
vt 2.529419 5.707489
vt 3.139190 5.700756
vt 3.139190 5.707488
vt 3.082621 5.700756
vt 2.529419 5.700756
vt 2.529419 5.694023
vt 3.342258 5.714222
vt 3.398828 5.720954
vt 3.342258 5.720954
vt 3.795581 5.707488
vt 3.511967 5.707488
vt 3.795581 5.700755
vt 3.398828 5.714222
vt 3.455398 5.720954
vt 2.529419 5.700756
vt 2.529419 5.694023
vt 3.852150 5.707489
vt 3.908720 5.714221
vt 3.852150 5.707489
vt 3.908720 5.707489
vt 3.082621 5.714222
vt 3.026051 5.714222
vt 3.082621 5.720954
vt 3.082621 5.714222
vt 3.139190 5.714222
vt 3.398828 5.727688
vt 3.398828 5.707488
vt 3.455398 5.714222
vt 3.398828 5.714222
vt 4.021860 5.720954
vt 4.021860 5.714221
vt 4.085614 5.714221
vt 4.021860 5.714221
vt 4.021860 5.707489
vt 3.082621 5.707488
vt 3.026051 5.700756
vt 3.455398 5.694022
vt 3.398828 5.700756
vt 2.969481 5.707489
vt 3.026051 5.707488
vt 4.021860 5.720954
vt 4.021860 5.714221
vt 4.085614 5.714221
vt 2.912911 5.720955
vt 2.912911 5.714222
vt 3.026051 5.714222
vt 2.969481 5.714222
vt 4.021860 5.700756
vt 4.085614 5.707489
vt 4.021860 5.707489
vt 3.455398 5.727688
vt 3.511967 5.720954
vt 3.511967 5.727688
vt 3.398828 5.720954
vt 0.642578 0.713867
vt 0.642578 0.713867
vt 0.101562 0.718262
vt 3.795581 5.720954
vt 3.511967 5.720954
vt 3.511967 5.714222
vt 3.965290 5.714221
vt 3.908720 5.720954
vt 3.908720 5.714221
vt 3.511967 5.700756
vt 2.912911 5.700756
vt 2.912911 5.707489
vt 2.529419 5.707489
vt 4.085614 5.707489
vt 3.455398 5.694022
vt 3.511967 5.700756
vt 3.455398 5.700756
vt 3.139190 5.700756
vt 3.139190 5.707488
vt 3.795581 5.720954
vt 3.795581 5.727687
vt 3.908720 5.694023
vt 3.908720 5.700756
vt 3.342258 5.714222
vt 3.398828 5.720954
vt 3.342258 5.720954
vt 3.455398 5.700756
vt 3.398828 5.714222
vt 3.455398 5.720954
vt 3.908720 5.694023
vt 3.908720 5.700756
vt 3.965290 5.714221
vt 3.908720 5.714221
vt 2.969481 5.720955
vt 3.026051 5.727688
vt 3.511967 5.707488
vt 3.511967 5.714222
vt 3.398828 5.700756
vt 3.082621 5.720954
vt 3.139190 5.714222
vt 2.969481 5.720955
vt 3.026051 5.727688
vt 3.026051 5.714222
vt 3.852150 5.714221
vt 3.852151 5.720954
vt 3.455398 5.707488
vt 3.139190 5.727688
vt 3.026051 5.714222
vt 3.026051 5.707488
vt -2.663841 0.780762
vt -0.000000 0.766113
vt 0.000000 0.780762
vt -2.663841 0.780762
vt -0.000000 0.766113
vt 0.000000 0.780762
vt -0.000000 0.766113
vt 2.663841 0.780760
vt 0.000000 0.780762
vt -2.165630 0.843750
vt 0.000000 0.823242
vt 0.000000 0.843750
vt 2.165630 0.823243
vt 0.000000 0.843750
vt 0.000000 0.823242
vt 0.000000 0.843750
vt 2.165630 0.823243
vt 0.000000 0.823242
vt 0.000000 0.843750
vt -2.165630 0.823242
vt -2.165630 0.843750
vt 2.662109 0.766113
vt 0.000000 0.780762
vt -0.000000 0.766113
vt -0.000000 0.766113
vt 2.663841 0.780760
vt 0.000000 0.780762
vt -2.165630 0.843750
vt 0.000000 0.823242
vt 0.000000 0.843750
vt 0.000000 0.843750
vt 2.165630 0.823243
vt 0.000000 0.823242
vt 2.662109 0.766113
vt 0.000000 0.780762
vt -0.000000 0.766113
vt 2.165630 0.823243
vt 0.000000 0.843750
vt 0.000000 0.823242
vt -2.165630 0.843750
vt 0.000000 0.843750
vt -2.663841 0.780762
vt -0.000000 0.766113
vt 0.000000 0.780762
vt -2.663841 0.780762
vt -0.000000 0.766113
vt 0.000000 0.780762
vt -2.663841 0.780762
vt -0.000000 0.766113
vt 0.000000 0.780762
vt -2.663841 0.780762
vt -0.000000 0.766113
vt 0.000000 0.780762
vt -0.000000 0.766113
vt 2.663841 0.780760
vt 0.000000 0.780762
vt -2.165630 0.843750
vt 0.000000 0.823242
vt 0.000000 0.843750
vt 2.165630 0.823243
vt 0.000000 0.843750
vt 0.000000 0.843750
vt 2.165630 0.823243
vt 0.000000 0.823242
vt 0.000000 0.843750
vt -2.165630 0.823242
vt -2.165630 0.843750
vt 2.662109 0.766113
vt 0.000000 0.780762
vt -0.000000 0.766113
vt 0.658203 0.791992
vt 0.673828 0.782715
vt 0.658203 0.782715
vt 0.673828 0.782715
vt 0.658203 0.791992
vt 0.658203 0.782715
vt 0.673828 0.791504
vt 0.658203 0.791992
vt 0.673828 0.791992
vt 0.658203 0.782715
vt 0.673828 0.791992
vt 0.673828 0.782715
vt 0.673828 0.791992
vt 0.658203 0.782715
vt 0.673828 0.782715
vt 0.673828 0.791504
vt 0.658203 0.791992
vt 0.673828 0.791992
vt 0.658203 0.782715
vt 0.673828 0.791992
vt 0.673828 0.782715
vt 0.673828 0.791992
vt 0.658203 0.782715
vt 0.673828 0.782715
vt 0.673828 0.791504
vt 0.658203 0.791992
vt 0.673828 0.791992
vt 0.658203 0.782715
vt 0.673828 0.791992
vt 0.673828 0.782715
vt 0.673828 0.791992
vt 0.658203 0.782715
vt 0.673828 0.782715
vt 0.673828 0.791504
vt 0.658203 0.791992
vt 0.673828 0.791992
vt 0.658203 0.791992
vt 0.673828 0.782715
vt 0.658203 0.782715
vt 0.673828 0.791992
vt 0.658203 0.782715
vt 0.673828 0.782715
vt 0.658203 0.782715
vt 0.673828 0.791992
vt 0.673828 0.782715
vt 0.673828 0.791992
vt 0.658203 0.782715
vt 0.673828 0.782715
vt 0.658203 0.791992
vt 0.673828 0.782715
vt 0.658203 0.782715
vt 0.673828 0.791992
vt 0.658203 0.782715
vt 0.673828 0.782715
vt 0.673828 0.791504
vt 0.658203 0.791992
vt 0.673828 0.791992
vt 0.658203 0.782715
vt 0.673828 0.791992
vt 0.673828 0.782715
vt 0.673828 0.791992
vt 0.658203 0.782715
vt 0.673828 0.782715
vt 0.673828 0.791504
vt 0.658203 0.791992
vt 0.673828 0.791992
vt 0.658203 0.791992
vt 0.673828 0.782715
vt 0.658203 0.782715
vt 0.673828 0.791992
vt 0.658203 0.782715
vt 0.673828 0.782715
vt 0.673828 0.791504
vt 0.658203 0.791992
vt 0.673828 0.791992
vt 0.658203 0.782715
vt 0.673828 0.791992
vt 0.673828 0.782715
vt 0.673828 0.791992
vt 0.658203 0.782715
vt 0.673828 0.782715
vt 0.673828 0.791504
vt 0.658203 0.791992
vt 0.673828 0.791992
vt 0.658203 0.782715
vt 0.673828 0.791992
vt 0.673828 0.782715
vt 0.673828 0.782715
vt 0.658203 0.791992
vt 0.658203 0.782715
vt 0.673828 0.791504
vt 0.658203 0.791992
vt 0.673828 0.791992
vt 0.658203 0.782715
vt 0.673828 0.791992
vt 0.673828 0.782715
vt 0.673828 0.791992
vt 0.658203 0.782715
vt 0.673828 0.782715
vt 0.673828 0.791504
vt 0.658203 0.791992
vt 0.673828 0.791992
vt 0.658203 0.791992
vt 0.673828 0.782715
vt 0.658203 0.782715
vt 0.673828 0.791992
vt 0.658203 0.782715
vt 0.673828 0.782715
vt 0.673828 0.791504
vt 0.658203 0.791992
vt 0.673828 0.791992
vt 0.658203 0.782715
vt 0.673828 0.791992
vt 0.673828 0.782715
vt 0.673828 0.782715
vt 0.658203 0.791992
vt 0.658203 0.782715
vt 0.673828 0.791504
vt 0.658203 0.791992
vt 0.673828 0.791992
vt 0.658203 0.791992
vt 0.673828 0.782715
vt 0.658203 0.782715
vt 0.673828 0.782715
vt 0.658203 0.791992
vt 0.658203 0.782715
vt 0.673828 0.791504
vt 0.658203 0.791992
vt 0.673828 0.791992
vt 0.658203 0.782715
vt 0.673828 0.791992
vt 0.673828 0.782715
vt 0.673828 0.791992
vt 0.658203 0.782715
vt 0.673828 0.782715
vt 0.673828 0.791504
vt 0.658203 0.791992
vt 0.673828 0.791992
vt 0.658203 0.791992
vt 0.673828 0.782715
vt 0.658203 0.782715
vt 0.673828 0.791992
vt 0.658203 0.782715
vt 0.673828 0.782715
vt 0.673828 0.791504
vt 0.658203 0.791992
vt 0.673828 0.791992
vt 0.658203 0.782715
vt 0.673828 0.791992
vt 0.673828 0.782715
vt 0.673828 0.782715
vt 0.658203 0.791992
vt 0.658203 0.782715
vt 0.673828 0.791992
vt 0.658203 0.791504
vt 0.658203 0.791992
vt 0.658203 0.791992
vt 0.673828 0.782715
vt 0.658203 0.782715
vt 0.673828 0.782715
vt 0.658203 0.791992
vt 0.658203 0.782715
vt 0.673828 0.791504
vt 0.658203 0.791992
vt 0.673828 0.791992
vt 0.658203 0.782715
vt 0.673828 0.791992
vt 0.673828 0.782715
vt 0.673828 0.791992
vt 0.658203 0.782715
vt 0.673828 0.782715
vt 0.673828 0.791504
vt 0.658203 0.791992
vt 0.673828 0.791992
vt 0.658203 0.791992
vt 0.673828 0.782715
vt 0.658203 0.782715
vt 0.673828 0.791992
vt 0.658203 0.782715
vt 0.673828 0.782715
vt 0.658203 0.791992
vt 0.673828 0.782715
vt 0.658203 0.782715
vt 0.673828 0.782715
vt 0.658203 0.791992
vt 0.658203 0.782715
vt 0.658203 0.791992
vt 0.673828 0.782715
vt 0.658203 0.782715
vt 0.673828 0.782715
vt 0.658203 0.791992
vt 0.658203 0.782715
vt 0.673828 0.791504
vt 0.658203 0.791992
vt 0.673828 0.791992
vt 0.658203 0.782715
vt 0.673828 0.791992
vt 0.673828 0.782715
vt 0.673828 0.791992
vt 0.658203 0.782715
vt 0.673828 0.782715
vt 0.673828 0.791504
vt 0.658203 0.791992
vt 0.673828 0.791992
vt 0.658203 0.791992
vt 0.673828 0.782715
vt 0.658203 0.782715
vt 0.673828 0.791992
vt 0.658203 0.782715
vt 0.673828 0.782715
vt 0.673828 0.791504
vt 0.658203 0.791992
vt 0.673828 0.791992
vt 0.658203 0.791992
vt 0.673828 0.782715
vt 0.658203 0.782715
vt 0.673828 0.791992
vt 0.658203 0.782715
vt 0.673828 0.782715
vt 0.673828 0.791504
vt 0.658203 0.791992
vt 0.673828 0.791992
vt 0.658203 0.791992
vt 0.673828 0.782715
vt 0.658203 0.782715
vt 0.673828 0.782715
vt 0.658203 0.791992
vt 0.658203 0.782715
vt 0.673828 0.791504
vt 0.658203 0.791992
vt 0.673828 0.791992
vt 0.658203 0.782715
vt 0.673828 0.791992
vt 0.673828 0.782715
vt 0.673828 0.791992
vt 0.658203 0.782715
vt 0.673828 0.782715
vt 0.673828 0.791504
vt 0.658203 0.791992
vt 0.673828 0.791992
vt 0.658203 0.791992
vt 0.673828 0.782715
vt 0.658203 0.782715
vt 0.673828 0.791992
vt 0.658203 0.782715
vt 0.673828 0.782715
vt 0.673828 0.791504
vt 0.658203 0.791992
vt 0.673828 0.791992
vt 0.658203 0.791992
vt 0.673828 0.782715
vt 0.658203 0.782715
vt 0.673828 0.782715
vt 0.658203 0.791992
vt 0.658203 0.782715
vt 0.673828 0.791504
vt 0.658203 0.791992
vt 0.673828 0.791992
vt 0.658203 0.791992
vt 0.673828 0.782715
vt 0.658203 0.782715
vt 0.673828 0.782715
vt 0.658203 0.791992
vt 0.658203 0.782715
vt 0.673828 0.791504
vt 0.658203 0.791992
vt 0.673828 0.791992
vt 0.658203 0.782715
vt 0.673828 0.791992
vt 0.673828 0.782715
vt 0.673828 0.791992
vt 0.658203 0.782715
vt 0.673828 0.782715
vt 0.673828 0.791504
vt 0.658203 0.791992
vt 0.673828 0.791992
vt 0.509766 0.806641
vt 0.512613 0.805301
vt 0.512417 0.807041
vt 0.509766 0.806641
vt 0.505859 0.806152
vt 0.509766 0.805664
vt 0.509766 0.805664
vt 0.506183 0.804327
vt 0.512613 0.805301
vt 0.505859 0.805176
vt 0.505859 0.805176
vt 0.499223 0.805172
vt 0.506183 0.804327
vt 0.501953 0.805664
vt 0.501953 0.805664
vt 0.498995 0.807093
vt 0.499223 0.805172
vt 0.501953 0.806641
vt 0.505859 0.807129
vt 0.498995 0.807093
vt 0.505859 0.807129
vt 0.506112 0.807982
vt 0.506112 0.807982
vt 0.509766 0.806641
vt 0.512417 0.807041
vt 0.512417 0.807041
vt 0.509766 0.805664
vt 0.512613 0.805301
vt 0.509766 0.806641
vt 0.505859 0.806152
vt 0.509766 0.805664
vt 0.512613 0.805301
vt 0.505859 0.805176
vt 0.506183 0.804327
vt 0.505859 0.805176
vt 0.506183 0.804327
vt 0.501953 0.805664
vt 0.499223 0.805172
vt 0.501953 0.805664
vt 0.499223 0.805172
vt 0.501953 0.806641
vt 0.498995 0.807093
vt 0.501953 0.806641
vt 0.505859 0.807129
vt 0.498995 0.807093
vt 0.505859 0.807129
vt 0.506112 0.807982
vt 0.506112 0.807982
vt 0.509766 0.806641
vt 0.512417 0.807041
vt 0.512417 0.807041
vt 0.509766 0.805664
vt 0.512613 0.805301
vt 0.509766 0.806641
vt 0.505859 0.806152
vt 0.509766 0.805664
vt 0.509766 0.805664
vt 0.506183 0.804327
vt 0.512613 0.805301
vt 0.505859 0.805176
vt 0.505859 0.805176
vt 0.499223 0.805172
vt 0.506183 0.804327
vt 0.501953 0.805664
vt 0.501953 0.805664
vt 0.498995 0.807093
vt 0.499223 0.805172
vt 0.501953 0.806641
vt 0.505859 0.807129
vt 0.501953 0.806641
vt 0.506112 0.807982
vt 0.498995 0.807093
vt 0.506112 0.807982
vt 0.509766 0.806641
vt 0.512417 0.807041
vt 0.512417 0.807041
vt 0.509766 0.805664
vt 0.512613 0.805301
vt 0.509766 0.806641
vt 0.505859 0.806152
vt 0.509766 0.805664
vt 0.512613 0.805301
vt 0.505859 0.805176
vt 0.506183 0.804327
vt 0.505859 0.805176
vt 0.505859 0.805176
vt 0.499223 0.805172
vt 0.506183 0.804327
vt 0.501953 0.805664
vt 0.501953 0.805664
vt 0.498995 0.807093
vt 0.499223 0.805172
vt 0.501953 0.806641
vt 0.505859 0.807129
vt 0.501953 0.806641
vt 0.506112 0.807982
vt 0.498995 0.807093
vt 0.506112 0.807982
vt 0.509766 0.806641
vt 0.512417 0.807041
vt 0.509766 0.806641
vt 0.512613 0.805301
vt 0.512417 0.807041
vt 0.509766 0.806641
vt 0.505859 0.806152
vt 0.509766 0.805664
vt 0.509766 0.805664
vt 0.506183 0.804327
vt 0.512613 0.805301
vt 0.505859 0.805176
vt 0.506183 0.804327
vt 0.501953 0.805664
vt 0.499223 0.805172
vt 0.501953 0.805664
vt 0.501953 0.805664
vt 0.498995 0.807093
vt 0.499223 0.805172
vt 0.501953 0.806641
vt 0.505859 0.807129
vt 0.501953 0.806641
vt 0.506112 0.807982
vt 0.498995 0.807093
vt 0.506112 0.807982
vt 0.509766 0.806641
vt 0.512417 0.807041
vt 0.512417 0.807041
vt 0.509766 0.805664
vt 0.512613 0.805301
vt 0.509766 0.806641
vt 0.505859 0.806152
vt 0.509766 0.805664
vt 0.512613 0.805301
vt 0.505859 0.805176
vt 0.506183 0.804327
vt 0.505859 0.805176
vt 0.506183 0.804327
vt 0.501953 0.805664
vt 0.499223 0.805172
vt 0.501953 0.805664
vt 0.501953 0.805664
vt 0.498995 0.807093
vt 0.499223 0.805172
vt 0.501953 0.806641
vt 0.505859 0.807129
vt 0.501953 0.806641
vt 0.506112 0.807982
vt 0.498995 0.807093
vt 0.506112 0.807982
vt 0.509766 0.806641
vt 0.512417 0.807041
vt 0.512417 0.807041
vt 0.509766 0.805664
vt 0.512613 0.805301
vt 0.509766 0.806641
vt 0.505859 0.806152
vt 0.509766 0.805664
vt 0.512613 0.805301
vt 0.505859 0.805176
vt 0.506183 0.804327
vt 0.505859 0.805176
vt 0.505859 0.805176
vt 0.499223 0.805172
vt 0.506183 0.804327
vt 0.501953 0.805664
vt 0.501953 0.805664
vt 0.498995 0.807093
vt 0.499223 0.805172
vt 0.501953 0.806641
vt 0.505859 0.807129
vt 0.501953 0.806641
vt 0.506112 0.807982
vt 0.498995 0.807093
vt 0.506112 0.807982
vt 0.509766 0.806641
vt 0.512417 0.807041
vt 0.512417 0.807041
vt 0.509766 0.805664
vt 0.512613 0.805301
vt 0.509766 0.806641
vt 0.505859 0.806152
vt 0.509766 0.805664
vt 0.509766 0.805664
vt 0.506183 0.804327
vt 0.512613 0.805301
vt 0.505859 0.805176
vt 0.505859 0.805176
vt 0.499223 0.805172
vt 0.506183 0.804327
vt 0.501953 0.805664
vt 0.501953 0.805664
vt 0.498995 0.807093
vt 0.499223 0.805172
vt 0.501953 0.806641
vt 0.505859 0.807129
vt 0.501953 0.806641
vt 0.506112 0.807982
vt 0.498995 0.807093
vt 0.506112 0.807982
vt 0.509766 0.806641
vt 0.512417 0.807041
vt 0.512417 0.807041
vt 0.509766 0.805664
vt 0.512613 0.805301
vt 0.509766 0.806641
vt 0.505859 0.806152
vt 0.509766 0.805664
vt 0.512613 0.805301
vt 0.505859 0.805176
vt 0.506183 0.804327
vt 0.505859 0.805176
vt 0.506183 0.804327
vt 0.501953 0.805664
vt 0.499223 0.805172
vt 0.501953 0.805664
vt 0.501953 0.805664
vt 0.498995 0.807093
vt 0.499223 0.805172
vt 0.501953 0.806641
vt 0.505859 0.807129
vt 0.501953 0.806641
vt 0.506112 0.807982
vt 0.498995 0.807093
vt 0.506112 0.807982
vt 0.509766 0.806641
vt 0.512417 0.807041
vt 0.512417 0.807041
vt 0.509766 0.805664
vt 0.512613 0.805301
vt 0.509766 0.806641
vt 0.505859 0.806152
vt 0.509766 0.805664
vt 0.509766 0.805664
vt 0.506183 0.804327
vt 0.512613 0.805301
vt 0.505859 0.805176
vt 0.505859 0.805176
vt 0.499223 0.805172
vt 0.506183 0.804327
vt 0.501953 0.805664
vt 0.501953 0.805664
vt 0.498995 0.807093
vt 0.499223 0.805172
vt 0.501953 0.806641
vt 0.505859 0.807129
vt 0.501953 0.806641
vt 0.506112 0.807982
vt 0.498995 0.807093
vt 0.506112 0.807982
vt 0.509766 0.806641
vt 0.512417 0.807041
vt 0.509766 0.806641
vt 0.512613 0.805301
vt 0.512417 0.807041
vt 0.509766 0.806641
vt 0.505859 0.806152
vt 0.509766 0.805664
vt 0.509766 0.805664
vt 0.506183 0.804327
vt 0.512613 0.805301
vt 0.505859 0.805176
vt 0.505859 0.805176
vt 0.499223 0.805172
vt 0.506183 0.804327
vt 0.501953 0.805664
vt 0.501953 0.805664
vt 0.498995 0.807093
vt 0.499223 0.805172
vt 0.501953 0.806641
vt 0.505859 0.807129
vt 0.501953 0.806641
vt 0.506112 0.807982
vt 0.498995 0.807093
vt 0.506112 0.807982
vt 0.509766 0.806641
vt 0.512417 0.807041
vt 0.512417 0.807041
vt 0.509766 0.805664
vt 0.512613 0.805301
vt 0.509766 0.806641
vt 0.505859 0.806152
vt 0.509766 0.805664
vt 0.509766 0.805664
vt 0.506183 0.804327
vt 0.512613 0.805301
vt 0.505859 0.805176
vt 0.505859 0.805176
vt 0.499223 0.805172
vt 0.506183 0.804327
vt 0.501953 0.805664
vt 0.501953 0.805664
vt 0.498995 0.807093
vt 0.499223 0.805172
vt 0.501953 0.806641
vt 0.505859 0.807129
vt 0.498995 0.807093
vt 0.505859 0.807129
vt 0.506112 0.807982
vt 0.506112 0.807982
vt 0.509766 0.806641
vt 0.512417 0.807041
vt 0.512613 0.805301
vt 0.509766 0.806641
vt 0.512417 0.807041
vt 0.509766 0.806641
vt 0.509766 0.805664
vt 0.505859 0.806152
vt 0.506183 0.804327
vt 0.509766 0.805664
vt 0.512613 0.805301
vt 0.505859 0.805176
vt 0.506183 0.804327
vt 0.501953 0.805664
vt 0.505859 0.805176
vt 0.501953 0.805664
vt 0.498995 0.807093
vt 0.501953 0.805664
vt 0.499223 0.805172
vt 0.501953 0.806641
vt 0.505859 0.807129
vt 0.498995 0.807093
vt 0.505859 0.807129
vt 0.501953 0.806641
vt 0.512417 0.807041
vt 0.505859 0.807129
vt 0.506112 0.807982
vt 0.512613 0.805301
vt 0.509766 0.806641
vt 0.512417 0.807041
vt 0.509766 0.806641
vt 0.509766 0.805664
vt 0.505859 0.806152
vt 0.512613 0.805301
vt 0.505859 0.805176
vt 0.509766 0.805664
vt 0.505859 0.805176
vt 0.506183 0.804327
vt 0.501953 0.805664
vt 0.505859 0.805176
vt 0.501953 0.805664
vt 0.499223 0.805172
vt 0.501953 0.806641
vt 0.501953 0.805664
vt 0.501953 0.806641
vt 0.505859 0.807129
vt 0.498995 0.807093
vt 0.505859 0.807129
vt 0.501953 0.806641
vt 0.512417 0.807041
vt 0.505859 0.807129
vt 0.506112 0.807982
vt 0.512417 0.807041
vt 0.509766 0.805664
vt 0.509766 0.806641
vt 0.509766 0.806641
vt 0.509766 0.805664
vt 0.505859 0.806152
vt 0.506183 0.804327
vt 0.509766 0.805664
vt 0.512613 0.805301
vt 0.505859 0.805176
vt 0.499223 0.805172
vt 0.505859 0.805176
vt 0.506183 0.804327
vt 0.501953 0.805664
vt 0.498995 0.807093
vt 0.501953 0.805664
vt 0.499223 0.805172
vt 0.501953 0.806641
vt 0.505859 0.807129
vt 0.498995 0.807093
vt 0.505859 0.807129
vt 0.501953 0.806641
vt 0.506112 0.807982
vt 0.509766 0.806641
vt 0.505859 0.807129
vt 0.512417 0.807041
vt 0.509766 0.805664
vt 0.509766 0.806641
vt 0.509766 0.806641
vt 0.509766 0.805664
vt 0.505859 0.806152
vt 0.512613 0.805301
vt 0.505859 0.805176
vt 0.509766 0.805664
vt 0.505859 0.805176
vt 0.499223 0.805172
vt 0.505859 0.805176
vt 0.506183 0.804327
vt 0.501953 0.805664
vt 0.498995 0.807093
vt 0.501953 0.805664
vt 0.499223 0.805172
vt 0.501953 0.806641
vt 0.505859 0.807129
vt 0.506112 0.807982
vt 0.501953 0.806641
vt 0.498995 0.807093
vt 0.506112 0.807982
vt 0.509766 0.806641
vt 0.505859 0.807129
vt 0.512417 0.807041
vt 0.509766 0.805664
vt 0.509766 0.806641
vt 0.509766 0.806641
vt 0.509766 0.805664
vt 0.505859 0.806152
vt 0.506183 0.804327
vt 0.509766 0.805664
vt 0.512613 0.805301
vt 0.505859 0.805176
vt 0.506183 0.804327
vt 0.501953 0.805664
vt 0.505859 0.805176
vt 0.501953 0.805664
vt 0.499223 0.805172
vt 0.501953 0.806641
vt 0.501953 0.805664
vt 0.501953 0.806641
vt 0.505859 0.807129
vt 0.498995 0.807093
vt 0.505859 0.807129
vt 0.501953 0.806641
vt 0.506112 0.807982
vt 0.509766 0.806641
vt 0.505859 0.807129
vt 0.512417 0.807041
vt 0.509766 0.805664
vt 0.509766 0.806641
vt 0.509766 0.806641
vt 0.509766 0.805664
vt 0.505859 0.806152
vt 0.512613 0.805301
vt 0.505859 0.805176
vt 0.509766 0.805664
vt 0.505859 0.805176
vt 0.506183 0.804327
vt 0.501953 0.805664
vt 0.505859 0.805176
vt 0.501953 0.805664
vt 0.498995 0.807093
vt 0.501953 0.805664
vt 0.499223 0.805172
vt 0.501953 0.806641
vt 0.505859 0.807129
vt 0.506112 0.807982
vt 0.501953 0.806641
vt 0.498995 0.807093
vt 0.506112 0.807982
vt 0.509766 0.806641
vt 0.505859 0.807129
vt 0.512417 0.807041
vt 0.509766 0.805664
vt 0.509766 0.806641
vt 0.509766 0.806641
vt 0.509766 0.805664
vt 0.505859 0.806152
vt 0.512613 0.805301
vt 0.505859 0.805176
vt 0.509766 0.805664
vt 0.505859 0.805176
vt 0.499223 0.805172
vt 0.505859 0.805176
vt 0.506183 0.804327
vt 0.501953 0.805664
vt 0.498995 0.807093
vt 0.501953 0.805664
vt 0.499223 0.805172
vt 0.501953 0.806641
vt 0.505859 0.807129
vt 0.506112 0.807982
vt 0.501953 0.806641
vt 0.498995 0.807093
vt 0.506112 0.807982
vt 0.509766 0.806641
vt 0.505859 0.807129
vt 0.512417 0.807041
vt 0.509766 0.805664
vt 0.509766 0.806641
vt 0.509766 0.806641
vt 0.509766 0.805664
vt 0.505859 0.806152
vt 0.506183 0.804327
vt 0.509766 0.805664
vt 0.512613 0.805301
vt 0.505859 0.805176
vt 0.499223 0.805172
vt 0.505859 0.805176
vt 0.506183 0.804327
vt 0.501953 0.805664
vt 0.498995 0.807093
vt 0.501953 0.805664
vt 0.499223 0.805172
vt 0.501953 0.806641
vt 0.505859 0.807129
vt 0.506112 0.807982
vt 0.501953 0.806641
vt 0.498995 0.807093
vt 0.506112 0.807982
vt 0.509766 0.806641
vt 0.505859 0.807129
vt 0.512417 0.807041
vt 0.509766 0.805664
vt 0.509766 0.806641
vt 0.509766 0.806641
vt 0.509766 0.805664
vt 0.505859 0.806152
vt 0.512613 0.805301
vt 0.505859 0.805176
vt 0.509766 0.805664
vt 0.505859 0.805176
vt 0.506183 0.804327
vt 0.501953 0.805664
vt 0.505859 0.805176
vt 0.501953 0.805664
vt 0.498995 0.807093
vt 0.501953 0.805664
vt 0.499223 0.805172
vt 0.501953 0.806641
vt 0.505859 0.807129
vt 0.506112 0.807982
vt 0.501953 0.806641
vt 0.498995 0.807093
vt 0.506112 0.807982
vt 0.509766 0.806641
vt 0.505859 0.807129
vt 0.512417 0.807041
vt 0.509766 0.805664
vt 0.509766 0.806641
vt 0.509766 0.806641
vt 0.509766 0.805664
vt 0.505859 0.806152
vt 0.506183 0.804327
vt 0.509766 0.805664
vt 0.512613 0.805301
vt 0.505859 0.805176
vt 0.499223 0.805172
vt 0.505859 0.805176
vt 0.506183 0.804327
vt 0.501953 0.805664
vt 0.498995 0.807093
vt 0.501953 0.805664
vt 0.499223 0.805172
vt 0.501953 0.806641
vt 0.505859 0.807129
vt 0.506112 0.807982
vt 0.501953 0.806641
vt 0.498995 0.807093
vt 0.506112 0.807982
vt 0.509766 0.806641
vt 0.505859 0.807129
vt 0.512417 0.807041
vt 0.509766 0.805664
vt 0.509766 0.806641
vt 0.509766 0.806641
vt 0.509766 0.805664
vt 0.505859 0.806152
vt 0.506183 0.804327
vt 0.509766 0.805664
vt 0.512613 0.805301
vt 0.505859 0.805176
vt 0.499223 0.805172
vt 0.505859 0.805176
vt 0.506183 0.804327
vt 0.501953 0.805664
vt 0.498995 0.807093
vt 0.501953 0.805664
vt 0.499223 0.805172
vt 0.501953 0.806641
vt 0.505859 0.807129
vt 0.506112 0.807982
vt 0.501953 0.806641
vt 0.498995 0.807093
vt 0.506112 0.807982
vt 0.509766 0.806641
vt 0.505859 0.807129
vt 0.512417 0.807041
vt 0.509766 0.805664
vt 0.509766 0.806641
vt 0.509766 0.806641
vt 0.509766 0.805664
vt 0.505859 0.806152
vt 0.506183 0.804327
vt 0.509766 0.805664
vt 0.512613 0.805301
vt 0.505859 0.805176
vt 0.499223 0.805172
vt 0.505859 0.805176
vt 0.506183 0.804327
vt 0.501953 0.805664
vt 0.498995 0.807093
vt 0.501953 0.805664
vt 0.499223 0.805172
vt 0.501953 0.806641
vt 0.505859 0.807129
vt 0.498995 0.807093
vt 0.505859 0.807129
vt 0.501953 0.806641
vt 0.506112 0.807982
vt 0.509766 0.806641
vt 0.505859 0.807129
vt 0.089844 0.541016
vt 0.031250 0.551758
vt 0.082031 0.551758
vt 0.031250 0.551758
vt 0.039062 0.541016
vt 0.039062 0.551758
vt 0.039062 0.541016
vt 0.324219 0.551758
vt 0.031250 0.551758
vt 0.324219 0.551758
vt 0.207031 0.541016
vt 0.199219 0.551758
vt 0.324219 0.541016
vt 0.031250 0.551758
vt 0.324219 0.551758
vt 0.031250 0.541016
vt 0.250000 0.551758
vt 0.039062 0.551758
vt 0.324219 0.541016
vt 0.031250 0.551758
vt 0.324219 0.551758
vt 0.207031 0.541016
vt 0.333984 0.551758
vt 0.199219 0.551758
vt 0.031250 0.551758
vt 0.115234 0.541016
vt 0.115234 0.551758
vt 0.291016 0.541016
vt 0.324219 0.551758
vt 0.291016 0.551758
vt 0.039062 0.541016
vt 0.324219 0.551758
vt 0.031250 0.551758
vt 0.291016 0.541016
vt 0.333984 0.551758
vt 0.283203 0.551758
vt 0.324219 0.541016
vt 0.330078 0.546387
vt 0.324219 0.551758
vt 0.207031 0.541016
vt 0.324219 0.551758
vt 0.207031 0.551758
vt 0.324219 0.541016
vt 0.240234 0.551758
vt 0.324219 0.551758
vt 0.039062 0.541016
vt 0.123047 0.551758
vt 0.031250 0.551758
vt 0.324219 0.551758
vt 0.291016 0.541016
vt 0.283203 0.551758
vt 0.072266 0.551758
vt 0.333984 0.541016
vt 0.324219 0.551758
vt 0.039062 0.541016
vt 0.035156 0.546387
vt 0.031250 0.541016
vt 0.324219 0.551758
vt 0.132812 0.541016
vt 0.123047 0.551758
vt 0.039062 0.551758
vt 0.324219 0.541016
vt 0.333984 0.551758
vt 0.324219 0.541016
vt 0.039062 0.551758
vt 0.324219 0.551758
vt 0.324219 0.551758
vt 0.173828 0.541016
vt 0.166016 0.551758
vt 0.031250 0.551758
vt 0.199219 0.541016
vt 0.199219 0.551758
vt 0.240234 0.551758
vt 0.324219 0.541016
vt 0.333984 0.551758
vt 0.082031 0.551758
vt 0.333984 0.541016
vt 0.324219 0.551758
vt 0.048828 0.541016
vt 0.039062 0.551758
vt 0.031250 0.541016
vt 0.132812 0.541016
vt 0.031250 0.551758
vt 0.123047 0.551758
vt 0.039062 0.551758
vt 0.324219 0.541016
vt 0.333984 0.551758
vt 0.031250 0.551758
vt 0.207031 0.541016
vt 0.207031 0.551758
vt 0.156250 0.541016
vt 0.324219 0.551758
vt 0.156250 0.551758
vt 0.240234 0.551758
vt 0.333984 0.541016
vt 0.324219 0.551758
vt 0.031250 0.541016
vt 0.115234 0.551758
vt 0.039062 0.551758
vt 0.324219 0.541016
vt 0.031250 0.551758
vt 0.324219 0.551758
vt 0.039062 0.551758
vt 0.324219 0.541016
vt 0.333984 0.551758
vt 0.324219 0.541016
vt 0.031250 0.551758
vt 0.324219 0.551758
vt 0.324219 0.551758
vt 0.330078 0.546387
vt 0.333984 0.551758
vt 0.031250 0.551758
vt 0.283203 0.541016
vt 0.283203 0.551758
vt 0.166016 0.551758
vt 0.333984 0.541016
vt 0.324219 0.551758
vt 0.031250 0.541016
vt 0.123047 0.551758
vt 0.039062 0.551758
vt 0.216797 0.541016
vt 0.333984 0.551758
vt 0.207031 0.551758
vt 0.082031 0.541016
vt 0.333984 0.551758
vt 0.072266 0.551758
vt 0.324219 0.551758
vt 0.082031 0.541016
vt 0.072266 0.551758
vt 0.291016 0.541016
vt 0.031250 0.551758
vt 0.283203 0.551758
vt 0.039062 0.541016
vt 0.291016 0.551758
vt 0.031250 0.551758
vt 0.199219 0.551758
vt 0.031250 0.541016
vt 0.031250 0.551758
vt 0.324219 0.541016
vt 0.031250 0.551758
vt 0.324219 0.551758
vt 0.031250 0.541016
vt 0.199219 0.551758
vt 0.039062 0.551758
vt 0.300781 0.541016
vt 0.031250 0.551758
vt 0.291016 0.551758
vt 0.089844 0.541016
vt 0.333984 0.551758
vt 0.082031 0.551758
vt 0.039062 0.541016
vt 0.324219 0.551758
vt 0.031250 0.551758
vt 0.031250 0.541016
vt 0.207031 0.551758
vt 0.039062 0.551758
vt 0.156250 0.551758
vt 0.324219 0.541016
vt 0.333984 0.551758
vt 0.324219 0.551758
vt 0.216797 0.541016
vt 0.207031 0.551758
vt 0.031250 0.551758
vt 0.072266 0.541016
vt 0.072266 0.551758
vt 0.166016 0.541016
vt 0.031250 0.551758
vt 0.156250 0.551758
vt 0.039062 0.541016
vt 0.324219 0.551758
vt 0.031250 0.551758
vt 0.072266 0.551758
vt 0.031250 0.541016
vt 0.031250 0.551758
vt 0.250000 0.551758
vt 0.333984 0.541016
vt 0.324219 0.551758
vt 0.039062 0.551758
vt 0.291016 0.541016
vt 0.283203 0.551758
vt 0.166016 0.551758
vt 0.031250 0.541016
vt 0.031250 0.551758
vt 0.166016 0.551758
vt 0.324219 0.541016
vt 0.333984 0.551758
vt 0.031250 0.551758
vt 0.082031 0.541016
vt 0.082031 0.551758
vt 0.039062 0.541016
vt 0.324219 0.551758
vt 0.031250 0.551758
vt 0.283203 0.541016
vt 0.324219 0.551758
vt 0.283203 0.551758
vt 0.039062 0.551758
vt 0.300781 0.541016
vt 0.291016 0.551758
vt 0.324219 0.551758
vt 0.324219 0.541016
vt 0.333984 0.541016
vt 0.324219 0.541016
vt 0.082031 0.551758
vt 0.324219 0.551758
vt 0.031250 0.551758
vt 0.156250 0.541016
vt 0.156250 0.551758
vt 0.031250 0.551758
vt 0.039062 0.541016
vt 0.031250 0.541016
vt 0.039062 0.551758
vt 0.333984 0.541016
vt 0.324219 0.551758
vt 0.207031 0.551758
vt 0.031250 0.541016
vt 0.031250 0.551758
vt 0.039062 0.551758
vt 0.324219 0.541016
vt 0.333984 0.551758
vt 0.250000 0.551758
vt 0.324219 0.541016
vt 0.333984 0.551758
vt 0.324219 0.541016
vt 0.115234 0.551758
vt 0.324219 0.551758
vt 0.031250 0.551758
vt 0.166016 0.541016
vt 0.166016 0.551758
vt 0.324219 0.541016
vt 0.156250 0.551758
vt 0.324219 0.551758
vt 0.115234 0.541016
vt 0.324219 0.551758
vt 0.115234 0.551758
vt 0.324219 0.541016
vt 0.031250 0.551758
vt 0.324219 0.551758
vt 0.031250 0.541016
vt 0.072266 0.551758
vt 0.039062 0.551758
vt 0.039062 0.551758
vt 0.324219 0.541016
vt 0.333984 0.551758
vt 0.324219 0.541016
vt 0.031250 0.551758
vt 0.324219 0.551758
vt 0.031250 0.551758
vt 0.240234 0.541016
vt 0.240234 0.551758
vt 0.123047 0.541016
vt 0.324219 0.551758
vt 0.123047 0.551758
vt 0.291016 0.551758
vt 0.324219 0.541016
vt 0.333984 0.551758
vt 0.031250 0.541016
vt 0.082031 0.551758
vt 0.039062 0.551758
vt 0.039062 0.541016
vt 0.324219 0.541016
vt 0.039062 0.551758
vt 0.324219 0.541016
vt 0.250000 0.551758
vt 0.324219 0.551758
vt 0.039062 0.541016
vt 0.250000 0.551758
vt 0.031250 0.551758
vt 0.324219 0.551758
vt 0.300781 0.541016
vt 0.291016 0.551758
vt 0.199219 0.541016
vt 0.324219 0.551758
vt 0.199219 0.551758
vt 0.240234 0.551758
vt 0.031250 0.541016
vt 0.031250 0.551758
vt 0.031250 0.541016
vt 0.156250 0.551758
vt 0.039062 0.551758
vt 0.039062 0.551758
vt 0.324219 0.541016
vt 0.333984 0.551758
vt 0.250000 0.551758
vt 0.031250 0.541016
vt 0.031250 0.551758
vt 0.039062 0.541016
vt 0.324219 0.551758
vt 0.031250 0.551758
vt 0.039062 0.551758
vt 0.031250 0.541016
vt 0.031250 0.551758
vt 0.031250 0.541016
vt 0.166016 0.551758
vt 0.039062 0.551758
vt 0.115234 0.551758
vt 0.324219 0.541016
vt 0.333984 0.551758
vt 0.039062 0.541016
vt 0.324219 0.551758
vt 0.031250 0.551758
vt 0.123047 0.541016
vt 0.031250 0.551758
vt 0.115234 0.551758
vt 0.031250 0.541016
vt 0.240234 0.551758
vt 0.039062 0.551758
vt 0.132812 0.541016
vt 0.333984 0.551758
vt 0.123047 0.551758
vt 0.089844 0.541016
vt 0.031250 0.551758
vt 0.082031 0.551758
vt 0.031250 0.551758
vt 0.039062 0.541016
vt 0.039062 0.551758
vt 0.039062 0.541016
vt 0.324219 0.551758
vt 0.031250 0.551758
vt 0.324219 0.551758
vt 0.207031 0.541016
vt 0.199219 0.551758
vt 0.324219 0.541016
vt 0.031250 0.551758
vt 0.324219 0.551758
vt 0.039062 0.551758
vt 0.257812 0.541016
vt 0.250000 0.551758
vt 0.324219 0.541016
vt 0.031250 0.551758
vt 0.324219 0.551758
vt 0.207031 0.541016
vt 0.333984 0.551758
vt 0.199219 0.551758
vt 0.031250 0.551758
vt 0.115234 0.541016
vt 0.115234 0.551758
vt 0.291016 0.541016
vt 0.324219 0.551758
vt 0.291016 0.551758
vt 0.039062 0.541016
vt 0.324219 0.551758
vt 0.031250 0.551758
vt 0.291016 0.541016
vt 0.333984 0.551758
vt 0.283203 0.551758
vt 0.324219 0.541016
vt 0.330078 0.546387
vt 0.324219 0.551758
vt 0.207031 0.541016
vt 0.324219 0.551758
vt 0.207031 0.551758
vt 0.324219 0.541016
vt 0.240234 0.551758
vt 0.324219 0.551758
vt 0.031250 0.551758
vt 0.123047 0.541016
vt 0.123047 0.551758
vt 0.324219 0.551758
vt 0.291016 0.541016
vt 0.283203 0.551758
vt 0.072266 0.541016
vt 0.324219 0.551758
vt 0.072266 0.551758
vt 0.039062 0.541016
vt 0.035156 0.546387
vt 0.031250 0.541016
vt 0.324219 0.541016
vt 0.123047 0.551758
vt 0.324219 0.551758
vt 0.039062 0.551758
vt 0.324219 0.541016
vt 0.333984 0.551758
vt 0.324219 0.541016
vt 0.039062 0.551758
vt 0.324219 0.551758
vt 0.324219 0.541016
vt 0.166016 0.551758
vt 0.324219 0.551758
vt 0.031250 0.551758
vt 0.199219 0.541016
vt 0.199219 0.551758
vt 0.240234 0.551758
vt 0.324219 0.541016
vt 0.333984 0.551758
vt 0.082031 0.541016
vt 0.324219 0.551758
vt 0.082031 0.551758
vt 0.048828 0.541016
vt 0.039062 0.551758
vt 0.031250 0.541016
vt 0.132812 0.541016
vt 0.031250 0.551758
vt 0.123047 0.551758
vt 0.039062 0.551758
vt 0.324219 0.541016
vt 0.333984 0.551758
vt 0.031250 0.551758
vt 0.207031 0.541016
vt 0.207031 0.551758
vt 0.156250 0.541016
vt 0.324219 0.551758
vt 0.156250 0.551758
vt 0.240234 0.551758
vt 0.333984 0.541016
vt 0.324219 0.551758
vt 0.031250 0.541016
vt 0.115234 0.551758
vt 0.039062 0.551758
vt 0.324219 0.541016
vt 0.031250 0.551758
vt 0.324219 0.551758
vt 0.039062 0.551758
vt 0.324219 0.541016
vt 0.333984 0.551758
vt 0.324219 0.541016
vt 0.031250 0.551758
vt 0.324219 0.551758
vt 0.324219 0.551758
vt 0.330078 0.546387
vt 0.333984 0.551758
vt 0.039062 0.541016
vt 0.283203 0.551758
vt 0.031250 0.551758
vt 0.166016 0.541016
vt 0.324219 0.551758
vt 0.166016 0.551758
vt 0.031250 0.541016
vt 0.123047 0.551758
vt 0.039062 0.551758
vt 0.207031 0.551758
vt 0.324219 0.541016
vt 0.333984 0.551758
vt 0.072266 0.551758
vt 0.324219 0.541016
vt 0.333984 0.551758
vt 0.324219 0.541016
vt 0.072266 0.551758
vt 0.324219 0.551758
vt 0.291016 0.541016
vt 0.031250 0.551758
vt 0.283203 0.551758
vt 0.031250 0.551758
vt 0.291016 0.541016
vt 0.291016 0.551758
vt 0.199219 0.551758
vt 0.031250 0.541016
vt 0.031250 0.551758
vt 0.324219 0.541016
vt 0.031250 0.551758
vt 0.324219 0.551758
vt 0.031250 0.541016
vt 0.199219 0.551758
vt 0.039062 0.551758
vt 0.300781 0.541016
vt 0.031250 0.551758
vt 0.291016 0.551758
vt 0.089844 0.541016
vt 0.333984 0.551758
vt 0.082031 0.551758
vt 0.039062 0.541016
vt 0.324219 0.551758
vt 0.031250 0.551758
vt 0.031250 0.541016
vt 0.207031 0.551758
vt 0.039062 0.551758
vt 0.156250 0.551758
vt 0.324219 0.541016
vt 0.333984 0.551758
vt 0.324219 0.551758
vt 0.216797 0.541016
vt 0.207031 0.551758
vt 0.031250 0.551758
vt 0.072266 0.541016
vt 0.072266 0.551758
vt 0.166016 0.541016
vt 0.031250 0.551758
vt 0.156250 0.551758
vt 0.039062 0.541016
vt 0.324219 0.551758
vt 0.031250 0.551758
vt 0.072266 0.551758
vt 0.031250 0.541016
vt 0.031250 0.551758
vt 0.250000 0.551758
vt 0.333984 0.541016
vt 0.324219 0.551758
vt 0.039062 0.551758
vt 0.291016 0.541016
vt 0.283203 0.551758
vt 0.166016 0.551758
vt 0.031250 0.541016
vt 0.031250 0.551758
vt 0.173828 0.541016
vt 0.333984 0.551758
vt 0.166016 0.551758
vt 0.031250 0.551758
vt 0.082031 0.541016
vt 0.082031 0.551758
vt 0.039062 0.541016
vt 0.324219 0.551758
vt 0.031250 0.551758
vt 0.283203 0.541016
vt 0.324219 0.551758
vt 0.283203 0.551758
vt 0.031250 0.541016
vt 0.291016 0.551758
vt 0.039062 0.551758
vt 0.324219 0.551758
vt 0.324219 0.541016
vt 0.333984 0.541016
vt 0.324219 0.541016
vt 0.082031 0.551758
vt 0.324219 0.551758
vt 0.031250 0.551758
vt 0.156250 0.541016
vt 0.156250 0.551758
vt 0.031250 0.551758
vt 0.039062 0.541016
vt 0.031250 0.541016
vt 0.039062 0.541016
vt 0.324219 0.551758
vt 0.039062 0.551758
vt 0.207031 0.551758
vt 0.031250 0.541016
vt 0.031250 0.551758
vt 0.039062 0.551758
vt 0.324219 0.541016
vt 0.333984 0.551758
vt 0.250000 0.551758
vt 0.324219 0.541016
vt 0.333984 0.551758
vt 0.324219 0.551758
vt 0.123047 0.541016
vt 0.115234 0.551758
vt 0.031250 0.551758
vt 0.166016 0.541016
vt 0.166016 0.551758
vt 0.324219 0.541016
vt 0.156250 0.551758
vt 0.324219 0.551758
vt 0.115234 0.541016
vt 0.324219 0.551758
vt 0.115234 0.551758
vt 0.324219 0.541016
vt 0.031250 0.551758
vt 0.324219 0.551758
vt 0.031250 0.541016
vt 0.072266 0.551758
vt 0.039062 0.551758
vt 0.039062 0.551758
vt 0.324219 0.541016
vt 0.333984 0.551758
vt 0.324219 0.541016
vt 0.031250 0.551758
vt 0.324219 0.551758
vt 0.031250 0.551758
vt 0.240234 0.541016
vt 0.240234 0.551758
vt 0.123047 0.541016
vt 0.324219 0.551758
vt 0.123047 0.551758
vt 0.291016 0.551758
vt 0.324219 0.541016
vt 0.333984 0.551758
vt 0.031250 0.541016
vt 0.082031 0.551758
vt 0.039062 0.551758
vt 0.039062 0.541016
vt 0.324219 0.541016
vt 0.039062 0.551758
vt 0.324219 0.541016
vt 0.250000 0.551758
vt 0.324219 0.551758
vt 0.031250 0.551758
vt 0.250000 0.541016
vt 0.250000 0.551758
vt 0.324219 0.551758
vt 0.300781 0.541016
vt 0.291016 0.551758
vt 0.199219 0.541016
vt 0.324219 0.551758
vt 0.199219 0.551758
vt 0.240234 0.551758
vt 0.031250 0.541016
vt 0.031250 0.551758
vt 0.031250 0.541016
vt 0.156250 0.551758
vt 0.039062 0.551758
vt 0.039062 0.551758
vt 0.324219 0.541016
vt 0.333984 0.551758
vt 0.250000 0.551758
vt 0.031250 0.541016
vt 0.031250 0.551758
vt 0.031250 0.551758
vt 0.324219 0.541016
vt 0.324219 0.551758
vt 0.039062 0.551758
vt 0.031250 0.541016
vt 0.031250 0.551758
vt 0.031250 0.541016
vt 0.166016 0.551758
vt 0.039062 0.551758
vt 0.115234 0.551758
vt 0.324219 0.541016
vt 0.333984 0.551758
vt 0.039062 0.541016
vt 0.324219 0.551758
vt 0.031250 0.551758
vt 0.115234 0.551758
vt 0.031250 0.541016
vt 0.031250 0.551758
vt 0.031250 0.541016
vt 0.240234 0.551758
vt 0.039062 0.551758
vt 0.132812 0.541016
vt 0.333984 0.551758
vt 0.123047 0.551758
vt 0.082031 0.551758
vt 0.031250 0.541016
vt 0.031250 0.551758
vt 0.031250 0.551758
vt 0.039062 0.541016
vt 0.039062 0.551758
vt 0.039062 0.541016
vt 0.324219 0.551758
vt 0.031250 0.551758
vt 0.324219 0.551758
vt 0.207031 0.541016
vt 0.199219 0.551758
vt 0.324219 0.541016
vt 0.031250 0.551758
vt 0.324219 0.551758
vt 0.031250 0.541016
vt 0.250000 0.551758
vt 0.039062 0.551758
vt 0.324219 0.541016
vt 0.031250 0.551758
vt 0.324219 0.551758
vt 0.207031 0.541016
vt 0.333984 0.551758
vt 0.199219 0.551758
vt 0.031250 0.551758
vt 0.115234 0.541016
vt 0.115234 0.551758
vt 0.291016 0.541016
vt 0.324219 0.551758
vt 0.291016 0.551758
vt 0.039062 0.541016
vt 0.324219 0.551758
vt 0.031250 0.551758
vt 0.291016 0.541016
vt 0.333984 0.551758
vt 0.283203 0.551758
vt 0.324219 0.541016
vt 0.330078 0.546387
vt 0.324219 0.551758
vt 0.207031 0.541016
vt 0.324219 0.551758
vt 0.207031 0.551758
vt 0.324219 0.541016
vt 0.240234 0.551758
vt 0.324219 0.551758
vt 0.031250 0.551758
vt 0.123047 0.541016
vt 0.123047 0.551758
vt 0.324219 0.551758
vt 0.291016 0.541016
vt 0.283203 0.551758
vt 0.072266 0.551758
vt 0.333984 0.541016
vt 0.324219 0.551758
vt 0.039062 0.541016
vt 0.035156 0.546387
vt 0.031250 0.541016
vt 0.324219 0.541016
vt 0.123047 0.551758
vt 0.324219 0.551758
vt 0.039062 0.551758
vt 0.324219 0.541016
vt 0.333984 0.551758
vt 0.324219 0.541016
vt 0.039062 0.551758
vt 0.324219 0.551758
vt 0.324219 0.551758
vt 0.173828 0.541016
vt 0.166016 0.551758
vt 0.031250 0.551758
vt 0.199219 0.541016
vt 0.199219 0.551758
vt 0.240234 0.551758
vt 0.324219 0.541016
vt 0.333984 0.551758
vt 0.082031 0.551758
vt 0.333984 0.541016
vt 0.324219 0.551758
vt 0.048828 0.541016
vt 0.039062 0.551758
vt 0.031250 0.541016
vt 0.132812 0.541016
vt 0.031250 0.551758
vt 0.123047 0.551758
vt 0.039062 0.551758
vt 0.324219 0.541016
vt 0.333984 0.551758
vt 0.031250 0.551758
vt 0.207031 0.541016
vt 0.207031 0.551758
vt 0.156250 0.551758
vt 0.333984 0.541016
vt 0.324219 0.551758
vt 0.240234 0.551758
vt 0.333984 0.541016
vt 0.324219 0.551758
vt 0.031250 0.541016
vt 0.115234 0.551758
vt 0.039062 0.551758
vt 0.324219 0.541016
vt 0.031250 0.551758
vt 0.324219 0.551758
vt 0.039062 0.551758
vt 0.324219 0.541016
vt 0.333984 0.551758
vt 0.324219 0.541016
vt 0.031250 0.551758
vt 0.324219 0.551758
vt 0.324219 0.551758
vt 0.330078 0.546387
vt 0.333984 0.551758
vt 0.031250 0.551758
vt 0.283203 0.541016
vt 0.283203 0.551758
vt 0.166016 0.551758
vt 0.333984 0.541016
vt 0.324219 0.551758
vt 0.031250 0.541016
vt 0.123047 0.551758
vt 0.039062 0.551758
vt 0.216797 0.541016
vt 0.333984 0.551758
vt 0.207031 0.551758
vt 0.082031 0.541016
vt 0.333984 0.551758
vt 0.072266 0.551758
vt 0.324219 0.551758
vt 0.082031 0.541016
vt 0.072266 0.551758
vt 0.291016 0.541016
vt 0.031250 0.551758
vt 0.283203 0.551758
vt 0.031250 0.551758
vt 0.291016 0.541016
vt 0.291016 0.551758
vt 0.207031 0.541016
vt 0.031250 0.551758
vt 0.199219 0.551758
vt 0.324219 0.541016
vt 0.031250 0.551758
vt 0.324219 0.551758
vt 0.031250 0.541016
vt 0.199219 0.551758
vt 0.039062 0.551758
vt 0.300781 0.541016
vt 0.031250 0.551758
vt 0.291016 0.551758
vt 0.089844 0.541016
vt 0.333984 0.551758
vt 0.082031 0.551758
vt 0.039062 0.541016
vt 0.324219 0.551758
vt 0.031250 0.551758
vt 0.031250 0.541016
vt 0.207031 0.551758
vt 0.039062 0.551758
vt 0.156250 0.551758
vt 0.324219 0.541016
vt 0.333984 0.551758
vt 0.324219 0.551758
vt 0.216797 0.541016
vt 0.207031 0.551758
vt 0.031250 0.551758
vt 0.072266 0.541016
vt 0.072266 0.551758
vt 0.166016 0.541016
vt 0.031250 0.551758
vt 0.156250 0.551758
vt 0.039062 0.541016
vt 0.324219 0.551758
vt 0.031250 0.551758
vt 0.072266 0.551758
vt 0.031250 0.541016
vt 0.031250 0.551758
vt 0.250000 0.551758
vt 0.333984 0.541016
vt 0.324219 0.551758
vt 0.031250 0.541016
vt 0.283203 0.551758
vt 0.039062 0.551758
vt 0.166016 0.551758
vt 0.031250 0.541016
vt 0.031250 0.551758
vt 0.166016 0.551758
vt 0.324219 0.541016
vt 0.333984 0.551758
vt 0.031250 0.551758
vt 0.082031 0.541016
vt 0.082031 0.551758
vt 0.039062 0.541016
vt 0.324219 0.551758
vt 0.031250 0.551758
vt 0.283203 0.541016
vt 0.324219 0.551758
vt 0.283203 0.551758
vt 0.031250 0.541016
vt 0.291016 0.551758
vt 0.039062 0.551758
vt 0.324219 0.551758
vt 0.324219 0.541016
vt 0.333984 0.541016
vt 0.324219 0.541016
vt 0.082031 0.551758
vt 0.324219 0.551758
vt 0.031250 0.551758
vt 0.156250 0.541016
vt 0.156250 0.551758
vt 0.031250 0.551758
vt 0.039062 0.541016
vt 0.031250 0.541016
vt 0.039062 0.541016
vt 0.324219 0.551758
vt 0.039062 0.551758
vt 0.216797 0.541016
vt 0.031250 0.551758
vt 0.207031 0.551758
vt 0.039062 0.551758
vt 0.324219 0.541016
vt 0.333984 0.551758
vt 0.250000 0.551758
vt 0.324219 0.541016
vt 0.333984 0.551758
vt 0.324219 0.541016
vt 0.115234 0.551758
vt 0.324219 0.551758
vt 0.031250 0.551758
vt 0.166016 0.541016
vt 0.166016 0.551758
vt 0.324219 0.541016
vt 0.156250 0.551758
vt 0.324219 0.551758
vt 0.115234 0.551758
vt 0.333984 0.541016
vt 0.324219 0.551758
vt 0.324219 0.541016
vt 0.031250 0.551758
vt 0.324219 0.551758
vt 0.031250 0.541016
vt 0.072266 0.551758
vt 0.039062 0.551758
vt 0.039062 0.551758
vt 0.324219 0.541016
vt 0.333984 0.551758
vt 0.324219 0.541016
vt 0.031250 0.551758
vt 0.324219 0.551758
vt 0.031250 0.551758
vt 0.240234 0.541016
vt 0.240234 0.551758
vt 0.123047 0.551758
vt 0.333984 0.541016
vt 0.324219 0.551758
vt 0.291016 0.551758
vt 0.324219 0.541016
vt 0.333984 0.551758
vt 0.031250 0.541016
vt 0.082031 0.551758
vt 0.039062 0.551758
vt 0.039062 0.541016
vt 0.324219 0.541016
vt 0.039062 0.551758
vt 0.324219 0.541016
vt 0.250000 0.551758
vt 0.324219 0.551758
vt 0.039062 0.541016
vt 0.250000 0.551758
vt 0.031250 0.551758
vt 0.324219 0.551758
vt 0.300781 0.541016
vt 0.291016 0.551758
vt 0.199219 0.541016
vt 0.324219 0.551758
vt 0.199219 0.551758
vt 0.250000 0.541016
vt 0.031250 0.551758
vt 0.240234 0.551758
vt 0.031250 0.541016
vt 0.156250 0.551758
vt 0.039062 0.551758
vt 0.039062 0.551758
vt 0.324219 0.541016
vt 0.333984 0.551758
vt 0.257812 0.541016
vt 0.031250 0.551758
vt 0.250000 0.551758
vt 0.039062 0.541016
vt 0.324219 0.551758
vt 0.031250 0.551758
vt 0.039062 0.551758
vt 0.031250 0.541016
vt 0.031250 0.551758
vt 0.031250 0.541016
vt 0.166016 0.551758
vt 0.039062 0.551758
vt 0.115234 0.551758
vt 0.324219 0.541016
vt 0.333984 0.551758
vt 0.039062 0.541016
vt 0.324219 0.551758
vt 0.031250 0.551758
vt 0.123047 0.541016
vt 0.031250 0.551758
vt 0.115234 0.551758
vt 0.031250 0.541016
vt 0.240234 0.551758
vt 0.039062 0.551758
vt 0.132812 0.541016
vt 0.333984 0.551758
vt 0.123047 0.551758
vt 0.089844 0.541016
vt 0.031250 0.551758
vt 0.082031 0.551758
vt 0.031250 0.551758
vt 0.039062 0.541016
vt 0.039062 0.551758
vt 0.039062 0.541016
vt 0.324219 0.551758
vt 0.031250 0.551758
vt 0.324219 0.551758
vt 0.207031 0.541016
vt 0.199219 0.551758
vt 0.324219 0.541016
vt 0.031250 0.551758
vt 0.324219 0.551758
vt 0.031250 0.541016
vt 0.250000 0.551758
vt 0.039062 0.551758
vt 0.324219 0.541016
vt 0.031250 0.551758
vt 0.324219 0.551758
vt 0.207031 0.541016
vt 0.333984 0.551758
vt 0.199219 0.551758
vt 0.031250 0.551758
vt 0.115234 0.541016
vt 0.115234 0.551758
vt 0.291016 0.541016
vt 0.324219 0.551758
vt 0.291016 0.551758
vt 0.039062 0.541016
vt 0.324219 0.551758
vt 0.031250 0.551758
vt 0.291016 0.541016
vt 0.333984 0.551758
vt 0.283203 0.551758
vt 0.324219 0.541016
vt 0.330078 0.546387
vt 0.324219 0.551758
vt 0.207031 0.551758
vt 0.333984 0.541016
vt 0.324219 0.551758
vt 0.324219 0.541016
vt 0.240234 0.551758
vt 0.324219 0.551758
vt 0.031250 0.551758
vt 0.123047 0.541016
vt 0.123047 0.551758
vt 0.324219 0.551758
vt 0.291016 0.541016
vt 0.283203 0.551758
vt 0.072266 0.541016
vt 0.324219 0.551758
vt 0.072266 0.551758
vt 0.039062 0.541016
vt 0.035156 0.546387
vt 0.031250 0.541016
vt 0.324219 0.541016
vt 0.123047 0.551758
vt 0.324219 0.551758
vt 0.039062 0.551758
vt 0.324219 0.541016
vt 0.333984 0.551758
vt 0.324219 0.541016
vt 0.039062 0.551758
vt 0.324219 0.551758
vt 0.324219 0.551758
vt 0.173828 0.541016
vt 0.166016 0.551758
vt 0.031250 0.551758
vt 0.199219 0.541016
vt 0.199219 0.551758
vt 0.240234 0.551758
vt 0.324219 0.541016
vt 0.333984 0.551758
vt 0.082031 0.551758
vt 0.333984 0.541016
vt 0.324219 0.551758
vt 0.048828 0.541016
vt 0.039062 0.551758
vt 0.031250 0.541016
vt 0.132812 0.541016
vt 0.031250 0.551758
vt 0.123047 0.551758
vt 0.039062 0.551758
vt 0.324219 0.541016
vt 0.333984 0.551758
vt 0.031250 0.551758
vt 0.207031 0.541016
vt 0.207031 0.551758
vt 0.156250 0.551758
vt 0.333984 0.541016
vt 0.324219 0.551758
vt 0.240234 0.541016
vt 0.324219 0.551758
vt 0.240234 0.551758
vt 0.031250 0.541016
vt 0.115234 0.551758
vt 0.039062 0.551758
vt 0.324219 0.541016
vt 0.031250 0.551758
vt 0.324219 0.551758
vt 0.039062 0.551758
vt 0.324219 0.541016
vt 0.333984 0.551758
vt 0.324219 0.541016
vt 0.031250 0.551758
vt 0.324219 0.551758
vt 0.324219 0.551758
vt 0.330078 0.546387
vt 0.333984 0.551758
vt 0.031250 0.551758
vt 0.283203 0.541016
vt 0.283203 0.551758
vt 0.166016 0.541016
vt 0.324219 0.551758
vt 0.166016 0.551758
vt 0.031250 0.541016
vt 0.123047 0.551758
vt 0.039062 0.551758
vt 0.216797 0.541016
vt 0.333984 0.551758
vt 0.207031 0.551758
vt 0.072266 0.551758
vt 0.324219 0.541016
vt 0.333984 0.551758
vt 0.324219 0.551758
vt 0.082031 0.541016
vt 0.072266 0.551758
vt 0.291016 0.541016
vt 0.031250 0.551758
vt 0.283203 0.551758
vt 0.031250 0.551758
vt 0.291016 0.541016
vt 0.291016 0.551758
vt 0.207031 0.541016
vt 0.031250 0.551758
vt 0.199219 0.551758
vt 0.324219 0.541016
vt 0.031250 0.551758
vt 0.324219 0.551758
vt 0.031250 0.541016
vt 0.199219 0.551758
vt 0.039062 0.551758
vt 0.300781 0.541016
vt 0.031250 0.551758
vt 0.291016 0.551758
vt 0.089844 0.541016
vt 0.333984 0.551758
vt 0.082031 0.551758
vt 0.039062 0.541016
vt 0.324219 0.551758
vt 0.031250 0.551758
vt 0.031250 0.541016
vt 0.207031 0.551758
vt 0.039062 0.551758
vt 0.156250 0.551758
vt 0.324219 0.541016
vt 0.333984 0.551758
vt 0.324219 0.551758
vt 0.216797 0.541016
vt 0.207031 0.551758
vt 0.031250 0.551758
vt 0.072266 0.541016
vt 0.072266 0.551758
vt 0.156250 0.551758
vt 0.031250 0.541016
vt 0.031250 0.551758
vt 0.039062 0.541016
vt 0.324219 0.551758
vt 0.031250 0.551758
vt 0.072266 0.551758
vt 0.031250 0.541016
vt 0.031250 0.551758
vt 0.250000 0.551758
vt 0.333984 0.541016
vt 0.324219 0.551758
vt 0.039062 0.551758
vt 0.291016 0.541016
vt 0.283203 0.551758
vt 0.166016 0.551758
vt 0.031250 0.541016
vt 0.031250 0.551758
vt 0.166016 0.551758
vt 0.324219 0.541016
vt 0.333984 0.551758
vt 0.031250 0.551758
vt 0.082031 0.541016
vt 0.082031 0.551758
vt 0.039062 0.541016
vt 0.324219 0.551758
vt 0.031250 0.551758
vt 0.283203 0.541016
vt 0.324219 0.551758
vt 0.283203 0.551758
vt 0.031250 0.541016
vt 0.291016 0.551758
vt 0.039062 0.551758
vt 0.324219 0.551758
vt 0.324219 0.541016
vt 0.333984 0.541016
vt 0.324219 0.541016
vt 0.082031 0.551758
vt 0.324219 0.551758
vt 0.031250 0.551758
vt 0.156250 0.541016
vt 0.156250 0.551758
vt 0.031250 0.551758
vt 0.039062 0.541016
vt 0.031250 0.541016
vt 0.039062 0.541016
vt 0.324219 0.551758
vt 0.039062 0.551758
vt 0.216797 0.541016
vt 0.031250 0.551758
vt 0.207031 0.551758
vt 0.039062 0.551758
vt 0.324219 0.541016
vt 0.333984 0.551758
vt 0.250000 0.551758
vt 0.324219 0.541016
vt 0.333984 0.551758
vt 0.324219 0.551758
vt 0.123047 0.541016
vt 0.115234 0.551758
vt 0.039062 0.541016
vt 0.166016 0.551758
vt 0.031250 0.551758
vt 0.324219 0.541016
vt 0.156250 0.551758
vt 0.324219 0.551758
vt 0.115234 0.541016
vt 0.324219 0.551758
vt 0.115234 0.551758
vt 0.324219 0.541016
vt 0.031250 0.551758
vt 0.324219 0.551758
vt 0.031250 0.541016
vt 0.072266 0.551758
vt 0.039062 0.551758
vt 0.039062 0.551758
vt 0.324219 0.541016
vt 0.333984 0.551758
vt 0.324219 0.541016
vt 0.031250 0.551758
vt 0.324219 0.551758
vt 0.031250 0.551758
vt 0.240234 0.541016
vt 0.240234 0.551758
vt 0.123047 0.541016
vt 0.324219 0.551758
vt 0.123047 0.551758
vt 0.291016 0.551758
vt 0.324219 0.541016
vt 0.333984 0.551758
vt 0.031250 0.541016
vt 0.082031 0.551758
vt 0.039062 0.551758
vt 0.039062 0.541016
vt 0.324219 0.541016
vt 0.039062 0.551758
vt 0.324219 0.541016
vt 0.250000 0.551758
vt 0.324219 0.551758
vt 0.039062 0.541016
vt 0.250000 0.551758
vt 0.031250 0.551758
vt 0.324219 0.551758
vt 0.300781 0.541016
vt 0.291016 0.551758
vt 0.199219 0.541016
vt 0.324219 0.551758
vt 0.199219 0.551758
vt 0.240234 0.551758
vt 0.031250 0.541016
vt 0.031250 0.551758
vt 0.031250 0.541016
vt 0.156250 0.551758
vt 0.039062 0.551758
vt 0.039062 0.551758
vt 0.324219 0.541016
vt 0.333984 0.551758
vt 0.257812 0.541016
vt 0.031250 0.551758
vt 0.250000 0.551758
vt 0.039062 0.541016
vt 0.324219 0.551758
vt 0.031250 0.551758
vt 0.048828 0.541016
vt 0.031250 0.551758
vt 0.039062 0.551758
vt 0.031250 0.541016
vt 0.166016 0.551758
vt 0.039062 0.551758
vt 0.115234 0.551758
vt 0.324219 0.541016
vt 0.333984 0.551758
vt 0.039062 0.541016
vt 0.324219 0.551758
vt 0.031250 0.551758
vt 0.115234 0.551758
vt 0.031250 0.541016
vt 0.031250 0.551758
vt 0.031250 0.541016
vt 0.240234 0.551758
vt 0.039062 0.551758
vt 0.123047 0.551758
vt 0.324219 0.541016
vt 0.333984 0.551758
vt 0.673828 0.791504
vt 0.658203 0.791992
vt 0.673828 0.791992
vt 0.673828 0.791504
vt 0.658203 0.791992
vt 0.673828 0.791992
vt 0.673828 0.791504
vt 0.658203 0.791992
vt 0.673828 0.791992
vt 0.673828 0.791504
vt 0.658203 0.791992
vt 0.673828 0.791992
vt -2.664062 0.766113
vt -2.664062 0.766113
vt 2.663841 0.780760
vt -2.165630 0.823242
vt 2.165630 0.843750
vt 2.165630 0.843750
vt -2.165630 0.823242
vt 2.663841 0.780760
vt 2.663841 0.780760
vt -2.165630 0.823242
vt 2.165630 0.843750
vt 2.663841 0.780760
vt 2.165630 0.843750
vt -2.165630 0.823242
vt -2.664062 0.766113
vt -2.664062 0.766113
vt -2.664062 0.766113
vt -2.664062 0.766113
vt 2.663841 0.780760
vt -2.165630 0.823242
vt 2.165630 0.823243
vt 0.000000 0.843750
vt -2.165630 0.823242
vt 2.663841 0.780760
vt -2.664062 0.766113
vt -2.664062 0.766113
vt 2.663841 0.780760
vt -2.165630 0.823242
vt 2.165630 0.843750
vt 2.165630 0.843750
vt -2.165630 0.823242
vt 2.663841 0.780760
vt 2.663841 0.780760
vt -2.165630 0.823242
vt 2.165630 0.843750
vt 2.663841 0.780760
vt 2.165630 0.843750
vt -2.165630 0.823242
vt -2.664062 0.766113
vt -2.664062 0.766113
vt -2.664062 0.766113
vt -2.664062 0.766113
vt 2.663841 0.780760
vt -2.165630 0.823242
vt 0.000000 0.843750
vt 2.165630 0.823243
vt -2.165630 0.823242
vt 2.663841 0.780760
vt -2.664062 0.766113
vt -2.664062 0.766113
vt 2.662109 0.766113
vt -2.165630 0.823242
vt 2.165630 0.843750
vt 2.165630 0.843750
vt -2.165630 0.823242
vt 2.663841 0.780760
vt 2.662109 0.766113
vt -2.165630 0.823242
vt 2.165630 0.843750
vt 2.663841 0.780760
vt 2.165630 0.843750
vt -2.664062 0.766113
vt -2.664062 0.766113
vt -2.664062 0.766113
vt -2.664062 0.766113
vt 2.662109 0.766113
vt -2.165630 0.823242
vt 2.165630 0.843750
vt 2.165630 0.843750
vt -2.165630 0.823242
vt 2.663841 0.780760
vt 2.663841 0.780760
vt -2.165630 0.823242
vt 2.165630 0.843750
vt 2.663841 0.780760
vt 2.165630 0.843750
vt -2.165630 0.823242
vt -2.664062 0.766113
vt -2.664062 0.766113
vt 2.663841 0.780760
vt -2.165630 0.823242
vt 2.165630 0.843750
vt 2.663841 0.780760
vt 2.165630 0.843750
vt -2.165630 0.823242
vt -2.664062 0.766113
vt -2.664062 0.766113
vt 2.663841 0.780760
vt -2.165630 0.823242
vt 2.165630 0.843750
vt 2.663841 0.780760
vt 2.165630 0.843750
vt -2.165630 0.823242
vt -2.664062 0.766113
vt -2.664062 0.766113
vt 2.663841 0.780760
vt -2.165630 0.823242
vt 2.165630 0.843750
vt 2.663841 0.780760
vt 2.165630 0.843750
vt -2.165630 0.823242
vt -2.664062 0.766113
vt -2.664062 0.766113
vt 4.280676 1.780440
vt 2.471235 1.957898
vt 2.563461 1.957898
vt 2.563460 1.966171
vt 2.784876 1.966171
vt 1.668514 1.957898
vt 2.784876 1.957899
vt 2.877101 1.957899
vt 1.859035 1.908839
vt 2.669190 0.951717
vt 0.928098 0.966381
vt 1.972451 1.914599
vt -0.057510 0.951728
vt 0.511719 0.663574
vt 0.511719 0.663574
vt 1.373087 1.908840
vt 2.669189 0.966379
vt 1.703458 0.966379
vt 1.683588 0.966379
vt 1.493821 1.914599
vt 4.280676 1.780440
vt 2.471235 1.957898
vt 2.563461 1.957898
vt 2.563460 1.966171
vt 2.784876 1.966171
vt 1.668514 1.957898
vt 2.784876 1.957899
vt 2.877101 1.957899
vt 1.859035 1.908839
vt 2.669189 0.966379
vt 0.928098 0.966381
vt 1.972451 1.914599
vt -0.057510 0.951728
vt 0.511719 0.663574
vt 0.511719 0.663574
vt 1.373087 1.908840
vt 2.669189 0.966379
vt 1.703458 0.966379
vt 1.683588 0.966379
vt 1.493821 1.914599
vt 4.280676 1.780440
vt 2.471235 1.957898
vt 2.563461 1.957898
vt 2.563460 1.966171
vt 2.784876 1.966171
vt 1.668514 1.957898
vt 2.784876 1.957899
vt 2.877101 1.957899
vt 1.859035 1.908839
vt 2.669189 0.966379
vt 0.928098 0.966381
vt 1.972451 1.914599
vt -0.057510 0.951728
vt 0.511719 0.663574
vt 0.511719 0.663574
vt 1.373087 1.908840
vt 2.669189 0.966379
vt 1.703458 0.966379
vt 1.683588 0.966379
vt 1.493821 1.914599
vt 0.667969 0.791992
vt 0.669922 0.791992
vt 0.666016 0.782715
vt 0.527344 0.808105
vt 0.527344 0.799316
vt 0.482422 0.808594
vt 0.488281 0.809570
vt 0.521484 0.809570
vt 0.482422 0.808594
vt 0.496094 0.810059
vt 0.527344 0.808105
vt 0.521484 0.809570
vt 0.488281 0.809570
vt 0.656250 0.791992
vt 0.667969 0.791992
vt 0.669922 0.791992
vt 0.666016 0.782715
vt 0.527344 0.808105
vt 0.527344 0.799316
vt 0.482422 0.808594
vt 0.488281 0.809570
vt 0.521484 0.809570
vt 0.482422 0.808594
vt 0.496094 0.810059
vt 0.527344 0.808105
vt 0.521484 0.809570
vt 0.488281 0.809570
vt 0.656250 0.791992
vt 0.667969 0.791992
vt 0.669922 0.791992
vt 0.666016 0.782715
vt 0.527344 0.808105
vt 0.527344 0.799316
vt 0.482422 0.808594
vt 0.488281 0.809570
vt 0.521484 0.809570
vt 0.482422 0.808594
vt 0.496094 0.810059
vt 0.527344 0.808105
vt 0.521484 0.809570
vt 0.488281 0.809570
vt 0.656250 0.791992
vt 0.667969 0.791992
vt 0.669922 0.791992
vt 0.666016 0.782715
vt 0.527344 0.808105
vt 0.527344 0.799316
vt 0.482422 0.808594
vt 0.488281 0.809570
vt 0.521484 0.809570
vt 0.482422 0.808594
vt 0.496094 0.810059
vt 0.527344 0.808105
vt 0.521484 0.809570
vt 0.488281 0.809570
vt 0.656250 0.791992
vt 0.667491 0.791992
vt 0.666016 0.782715
vt 0.667491 0.791992
vt 0.666016 0.782715
vt 0.667491 0.791992
vt 0.666016 0.782715
vt 0.667491 0.791992
vt 0.666016 0.782715
vt 0.667491 0.782715
vt 0.666016 0.782715
vt 0.667491 0.782715
vt 0.666016 0.782715
vt 0.667491 0.782715
vt 0.666016 0.782715
vt 0.667491 0.782715
vt 0.666016 0.782715
vt 0.527344 0.808105
vt 0.527344 0.801464
vt 0.482422 0.808594
vt 0.488281 0.809570
vt 0.521484 0.809570
vt 0.654774 0.782715
vt 0.595703 0.796875
vt 0.595703 0.790527
vt 0.550781 0.797363
vt 0.556641 0.798340
vt 0.589844 0.798340
vt 0.654774 0.782715
vt 0.527344 0.808105
vt 0.482422 0.808594
vt 0.488281 0.809570
vt 0.521484 0.809570
vt 0.482422 0.808594
vt 0.496094 0.810059
vt 0.527344 0.808105
vt 0.521484 0.809570
vt 0.488281 0.809570
vt 0.550781 0.797363
vt 0.564453 0.798828
vt 0.595703 0.796875
vt 0.589844 0.798340
vt 0.556641 0.798340
vt 0.656250 0.782715
vt 0.595703 0.796875
vt 0.595703 0.790527
vt 0.550781 0.797363
vt 0.556641 0.798340
vt 0.589844 0.798340
vt 0.656250 0.782715
vt 0.527344 0.808105
vt 0.527344 0.801464
vt 0.482422 0.808594
vt 0.488281 0.809570
vt 0.521484 0.809570
vt 0.654774 0.782715
vt 0.482422 0.808594
vt 0.496094 0.810059
vt 0.527344 0.808105
vt 0.521484 0.809570
vt 0.488281 0.809570
vt 0.550781 0.797363
vt 0.564453 0.798828
vt 0.595703 0.796875
vt 0.589844 0.798340
vt 0.556641 0.798340
vt 0.482422 0.808594
vt 0.496094 0.810059
vt 0.527344 0.808105
vt 0.521484 0.809570
vt 0.488281 0.809570
vt 0.595703 0.796875
vt 0.595703 0.790527
vt 0.550781 0.797363
vt 0.556641 0.798340
vt 0.589844 0.798340
vt 0.656250 0.782715
vt 0.527344 0.808105
vt 0.527344 0.801464
vt 0.482422 0.808594
vt 0.488281 0.809570
vt 0.521484 0.809570
vt 0.654774 0.782715
vt 0.595703 0.796875
vt 0.550781 0.797363
vt 0.556641 0.798340
vt 0.589844 0.798340
vt 0.550781 0.797363
vt 0.564453 0.798828
vt 0.595703 0.796875
vt 0.589844 0.798340
vt 0.556641 0.798340
vt 0.550781 0.797363
vt 0.564453 0.798828
vt 0.595703 0.796875
vt 0.589844 0.798340
vt 0.556641 0.798340
vt 0.654774 0.782715
vt 0.482422 0.808594
vt 0.496094 0.810059
vt 0.527344 0.808105
vt 0.521484 0.809570
vt 0.488281 0.809570
vt 0.447266 0.801270
vt 0.472656 0.791016
vt 0.472656 0.793457
vt 0.429688 0.791504
vt 0.427734 0.801270
vt 0.503906 0.783203
vt 0.503906 0.790039
vt 0.396484 0.809082
vt 0.398438 0.785156
vt 0.404297 0.783691
vt 0.660156 0.791992
vt 0.667969 0.791992
vt 0.666016 0.791992
vt 0.669922 0.791992
vt 0.671875 0.791992
vt 0.664062 0.791992
vt 0.443359 0.809082
vt 0.503906 0.783203
vt 0.503906 0.790039
vt 0.398438 0.785156
vt 0.396484 0.809082
vt 0.472656 0.791016
vt 0.472656 0.793457
vt 0.427734 0.801270
vt 0.429688 0.791504
vt 0.431641 0.791016
vt 0.660156 0.791992
vt 0.667969 0.791992
vt 0.666016 0.791992
vt 0.669922 0.791992
vt 0.671875 0.791992
vt 0.664062 0.791992
vt 0.447266 0.801270
vt 0.472656 0.791016
vt 0.472656 0.793457
vt 0.429688 0.791504
vt 0.427734 0.801270
vt 0.503906 0.783203
vt 0.503906 0.790039
vt 0.396484 0.809082
vt 0.398438 0.785156
vt 0.404297 0.783691
vt 0.660156 0.791992
vt 0.667969 0.791992
vt 0.666016 0.791992
vt 0.669922 0.791992
vt 0.671875 0.791992
vt 0.664062 0.791992
vt 0.443359 0.809082
vt 0.503906 0.783203
vt 0.503906 0.790039
vt 0.398438 0.785156
vt 0.396484 0.809082
vt 0.472656 0.791016
vt 0.472656 0.793457
vt 0.427734 0.801270
vt 0.429688 0.791504
vt 0.431641 0.791016
vt 0.660156 0.791992
vt 0.667969 0.791992
vt 0.666016 0.791992
vt 0.669922 0.782715
vt 0.671875 0.791992
vt 0.664062 0.791992
vt 3.139190 5.707488
vt 3.026051 5.700756
vt 3.965290 5.714221
vt 3.026051 5.720954
vt 2.969481 5.700757
vt 3.908720 5.700756
vt 3.795581 5.714221
vt 3.455398 5.714222
vt 3.455398 5.720954
vt 3.342258 5.700756
vt 3.852150 5.700756
vt 3.908720 5.720954
vt 3.965290 5.700756
vt 3.908720 5.720954
vt 4.085614 5.700756
vt 3.908720 5.700756
vt 3.908720 5.720954
vt 3.026051 5.720954
vt 3.511967 5.700756
vt 3.139190 5.694022
vt 3.139190 5.707488
vt 3.026051 5.700756
vt 3.965290 5.700756
vt 3.026051 5.700756
vt 3.139190 5.694022
vt 3.026051 5.700756
vt 2.529419 5.720955
vt 2.529419 5.714222
vt 3.908720 5.720954
vt 3.965290 5.714221
vt 0.642578 0.713867
vt 4.085614 5.714221
vt 3.026051 5.707488
vt 3.342258 5.700756
vt 2.529419 5.700756
vt 3.852150 5.700756
vt 3.511967 5.700756
vt 3.455398 5.714222
vt 3.139191 5.720954
vt 3.965290 5.720954
vt 4.085614 5.720954
vt 2.969481 5.700757
vt 3.965290 5.720954
vt 4.085614 5.720954
vt 2.529419 5.720955
vt 2.529419 5.714222
vt 3.026051 5.707488
vt 4.085614 5.700756
vt 3.455398 5.720954
vt 0.642578 0.713867
vt 3.795581 5.714221
vt 3.511967 5.694022
vt 2.529419 5.700756
vt 4.085614 5.714221
vt 3.511967 5.694022
vt 3.026051 5.720954
vt 3.139191 5.720954
vt 3.026051 5.720954
vt -2.664062 0.766113
vt -2.664062 0.766113
vt 2.662109 0.766113
vt -2.165630 0.823242
vt 2.165630 0.843750
vt 2.165630 0.843750
vt 0.000000 0.823242
vt 2.663841 0.780760
vt 2.662109 0.766113
vt -2.165630 0.823242
vt 2.165630 0.843750
vt 2.663841 0.780760
vt 2.165630 0.843750
vt -2.165630 0.823242
vt -2.664062 0.766113
vt -2.664062 0.766113
vt -2.664062 0.766113
vt -2.664062 0.766113
vt 2.662109 0.766113
vt -2.165630 0.823242
vt 2.165630 0.843750
vt 2.165630 0.843750
vt 0.000000 0.823242
vt 2.663841 0.780760
vt 0.673828 0.791992
vt 0.673828 0.791992
vt 0.658203 0.791504
vt 0.658203 0.791992
vt 0.658203 0.791992
vt 0.658203 0.791504
vt 0.658203 0.791992
vt 0.658203 0.791992
vt 0.658203 0.791504
vt 0.658203 0.791992
vt 0.658203 0.791992
vt 0.658203 0.791504
vt 0.673828 0.791992
vt 0.658203 0.791992
vt 0.658203 0.791992
vt 0.658203 0.791992
vt 0.673828 0.791992
vt 0.658203 0.791992
vt 0.658203 0.791504
vt 0.658203 0.791992
vt 0.658203 0.791992
vt 0.658203 0.791504
vt 0.673828 0.791992
vt 0.658203 0.791992
vt 0.658203 0.791504
vt 0.658203 0.791992
vt 0.658203 0.791992
vt 0.658203 0.791504
vt 0.658203 0.791992
vt 0.673828 0.791992
vt 0.658203 0.791504
vt 0.658203 0.791992
vt 0.658203 0.791992
vt 0.658203 0.791504
vt 0.673828 0.791992
vt 0.658203 0.791992
vt 0.658203 0.791504
vt 0.658203 0.791992
vt 0.673828 0.791992
vt 0.658203 0.791504
vt 0.673828 0.791992
vt 0.673828 0.791992
vt 0.658203 0.791504
vt 0.658203 0.791992
vt 0.658203 0.791992
vt 0.658203 0.791504
vt 0.673828 0.791992
vt 0.658203 0.791992
vt 0.658203 0.791504
vt 0.658203 0.791992
vt 0.673828 0.791992
vt 0.673828 0.791504
vt 0.673828 0.791992
vt 0.673828 0.791992
vt 0.658203 0.791504
vt 0.658203 0.791992
vt 0.658203 0.791992
vt 0.658203 0.791504
vt 0.673828 0.791992
vt 0.658203 0.791992
vt 0.673828 0.791992
vt 0.673828 0.791992
vt 0.673828 0.791992
vt 0.673828 0.791992
vt 0.658203 0.791504
vt 0.658203 0.791992
vt 0.658203 0.791992
vt 0.658203 0.791504
vt 0.673828 0.791992
vt 0.658203 0.791992
vt 0.658203 0.791504
vt 0.673828 0.791992
vt 0.658203 0.791992
vt 0.658203 0.791504
vt 0.673828 0.791992
vt 0.673828 0.791992
vt 0.658203 0.791504
vt 0.658203 0.791992
vt 0.658203 0.791992
vt 0.658203 0.791504
vt 0.673828 0.791992
vt 0.658203 0.791992
vt 0.658203 0.791504
vt 0.673828 0.791992
vt 0.673828 0.791992
vt 0.658203 0.791504
vt 0.673828 0.791992
vt 0.673828 0.791992
vt 0.658203 0.791504
vt 0.658203 0.791992
vt 0.658203 0.791992
vt 0.658203 0.791504
vt 0.509766 0.805664
vt 0.505859 0.805176
vt 0.501953 0.805664
vt 0.501953 0.806641
vt 0.501953 0.806641
vt 0.505859 0.807129
vt 0.509766 0.806641
vt 0.509766 0.805664
vt 0.505859 0.805176
vt 0.501953 0.805664
vt 0.501953 0.806641
vt 0.505859 0.807129
vt 0.509766 0.806641
vt 0.505859 0.805176
vt 0.501953 0.805664
vt 0.501953 0.806641
vt 0.505859 0.807129
vt 0.505859 0.807129
vt 0.509766 0.806641
vt 0.509766 0.805664
vt 0.501953 0.805664
vt 0.501953 0.806641
vt 0.505859 0.807129
vt 0.505859 0.807129
vt 0.509766 0.805664
vt 0.505859 0.805176
vt 0.505859 0.805176
vt 0.501953 0.806641
vt 0.505859 0.807129
vt 0.505859 0.807129
vt 0.509766 0.806641
vt 0.509766 0.805664
vt 0.505859 0.805176
vt 0.501953 0.806641
vt 0.505859 0.807129
vt 0.505859 0.807129
vt 0.509766 0.806641
vt 0.509766 0.805664
vt 0.501953 0.805664
vt 0.501953 0.806641
vt 0.505859 0.807129
vt 0.505859 0.807129
vt 0.509766 0.806641
vt 0.505859 0.805176
vt 0.501953 0.805664
vt 0.501953 0.806641
vt 0.505859 0.807129
vt 0.505859 0.807129
vt 0.509766 0.806641
vt 0.509766 0.805664
vt 0.505859 0.805176
vt 0.501953 0.806641
vt 0.505859 0.807129
vt 0.505859 0.807129
vt 0.509766 0.806641
vt 0.505859 0.805176
vt 0.501953 0.805664
vt 0.501953 0.806641
vt 0.505859 0.807129
vt 0.505859 0.807129
vt 0.509766 0.805664
vt 0.505859 0.805176
vt 0.501953 0.805664
vt 0.501953 0.806641
vt 0.505859 0.807129
vt 0.505859 0.807129
vt 0.509766 0.806641
vt 0.505859 0.805176
vt 0.501953 0.805664
vt 0.501953 0.806641
vt 0.501953 0.806641
vt 0.505859 0.807129
vt 0.509766 0.805664
vt 0.505859 0.805176
vt 0.499223 0.805172
vt 0.501953 0.806641
vt 0.506112 0.807982
vt 0.509766 0.806641
vt 0.509766 0.805664
vt 0.506183 0.804327
vt 0.499223 0.805172
vt 0.498995 0.807093
vt 0.506112 0.807982
vt 0.509766 0.806641
vt 0.512613 0.805301
vt 0.505859 0.805176
vt 0.501953 0.805664
vt 0.501953 0.806641
vt 0.506112 0.807982
vt 0.512417 0.807041
vt 0.512613 0.805301
vt 0.506183 0.804327
vt 0.501953 0.805664
vt 0.501953 0.806641
vt 0.505859 0.807129
vt 0.512417 0.807041
vt 0.512613 0.805301
vt 0.505859 0.805176
vt 0.499223 0.805172
vt 0.498995 0.807093
vt 0.506112 0.807982
vt 0.512417 0.807041
vt 0.512613 0.805301
vt 0.506183 0.804327
vt 0.499223 0.805172
vt 0.501953 0.806641
vt 0.505859 0.807129
vt 0.512417 0.807041
vt 0.512613 0.805301
vt 0.506183 0.804327
vt 0.501953 0.805664
vt 0.501953 0.806641
vt 0.505859 0.807129
vt 0.512417 0.807041
vt 0.512613 0.805301
vt 0.505859 0.805176
vt 0.501953 0.805664
vt 0.501953 0.806641
vt 0.505859 0.807129
vt 0.512417 0.807041
vt 0.512613 0.805301
vt 0.506183 0.804327
vt 0.499223 0.805172
vt 0.501953 0.806641
vt 0.505859 0.807129
vt 0.512417 0.807041
vt 0.512613 0.805301
vt 0.505859 0.805176
vt 0.501953 0.805664
vt 0.501953 0.806641
vt 0.505859 0.807129
vt 0.512417 0.807041
vt 0.512613 0.805301
vt 0.505859 0.805176
vt 0.501953 0.805664
vt 0.501953 0.806641
vt 0.505859 0.807129
vt 0.512417 0.807041
vt 0.512613 0.805301
vt 0.505859 0.805176
vt 0.501953 0.805664
vt 0.501953 0.806641
vt 0.506112 0.807982
vt 0.512417 0.807041
vt 0.031250 0.541016
vt 0.333984 0.541016
vt 0.324219 0.541016
vt 0.031250 0.541016
vt 0.257812 0.541016
vt 0.039062 0.541016
vt 0.324219 0.541016
vt 0.039062 0.541016
vt 0.333984 0.541016
vt 0.333984 0.541016
vt 0.324219 0.541016
vt 0.039062 0.551758
vt 0.031250 0.541016
vt 0.333984 0.541016
vt 0.250000 0.541016
vt 0.123047 0.541016
vt 0.324219 0.541016
vt 0.072266 0.541016
vt 0.324219 0.541016
vt 0.031250 0.541016
vt 0.048828 0.541016
vt 0.324219 0.541016
vt 0.039062 0.541016
vt 0.250000 0.541016
vt 0.082031 0.541016
vt 0.031250 0.541016
vt 0.031250 0.541016
vt 0.039062 0.541016
vt 0.333984 0.541016
vt 0.240234 0.541016
vt 0.123047 0.541016
vt 0.031250 0.541016
vt 0.031250 0.541016
vt 0.031250 0.541016
vt 0.039062 0.541016
vt 0.166016 0.541016
vt 0.132812 0.541016
vt 0.324219 0.541016
vt 0.324219 0.541016
vt 0.324219 0.541016
vt 0.031250 0.541016
vt 0.291016 0.541016
vt 0.207031 0.541016
vt 0.031250 0.541016
vt 0.207031 0.541016
vt 0.031250 0.541016
vt 0.324219 0.541016
vt 0.333984 0.541016
vt 0.216797 0.541016
vt 0.166016 0.541016
vt 0.324219 0.541016
vt 0.039062 0.541016
vt 0.031250 0.541016
vt 0.333984 0.541016
vt 0.082031 0.541016
vt 0.250000 0.541016
vt 0.031250 0.541016
vt 0.173828 0.541016
vt 0.173828 0.541016
vt 0.039062 0.541016
vt 0.333984 0.541016
vt 0.333984 0.541016
vt 0.031250 0.541016
vt 0.089844 0.541016
vt 0.039062 0.541016
vt 0.039062 0.541016
vt 0.216797 0.541016
vt 0.031250 0.541016
vt 0.257812 0.541016
vt 0.123047 0.541016
vt 0.039062 0.541016
vt 0.166016 0.541016
vt 0.333984 0.541016
vt 0.031250 0.541016
vt 0.082031 0.541016
vt 0.031250 0.541016
vt 0.031250 0.541016
vt 0.039062 0.541016
vt 0.333984 0.541016
vt 0.300781 0.541016
vt 0.089844 0.541016
vt 0.333984 0.551758
vt 0.035156 0.546387
vt 0.257812 0.541016
vt 0.250000 0.541016
vt 0.324219 0.541016
vt 0.333984 0.541016
vt 0.250000 0.541016
vt 0.166016 0.541016
vt 0.048828 0.541016
vt 0.257812 0.541016
vt 0.324219 0.541016
vt 0.048828 0.541016
vt 0.173828 0.541016
vt 0.123047 0.541016
vt 0.333984 0.541016
vt 0.031250 0.541016
vt 0.250000 0.541016
vt 0.324219 0.541016
vt 0.031250 0.541016
vt 0.333984 0.541016
vt 0.324219 0.541016
vt 0.031250 0.541016
vt 0.031250 0.541016
vt 0.039062 0.541016
vt 0.324219 0.541016
vt 0.039062 0.541016
vt 0.333984 0.541016
vt 0.333984 0.541016
vt 0.324219 0.541016
vt 0.039062 0.551758
vt 0.031250 0.541016
vt 0.333984 0.541016
vt 0.250000 0.541016
vt 0.039062 0.541016
vt 0.324219 0.541016
vt 0.333984 0.541016
vt 0.132812 0.541016
vt 0.031250 0.541016
vt 0.048828 0.541016
vt 0.173828 0.541016
vt 0.039062 0.541016
vt 0.250000 0.541016
vt 0.333984 0.541016
vt 0.031250 0.541016
vt 0.031250 0.541016
vt 0.039062 0.541016
vt 0.333984 0.541016
vt 0.240234 0.541016
vt 0.123047 0.541016
vt 0.031250 0.541016
vt 0.031250 0.541016
vt 0.031250 0.541016
vt 0.283203 0.541016
vt 0.333984 0.541016
vt 0.132812 0.541016
vt 0.216797 0.541016
vt 0.082031 0.541016
vt 0.082031 0.541016
vt 0.031250 0.541016
vt 0.039062 0.541016
vt 0.207031 0.541016
vt 0.031250 0.541016
vt 0.207031 0.541016
vt 0.031250 0.541016
vt 0.324219 0.541016
vt 0.333984 0.541016
vt 0.216797 0.541016
vt 0.166016 0.541016
vt 0.324219 0.541016
vt 0.039062 0.541016
vt 0.031250 0.541016
vt 0.333984 0.541016
vt 0.082031 0.541016
vt 0.250000 0.541016
vt 0.031250 0.541016
vt 0.173828 0.541016
vt 0.324219 0.541016
vt 0.039062 0.541016
vt 0.333984 0.541016
vt 0.333984 0.541016
vt 0.300781 0.541016
vt 0.089844 0.541016
vt 0.039062 0.541016
vt 0.333984 0.541016
vt 0.216797 0.541016
vt 0.031250 0.541016
vt 0.257812 0.541016
vt 0.324219 0.541016
vt 0.039062 0.541016
vt 0.166016 0.541016
vt 0.333984 0.541016
vt 0.031250 0.541016
vt 0.082031 0.541016
vt 0.031250 0.541016
vt 0.031250 0.541016
vt 0.039062 0.541016
vt 0.333984 0.541016
vt 0.300781 0.541016
vt 0.089844 0.541016
vt 0.333984 0.551758
vt 0.035156 0.546387
vt 0.257812 0.541016
vt 0.039062 0.541016
vt 0.324219 0.541016
vt 0.333984 0.541016
vt 0.250000 0.541016
vt 0.166016 0.541016
vt 0.048828 0.541016
vt 0.257812 0.541016
vt 0.039062 0.541016
vt 0.048828 0.541016
vt 0.173828 0.541016
vt 0.123047 0.541016
vt 0.333984 0.541016
vt 0.123047 0.541016
vt 0.250000 0.541016
vt 0.324219 0.541016
vt 0.089844 0.541016
vt 0.333984 0.541016
vt 0.324219 0.541016
vt 0.031250 0.541016
vt 0.257812 0.541016
vt 0.039062 0.541016
vt 0.324219 0.541016
vt 0.039062 0.541016
vt 0.333984 0.541016
vt 0.333984 0.541016
vt 0.324219 0.541016
vt 0.039062 0.551758
vt 0.031250 0.541016
vt 0.333984 0.541016
vt 0.250000 0.541016
vt 0.039062 0.541016
vt 0.324219 0.541016
vt 0.072266 0.541016
vt 0.132812 0.541016
vt 0.031250 0.541016
vt 0.048828 0.541016
vt 0.324219 0.541016
vt 0.039062 0.541016
vt 0.250000 0.541016
vt 0.082031 0.541016
vt 0.031250 0.541016
vt 0.031250 0.541016
vt 0.039062 0.541016
vt 0.156250 0.541016
vt 0.240234 0.541016
vt 0.123047 0.541016
vt 0.031250 0.541016
vt 0.031250 0.541016
vt 0.031250 0.541016
vt 0.039062 0.541016
vt 0.166016 0.541016
vt 0.132812 0.541016
vt 0.324219 0.541016
vt 0.324219 0.541016
vt 0.324219 0.541016
vt 0.031250 0.541016
vt 0.039062 0.541016
vt 0.031250 0.541016
vt 0.031250 0.541016
vt 0.207031 0.541016
vt 0.031250 0.541016
vt 0.324219 0.541016
vt 0.333984 0.541016
vt 0.216797 0.541016
vt 0.166016 0.541016
vt 0.324219 0.541016
vt 0.039062 0.541016
vt 0.031250 0.541016
vt 0.333984 0.541016
vt 0.082031 0.541016
vt 0.250000 0.541016
vt 0.291016 0.541016
vt 0.173828 0.541016
vt 0.173828 0.541016
vt 0.039062 0.541016
vt 0.333984 0.541016
vt 0.333984 0.541016
vt 0.300781 0.541016
vt 0.089844 0.541016
vt 0.039062 0.541016
vt 0.333984 0.541016
vt 0.031250 0.541016
vt 0.031250 0.541016
vt 0.257812 0.541016
vt 0.123047 0.541016
vt 0.039062 0.541016
vt 0.166016 0.541016
vt 0.115234 0.541016
vt 0.031250 0.541016
vt 0.082031 0.541016
vt 0.031250 0.541016
vt 0.031250 0.541016
vt 0.039062 0.541016
vt 0.123047 0.541016
vt 0.300781 0.541016
vt 0.089844 0.541016
vt 0.333984 0.551758
vt 0.035156 0.546387
vt 0.257812 0.541016
vt 0.250000 0.541016
vt 0.324219 0.541016
vt 0.333984 0.541016
vt 0.031250 0.541016
vt 0.166016 0.541016
vt 0.048828 0.541016
vt 0.031250 0.541016
vt 0.324219 0.541016
vt 0.048828 0.541016
vt 0.173828 0.541016
vt 0.123047 0.541016
vt 0.333984 0.541016
vt 0.031250 0.541016
vt 0.250000 0.541016
vt 0.324219 0.541016
vt 0.031250 0.541016
vt 0.333984 0.541016
vt 0.324219 0.541016
vt 0.031250 0.541016
vt 0.257812 0.541016
vt 0.039062 0.541016
vt 0.324219 0.541016
vt 0.039062 0.541016
vt 0.333984 0.541016
vt 0.333984 0.541016
vt 0.324219 0.541016
vt 0.039062 0.551758
vt 0.031250 0.541016
vt 0.207031 0.541016
vt 0.250000 0.541016
vt 0.039062 0.541016
vt 0.324219 0.541016
vt 0.333984 0.541016
vt 0.132812 0.541016
vt 0.031250 0.541016
vt 0.048828 0.541016
vt 0.324219 0.541016
vt 0.039062 0.541016
vt 0.250000 0.541016
vt 0.082031 0.541016
vt 0.031250 0.541016
vt 0.031250 0.541016
vt 0.039062 0.541016
vt 0.156250 0.541016
vt 0.333984 0.541016
vt 0.123047 0.541016
vt 0.031250 0.541016
vt 0.031250 0.541016
vt 0.031250 0.541016
vt 0.039062 0.541016
vt 0.333984 0.541016
vt 0.132812 0.541016
vt 0.324219 0.541016
vt 0.082031 0.541016
vt 0.324219 0.541016
vt 0.031250 0.541016
vt 0.039062 0.541016
vt 0.031250 0.541016
vt 0.031250 0.541016
vt 0.207031 0.541016
vt 0.031250 0.541016
vt 0.324219 0.541016
vt 0.333984 0.541016
vt 0.216797 0.541016
vt 0.166016 0.541016
vt 0.324219 0.541016
vt 0.039062 0.541016
vt 0.166016 0.541016
vt 0.333984 0.541016
vt 0.082031 0.541016
vt 0.250000 0.541016
vt 0.031250 0.541016
vt 0.173828 0.541016
vt 0.173828 0.541016
vt 0.039062 0.541016
vt 0.333984 0.541016
vt 0.333984 0.541016
vt 0.300781 0.541016
vt 0.089844 0.541016
vt 0.039062 0.541016
vt 0.333984 0.541016
vt 0.031250 0.541016
vt 0.031250 0.541016
vt 0.257812 0.541016
vt 0.324219 0.541016
vt 0.166016 0.541016
vt 0.166016 0.541016
vt 0.333984 0.541016
vt 0.031250 0.541016
vt 0.082031 0.541016
vt 0.031250 0.541016
vt 0.031250 0.541016
vt 0.039062 0.541016
vt 0.333984 0.541016
vt 0.300781 0.541016
vt 0.089844 0.541016
vt 0.333984 0.551758
vt 0.035156 0.546387
vt 0.257812 0.541016
vt 0.250000 0.541016
vt 0.324219 0.541016
vt 0.333984 0.541016
vt 0.250000 0.541016
vt 0.166016 0.541016
vt 0.048828 0.541016
vt 0.031250 0.541016
vt 0.324219 0.541016
vt 0.031250 0.541016
vt 0.173828 0.541016
vt 0.123047 0.541016
vt 0.333984 0.541016
vt 0.123047 0.541016
vt 0.250000 0.541016
vt 0.132812 0.541016
vt 0.658203 0.791504
vt 0.658203 0.791504
vt 0.658203 0.791504
vt 0.658203 0.791504
vn 0.0000 0.0000 1.0000
vn 0.0000 0.0000 -1.0000
vn 0.0000 -1.0000 0.0000
vn 0.0000 1.0000 0.0000
vn 1.0000 0.0000 0.0000
vn 0.5774 0.5773 0.5774
vn -1.0000 0.0000 0.0000
vn 0.5773 0.5774 0.5774
vn 0.5774 0.5774 0.5774
vn 0.5774 0.5774 0.5773
vn -0.5773 -0.5774 0.5774
vn -0.5774 -0.5773 0.5773
vn -0.5774 -0.5773 0.5774
vn -0.5774 -0.5774 0.5774
vn -0.5774 -0.5774 0.5773
vn -0.5773 0.5774 -0.5774
vn 0.5773 -0.5774 -0.5774
vn -0.5773 0.5774 -0.5773
vn 0.5774 -0.5773 -0.5773
vn 0.5774 -0.5774 -0.5773
vn 0.5773 -0.5774 -0.5773
vn -0.5774 0.5774 -0.5773
vn 0.5774 0.5773 0.5773
vn -0.5774 0.5773 -0.5773
vn 0.5774 -0.5774 -0.5774
vn -0.5774 0.5773 -0.5774
vn 0.5774 -0.5773 -0.5774
vn -0.5773 -0.5774 0.5773
vn -0.5774 0.5774 -0.5774
vn -0.5773 0.5773 -0.5774
vn 0.5773 0.5773 0.5774
vn 0.0000 -0.8000 0.6000
vn 0.0000 0.8000 0.6000
vn 0.5773 0.5774 0.5773
vn -0.5773 -0.5773 0.5774
vn 0.0000 -0.7240 0.6898
vn 0.0000 0.7240 0.6898
vn 0.6737 0.0000 0.7389
vn 0.6740 0.0000 0.7387
vn -0.6740 0.0000 0.7387
vn 0.0000 -0.3750 0.9270
vn 0.0000 -0.0897 0.9959
vn 0.0000 0.0825 0.9966
vn 0.0000 0.3828 0.9238
vn 0.0000 0.5814 0.8136
vn 0.0000 -0.5555 0.8315
vn 0.0000 -0.3750 -0.9270
vn 0.0000 -0.0897 -0.9959
vn 0.0000 0.0825 -0.9966
vn 0.0000 0.3828 -0.9238
vn 0.0000 0.5814 -0.8136
vn 0.0000 -0.5555 -0.8315
vn 0.0000 -0.8585 -0.5128
vn 0.0000 -0.9578 -0.2873
vn 0.0000 -0.5128 -0.8585
vn 0.0000 0.7952 0.6063
vn 0.0000 -0.2873 -0.9578
vn 0.0000 0.8585 -0.5128
vn 0.0000 0.9578 -0.2873
vn 0.0000 0.5128 -0.8585
vn 0.0000 -0.7952 0.6063
vn 0.0000 0.2873 -0.9578
vn -0.0023 0.5878 -0.8090
vn 0.0023 -0.5878 -0.8090
vn 0.0024 -0.5878 -0.8090
vn 0.0038 -0.9510 -0.3090
vn 0.0038 -0.9510 0.3090
vn 0.0023 -0.5878 0.8090
vn 0.0024 -0.5878 0.8090
vn -0.0023 0.5878 0.8090
vn -0.0038 0.9510 0.3090
vn -0.0038 0.9510 -0.3090
vn 0.0000 0.9985 -0.0542
vn 0.0000 0.8884 -0.4591
vn 0.0000 -0.8884 -0.4591
vn 0.0000 -0.9985 -0.0542
vn -1.0000 -0.0040 0.0000
vn -1.0000 -0.0038 0.0002
vn -1.0000 -0.0039 0.0001
vn -1.0000 -0.0040 -0.0001
vn -1.0000 -0.0040 0.0001
vn -1.0000 -0.0038 -0.0002
vn 1.0000 0.0041 -0.0002
vn 1.0000 0.0040 0.0002
vn 1.0000 0.0040 -0.0001
vn 1.0000 0.0040 0.0000
vn 1.0000 0.0040 0.0001
vn 1.0000 0.0041 0.0000
vn -0.1044 0.5784 -0.8090
vn 0.1044 -0.5784 -0.8090
vn 0.1689 -0.9359 -0.3090
vn 0.1689 -0.9359 0.3090
vn 0.1044 -0.5784 0.8090
vn -0.1044 0.5784 0.8090
vn -0.1689 0.9359 0.3090
vn -0.1689 0.9359 -0.3090
vn -0.1734 0.9833 -0.0542
vn -0.1542 0.8749 -0.4591
vn 0.1542 -0.8749 -0.4591
vn 0.1734 -0.9833 -0.0542
vn 0.9848 0.1736 0.0000
vn 0.9848 0.1737 0.0000
vn -0.9848 -0.1736 0.0000
vn -0.9841 -0.1776 0.0000
vn -0.9841 -0.1774 0.0002
vn -0.9841 -0.1776 0.0001
vn -0.9841 -0.1774 -0.0002
vn 0.9841 0.1777 -0.0002
vn 0.9841 0.1776 0.0000
vn 0.9841 0.1776 0.0002
vn 0.9841 0.1776 0.0001
vn 0.9841 0.1775 -0.0001
vn 0.9841 0.1777 0.0000
vn 0.0000 -0.9999 -0.0123
vn 0.0000 -0.9882 0.1529
vn -0.5788 0.1838 0.7944
vn -0.5205 0.2437 0.8183
vn -0.5815 0.1831 0.7927
vn -0.5159 0.2637 0.8150
vn -0.5339 0.4573 0.7112
vn 0.5306 0.8476 -0.0005
vn 0.5271 0.8466 0.0726
vn 0.5339 0.8455 -0.0109
vn -0.5329 -0.0411 -0.8451
vn -0.5305 -0.1804 -0.8282
vn -0.5382 -0.0297 -0.8423
vn 0.0000 0.9400 0.3412
vn 0.0000 0.8440 0.5362
vn -0.5271 0.8466 0.0726
vn -0.5306 0.8476 -0.0005
vn -0.5339 0.8455 -0.0109
vn 0.9366 -0.2159 -0.2760
vn 0.9410 -0.3100 -0.1353
vn 0.9394 -0.3147 -0.1362
vn -0.5284 0.8397 -0.1247
vn -0.5313 0.8374 -0.1280
vn 0.0000 -0.9941 -0.1079
vn 0.5115 -0.3077 -0.8023
vn 0.5201 -0.2071 -0.8286
vn 0.5305 -0.1804 -0.8282
vn -0.9366 -0.2158 -0.2760
vn -0.9410 -0.3100 -0.1353
vn -0.9374 -0.1938 -0.2892
vn -0.9386 0.0160 0.3446
vn -0.9437 -0.0320 0.3293
vn -0.9430 -0.0387 0.3306
vn 0.9370 -0.2654 0.2269
vn 0.9429 -0.1474 0.2985
vn 0.9419 -0.1466 0.3020
vn -0.5319 0.6561 -0.5353
vn -0.5555 0.3592 -0.7499
vn -0.5334 0.6756 -0.5090
vn -0.5536 0.0871 -0.8282
vn -0.5571 0.0771 -0.8268
vn 0.9297 -0.3433 0.1333
vn 0.9368 -0.2791 0.2111
vn 0.9343 0.1007 0.3420
vn 0.9373 0.2233 0.2674
vn 0.9354 0.2332 0.2657
vn 0.5339 0.4573 0.7112
vn 0.5159 0.2637 0.8150
vn 0.5205 0.2437 0.8183
vn 0.5360 -0.8083 -0.2436
vn 0.5376 -0.8432 0.0020
vn 0.5268 -0.8066 -0.2680
vn -0.5201 -0.2071 -0.8286
vn -0.5115 -0.3077 -0.8023
vn 0.9354 0.3316 0.1222
vn -0.5212 -0.7287 -0.4442
vn -0.5268 -0.8066 -0.2680
vn -0.5360 -0.8083 -0.2436
vn 0.9416 0.3365 0.0045
vn 0.9481 0.3172 -0.0198
vn 0.9391 0.3434 0.0116
vn -0.5376 -0.8432 0.0020
vn -0.5486 -0.8360 0.0146
vn 0.5329 -0.0411 -0.8451
vn 0.5382 -0.0297 -0.8423
vn 0.5741 -0.8159 0.0679
vn 0.5486 -0.8360 0.0146
vn 0.5817 -0.8103 0.0703
vn 0.5334 0.6756 -0.5090
vn 0.5065 0.8116 -0.2911
vn 0.5077 0.8202 -0.2634
vn 0.9375 0.0244 0.3471
vn 0.9430 -0.0387 0.3306
vn 0.9386 0.0160 0.3446
vn -0.5065 0.8116 -0.2911
vn -0.5077 0.8202 -0.2634
vn -0.5741 -0.8159 0.0679
vn -0.5817 -0.8103 0.0703
vn 0.5284 0.8397 -0.1247
vn 0.0000 -0.9375 0.3478
vn 0.5289 0.6206 0.5789
vn 0.5274 0.4950 0.6905
vn -0.9343 0.1007 0.3420
vn -0.9373 0.2233 0.2674
vn -0.9366 0.0847 0.3400
vn -0.9366 -0.2159 -0.2760
vn 0.9364 -0.3508 -0.0046
vn 0.9371 -0.3490 0.0021
vn 0.0000 0.0750 0.9972
vn 0.0000 0.2837 0.9589
vn -0.9331 -0.1046 -0.3439
vn -0.9329 -0.1198 -0.3397
vn 0.0000 0.8440 0.5363
vn 0.0000 -0.1158 0.9933
vn 0.0000 -0.6043 -0.7967
vn 0.0000 -0.3312 -0.9435
vn 0.0000 -0.7731 0.6343
vn 0.0000 -0.4401 0.8979
vn 0.0000 -0.2364 -0.9716
vn 0.0000 0.9989 0.0457
vn 0.0000 0.9992 -0.0391
vn 0.0000 0.4084 0.9127
vn 0.0000 -0.7588 -0.6513
vn 0.9331 -0.1046 -0.3439
vn 0.9329 -0.1198 -0.3397
vn 0.9492 -0.0701 -0.3069
vn 0.9362 -0.3472 0.0543
vn 0.9355 -0.3494 0.0517
vn 0.5788 0.1838 0.7944
vn 0.5815 0.1831 0.7927
vn -0.9297 -0.3433 0.1333
vn -0.9368 -0.2791 0.2111
vn -0.9287 -0.3529 0.1142
vn -0.9370 -0.2654 0.2269
vn -0.9429 -0.1474 0.2985
vn -0.9364 -0.3508 -0.0046
vn -0.9394 -0.3147 -0.1362
vn -0.9371 -0.3490 0.0021
vn -0.9355 -0.3494 0.0517
vn -0.9416 0.3365 0.0045
vn -0.9391 0.3434 0.0116
vn -0.9481 0.3172 -0.0198
vn 0.5555 0.3592 -0.7499
vn 0.5319 0.6561 -0.5353
vn -0.9354 0.3316 0.1222
vn -0.9354 0.2332 0.2657
vn 0.5536 0.0871 -0.8282
vn 0.5510 0.3590 -0.7533
vn 0.5212 -0.7287 -0.4442
vn 0.5168 -0.7292 -0.4486
vn -0.5274 0.4950 0.6905
vn -0.5289 0.6206 0.5789
vn 0.5829 0.7036 -0.4062
vn 0.9792 0.2028 0.0000
vn 0.9792 0.1014 -0.1756
vn 0.5829 0.0000 -0.8125
vn 0.9792 -0.1014 -0.1756
vn 0.5829 -0.7036 -0.4062
vn 0.9792 -0.2028 0.0000
vn 0.5829 -0.7036 0.4063
vn 0.5829 -0.7036 0.4062
vn 0.5829 -0.7037 0.4063
vn 0.9792 -0.1014 0.1756
vn 0.9792 0.1014 0.1756
vn 0.5829 0.0000 0.8125
vn 0.5829 0.7036 0.4062
vn 0.5829 -0.7037 -0.4062
vn 0.5829 -0.7036 -0.4063
vn 0.5829 0.7036 0.4063
vn 0.5829 0.7036 -0.4063
vn -0.5829 0.7036 -0.4062
vn -0.5829 0.7037 -0.4062
vn -0.9792 0.2028 0.0000
vn -0.9792 0.1014 -0.1756
vn -0.5829 0.0000 -0.8125
vn -0.9792 -0.1014 -0.1756
vn -0.5829 -0.7036 -0.4062
vn -0.9792 -0.2028 0.0000
vn -0.5829 -0.7036 0.4062
vn -0.5829 -0.7036 0.4063
vn -0.9792 -0.1014 0.1756
vn -0.9792 0.1014 0.1756
vn -0.5829 0.0000 0.8125
vn -0.5829 0.7036 0.4062
vn -0.5829 0.7036 0.4063
vn -0.5829 0.7036 -0.4063
vn -0.5829 -0.7036 -0.4063
vn -0.5829 0.7037 -0.4063
vn 0.5773 -0.5773 -0.5773
vn -0.5773 -0.5773 0.5773
vn -0.4686 0.7489 0.4686
vn 0.5773 0.5773 0.5773
vn -0.5773 0.5773 -0.5773
vn 0.4686 -0.7489 0.4686
vn 0.5223 0.8493 0.0767
vn -0.5223 0.8493 0.0767
vn 0.9374 -0.1938 -0.2892
vn 0.4995 -0.3191 -0.8054
vn -0.9375 0.0244 0.3471
vn -0.9419 -0.1466 0.3020
vn -0.5510 0.3590 -0.7533
vn 0.9287 -0.3529 0.1142
vn 0.9366 0.0847 0.3400
vn -0.4995 -0.3191 -0.8054
vn 0.9375 0.3304 0.1093
vn -0.5168 -0.7292 -0.4486
vn 0.9499 0.3117 -0.0212
vn 0.9437 -0.0320 0.3292
vn 0.5313 0.8374 -0.1280
vn 0.5201 0.6296 0.5772
vn -0.9498 -0.0695 -0.3050
vn -0.9492 -0.0701 -0.3069
vn 0.9498 -0.0695 -0.3050
vn 0.9437 -0.0320 0.3293
vn -0.9362 -0.3472 0.0543
vn -0.9375 0.3304 0.1093
vn -0.9499 0.3117 -0.0212
vn 0.5571 0.0771 -0.8268
vn -0.5200 0.6296 0.5772
vn -0.5201 0.6296 0.5772
vn 0.5829 -0.7037 -0.4063
vn 0.5829 0.7037 -0.4063
vn -0.5829 -0.7037 -0.4063
vn -0.5829 0.7037 0.4063
vn -0.5829 -0.7037 -0.4062
usemtl mtl_bnk_int_1
s off
f 5509/49/72 5507/50/72 5508/51/72
f 5512/52/73 5522/53/73 5521/54/73
f 3418/55/74 3421/56/74 3422/57/74
f 3427/58/75 3412/59/75 3416/60/75
f 5520/61/75 3413/62/75 3417/63/75
f 5515/64/72 3420/65/72 5516/66/72
f 3411/67/74 3426/68/74 3415/69/74
f 5513/70/73 5518/71/73 5517/72/73
f 3736/73/76 3425/74/76 3428/75/76
f 5526/76/77 5523/77/77 5525/78/77
f 3437/79/78 5790/80/78 5789/81/78
f 5530/82/77 5527/83/77 5529/84/77
f 3441/85/78 5760/86/78 5759/87/78
f 5532/88/79 5533/89/79 5534/90/79
f 3445/91/78 5730/92/78 5729/93/78
f 5536/94/79 5537/95/79 5538/96/79
f 3449/97/78 5698/98/78 5697/99/78
f 5540/100/79 5541/101/79 5542/102/79
f 3453/103/78 5820/104/78 5819/105/78
f 5544/106/79 5545/107/79 5546/108/79
f 3457/109/78 5792/110/78 5791/111/78
f 5550/112/79 5547/113/79 5549/114/79
f 3461/115/78 5762/116/78 5761/117/78
f 5552/118/79 5553/119/79 5554/120/79
f 3465/121/78 5732/122/78 5731/123/78
f 5556/124/79 5557/125/79 5558/126/79
f 3469/127/78 5700/128/78 5699/129/78
f 5560/130/79 5561/131/79 5562/132/79
f 3473/133/78 5822/134/78 5821/135/78
f 5566/136/79 5563/137/79 5565/138/79
f 3477/139/78 5794/140/78 5793/141/78
f 5568/142/79 5569/143/79 5570/144/79
f 3726/145/78 5764/146/78 5763/147/78
f 5572/148/80 5573/149/80 5574/150/80
f 3697/151/78 5733/152/78 3484/153/78
f 5576/154/79 5577/155/79 5578/156/79
f 3666/157/78 5701/158/78 3487/159/78
f 5580/160/80 5581/161/80 5582/162/80
f 3635/163/78 5825/164/78 3490/165/78
f 5584/166/81 5585/167/81 5586/168/81
f 3603/169/78 5797/170/78 3493/171/78
f 5588/172/81 5589/173/81 5590/174/81
f 3729/175/78 5767/176/78 3496/177/78
f 5592/178/79 5593/179/79 5594/180/79
f 3699/181/78 5737/182/78 3499/183/78
f 5596/184/79 5597/185/79 5598/186/79
f 3668/187/78 5705/188/78 3502/189/78
f 5600/190/82 5601/191/82 5602/192/82
f 5606/193/83 5603/194/83 5605/195/83
f 3514/196/76 5710/197/76 5709/198/76
f 5608/199/82 5609/200/82 5610/201/82
f 3518/202/76 5678/203/76 5677/204/76
f 5614/205/82 5611/206/82 5613/207/82
f 3522/208/76 5802/209/76 5801/210/76
f 5616/211/82 5617/212/82 5618/213/82
f 3526/214/76 5774/215/76 5773/216/76
f 5620/217/82 5621/218/82 5622/219/82
f 3530/220/76 5744/221/76 5743/222/76
f 5626/223/82 5623/224/82 5625/225/82
f 3534/226/76 5712/227/76 5711/228/76
f 5628/229/82 5629/230/82 5630/231/82
f 3538/232/76 5682/233/76 5681/234/76
f 5632/235/82 5633/236/82 5634/237/82
f 3542/238/76 5806/239/76 5805/240/76
f 5638/241/82 5635/242/82 5637/243/82
f 3546/244/76 5778/245/76 5777/246/76
f 5640/247/82 5641/248/82 5642/249/82
f 3550/250/76 5748/251/76 5747/252/76
f 5646/253/83 5643/254/83 5645/255/83
f 3554/256/76 5720/257/76 5719/258/76
f 5648/259/84 5649/260/84 5650/261/84
f 3643/262/76 5685/263/76 3558/264/76
f 5652/265/82 5653/266/82 5654/267/82
f 3611/268/76 5807/269/76 3561/270/76
f 5656/271/84 5657/272/84 5658/273/84
f 3580/274/76 5779/275/76 3564/276/76
f 5660/277/85 5661/278/85 5662/279/85
f 3706/280/76 5749/281/76 3567/282/76
f 5664/283/86 5665/284/86 5666/285/86
f 3677/286/76 5717/287/76 3570/288/76
f 5668/289/84 5669/290/84 5670/291/84
f 3646/292/76 5687/293/76 3573/294/76
f 5672/295/82 5673/296/82 5674/297/82
f 3613/298/76 5809/299/76 3576/300/76
f 3513/301/87 3612/302/87 3627/303/87
f 3464/304/88 3637/305/88 3653/306/88
f 5746/307/79 5785/308/79 5786/309/79
f 5811/310/89 5799/311/89 5800/312/89
f 3452/313/90 3730/314/90 3588/315/90
f 5680/316/79 5723/317/79 5724/318/79
f 5752/319/87 5740/320/87 5751/321/87
f 3440/322/88 3667/323/88 3682/324/88
f 3575/325/87 3714/326/87 3722/327/87
f 5714/328/91 5696/329/91 5713/330/91
f 5741/331/76 3512/332/76 5742/333/76
f 3661/334/89 3568/335/89 3652/336/89
f 5804/337/92 5788/338/92 5803/339/92
f 5736/340/76 5676/341/76 5675/342/76
f 3596/343/87 3559/344/87 3587/345/87
f 3623/346/90 3503/347/90 3608/348/90
f 5823/349/76 5769/350/76 5824/351/76
f 3545/352/93 3681/353/93 3692/354/93
f 3716/355/91 3494/356/91 3703/357/91
f 3433/358/78 5727/359/78 3694/360/78
f 5783/361/82 5828/362/82 5784/363/82
f 3533/364/87 3614/365/87 3628/366/87
f 3483/367/90 3638/368/90 3654/369/90
f 3430/370/78 5815/371/78 3631/372/78
f 5721/373/85 5766/374/85 5722/375/85
f 3521/376/87 3707/377/87 3719/378/87
f 3472/379/88 3731/380/88 3590/381/88
f 5683/382/94 5726/383/94 5684/384/94
f 3510/385/87 3645/386/87 3658/387/87
f 3460/388/90 3669/389/90 3684/390/90
f 5776/391/80 5813/392/80 5814/393/80
f 5690/394/87 3579/395/87 5689/396/87
f 3448/397/88 3604/398/88 3619/399/88
f 5716/400/79 5753/401/79 5754/402/79
f 5782/403/95 3674/404/95 5781/405/95
f 3436/406/88 3698/407/88 3711/408/88
f 3572/409/95 3589/410/95 3597/411/95
f 3648/412/96 3633/413/96 3634/414/96
f 3509/415/76 5771/416/76 3734/417/76
f 3693/418/95 3565/419/95 3683/420/95
f 3583/421/90 3725/422/90 3582/423/90
f 3671/424/76 5708/425/76 5707/426/76
f 3553/427/87 3624/428/87 3629/429/87
f 3498/430/91 3640/431/91 3655/432/91
f 3632/433/78 5818/434/78 5817/435/78
f 3541/436/95 3710/437/95 3720/438/95
f 3489/439/91 3733/440/91 3591/441/91
f 3432/442/78 5757/443/78 3723/444/78
f 3717/445/84 5704/446/84 3718/447/84
f 3529/448/87 3647/449/87 3659/450/87
f 3480/451/96 3670/452/96 3685/453/96
f 3429/454/78 5693/455/78 3662/456/78
f 3656/457/82 5796/458/82 3657/459/82
f 3517/460/95 3581/461/95 3594/462/95
f 3468/463/90 3605/464/90 3621/465/90
f 3615/466/79 5756/467/79 3616/468/79
f 3690/469/95 3676/470/95 3689/471/95
f 3456/472/88 3700/473/88 3713/474/88
f 3709/475/80 5691/476/80 5692/477/80
f 3626/478/95 3610/479/95 3625/480/95
f 3444/481/88 3636/482/88 3651/483/88
f 3586/484/90 3728/485/90 3585/486/90
f 3630/487/87 3571/488/87 3620/489/87
f 3680/490/88 3665/491/88 3679/492/88
f 3607/493/76 3705/494/76 3704/495/76
f 3560/496/97 3712/497/97 3721/498/97
f 3617/499/98 3599/500/98 3600/501/98
f 3702/502/76 3642/503/76 3641/504/76
f 3549/505/95 3650/506/95 3660/507/95
f 3686/508/98 3497/509/98 3672/510/98
f 3434/511/78 3601/512/78 3663/513/78
f 3537/514/87 3584/515/87 3595/516/87
f 3622/517/90 3488/518/90 3606/519/90
f 3431/520/78 3695/521/78 3598/522/78
f 3592/523/82 3639/524/82 3593/525/82
f 3525/526/87 3678/527/87 3691/528/87
f 3476/529/88 3701/530/88 3715/531/88
f 3687/532/84 3732/533/84 3688/534/84
f 3738/535/78 3741/536/78 3740/537/78
f 3742/538/76 3747/539/76 3744/540/76
f 3743/541/78 3749/542/78 3748/543/78
f 3736/544/76 3744/545/76 3737/546/76
f 3740/547/78 3745/548/78 3743/549/78
f 3746/550/76 3425/551/76 3747/552/76
f 3748/553/78 3739/554/78 3738/555/78
f 5831/556/72 5829/557/72 5830/558/72
f 5834/559/73 5844/560/73 5843/561/73
f 3757/562/74 3760/563/74 3761/564/74
f 3765/565/75 3751/566/75 3755/567/75
f 5842/568/75 3752/569/75 3756/570/75
f 5837/571/72 3759/572/72 5838/573/72
f 3750/574/74 3764/575/74 3754/576/74
f 5835/577/73 5840/578/73 5839/579/73
f 5848/580/81 5845/581/81 5847/582/81
f 3773/583/78 6096/584/78 6095/585/78
f 5852/586/81 5849/587/81 5851/588/81
f 3777/589/78 6066/590/78 6065/591/78
f 5854/592/77 5855/593/77 5856/594/77
f 3781/595/78 6038/596/78 6037/597/78
f 5860/598/94 5857/599/94 5859/600/94
f 3785/601/78 6010/602/78 6009/603/78
f 5862/604/77 5863/605/77 5864/606/77
f 3789/607/78 6124/608/78 6123/609/78
f 5868/610/80 5865/611/80 5867/612/80
f 3793/613/78 6098/614/78 6097/615/78
f 5872/616/79 5869/617/79 5871/618/79
f 3797/619/78 6068/620/78 6067/621/78
f 5874/622/77 5875/623/77 5876/624/77
f 3801/625/78 6040/626/78 6039/627/78
f 5880/628/80 5877/629/80 5879/630/80
f 3805/631/78 6012/632/78 6011/633/78
f 5882/634/77 5883/635/77 5884/636/77
f 3809/637/78 6126/638/78 6125/639/78
f 5888/640/79 5885/641/79 5887/642/79
f 3813/643/78 6100/644/78 6099/645/78
f 5890/646/80 5891/647/80 5892/648/80
f 4045/649/78 6070/650/78 6069/651/78
f 5894/652/77 5895/653/77 5896/654/77
f 4018/655/78 6041/656/78 3820/657/78
f 5898/658/80 5899/659/80 5900/660/80
f 3988/661/78 6013/662/78 3823/663/78
f 5902/664/80 5903/665/80 5904/666/80
f 3958/667/78 6129/668/78 3826/669/78
f 5906/670/81 5907/671/81 5908/672/81
f 3931/673/78 6103/674/78 3829/675/78
f 5910/676/81 5911/677/81 5912/678/81
f 4048/679/78 6073/680/78 3832/681/78
f 5914/682/81 5915/683/81 5916/684/81
f 4020/685/78 6045/686/78 3835/687/78
f 5920/688/84 5917/689/84 5919/690/84
f 5922/691/99 5923/692/99 5924/693/99
f 3847/694/76 6020/695/76 6019/696/76
f 5926/697/99 5927/698/99 5928/699/99
f 3851/700/76 5992/701/76 5991/702/76
f 5932/703/84 5929/704/84 5931/705/84
f 3855/706/76 6108/707/76 6107/708/76
f 5934/709/99 5935/710/99 5936/711/99
f 3859/712/76 6080/713/76 6079/714/76
f 5940/715/84 5937/716/84 5939/717/84
f 3863/718/76 6052/719/76 6051/720/76
f 5942/721/99 5943/722/99 5944/723/99
f 3867/724/76 6022/725/76 6021/726/76
f 5948/727/83 5945/728/83 5947/729/83
f 3871/730/76 5996/731/76 5995/732/76
f 5950/733/99 5951/734/99 5952/735/99
f 3875/736/76 6112/737/76 6111/738/76
f 5956/739/84 5953/740/84 5955/741/84
f 3879/742/76 6084/743/76 6083/744/76
f 5958/745/99 5959/746/99 5960/747/99
f 3883/748/76 6056/749/76 6055/750/76
f 5962/751/99 5963/752/99 5964/753/99
f 3887/754/76 6028/755/76 6027/756/76
f 5966/757/85 5967/758/85 5968/759/85
f 3966/760/76 5999/761/76 3891/762/76
f 5970/763/99 5971/764/99 5972/765/99
f 3938/766/76 6113/767/76 3894/768/76
f 5974/769/85 5975/770/85 5976/771/85
f 3910/772/76 6085/773/76 3897/774/76
f 5978/775/85 5979/776/85 5980/777/85
f 4027/778/76 6057/779/76 3900/780/76
f 5982/781/86 5983/782/86 5984/783/86
f 3998/784/76 6025/785/76 3903/786/76
f 5986/787/85 5987/788/85 5988/789/85
f 3969/790/76 6001/791/76 3906/792/76
f 3846/793/87 3939/794/87 3950/795/87
f 3800/796/91 3960/797/91 3976/798/91
f 6054/799/79 6091/800/79 6092/801/79
f 6116/802/87 6106/803/87 6115/804/87
f 3788/805/96 4049/806/96 3918/807/96
f 5994/808/79 6031/809/79 6032/810/79
f 6060/811/100 6048/812/100 6059/813/100
f 3776/814/88 3989/815/88 4003/816/88
f 6024/817/88 6008/818/88 6023/819/88
f 3844/820/76 6050/821/76 6049/822/76
f 3984/823/89 3901/824/89 3975/825/89
f 6110/826/88 6094/827/88 6109/828/88
f 6044/829/76 5990/830/76 5989/831/76
f 3890/832/87 3917/833/87 3926/834/87
f 6127/835/76 6075/836/76 6128/837/76
f 3878/838/95 4002/839/95 4013/840/95
f 3828/841/96 4024/842/96 4036/843/96
f 3769/844/78 6035/845/78 4015/846/78
f 6090/847/83 6131/848/83 6132/849/83
f 3866/850/87 3940/851/87 3951/852/87
f 3819/853/90 3961/854/90 3977/855/90
f 3766/856/78 6119/857/78 3954/858/78
f 6029/859/85 6072/860/85 6030/861/85
f 3854/862/101 4028/863/101 4039/864/101
f 3808/865/88 4050/866/88 3920/867/88
f 5997/868/77 6034/869/77 5998/870/77
f 3843/871/97 3968/872/97 3981/873/97
f 3796/874/91 3990/875/91 4005/876/91
f 6082/877/102 6117/878/102 6118/879/102
f 6004/880/89 3909/881/89 6003/882/89
f 3784/883/88 3932/884/88 3943/885/88
f 6087/886/95 3994/887/95 3995/888/95
f 3772/889/88 4019/890/88 4032/891/88
f 3905/892/95 3919/893/95 3927/894/95
f 3971/895/96 3956/896/96 3957/897/96
f 3842/898/76 6077/899/76 4053/900/76
f 3896/901/95 4004/902/95 4014/903/95
f 3913/904/90 4044/905/90 3912/906/90
f 3992/907/76 6018/908/76 6017/909/76
f 3886/910/87 3947/911/87 3952/912/87
f 3834/913/88 3963/914/88 3978/915/88
f 3955/916/78 6122/917/78 6121/918/78
f 3874/919/95 4031/920/95 4040/921/95
f 3825/922/88 4052/923/88 3921/924/88
f 4042/925/78 6064/926/78 6063/927/78
f 4038/928/85 6015/929/85 6016/930/85
f 3862/931/87 3970/932/87 3982/933/87
f 3816/934/96 3991/935/96 4006/936/96
f 3979/937/82 6102/938/82 3980/939/82
f 3850/940/95 3911/941/95 3924/942/95
f 3804/943/90 3933/944/90 3945/945/90
f 3942/946/94 6061/947/94 6062/948/94
f 4011/949/95 3997/950/95 4010/951/95
f 3792/952/91 4021/953/91 4034/954/91
f 4030/955/80 6005/956/80 6006/957/80
f 3949/958/87 3937/959/87 3948/960/87
f 3780/961/91 3959/962/91 3974/963/91
f 3916/964/90 4047/965/90 3915/966/90
f 3953/967/100 3904/968/100 3944/969/100
f 4000/970/88 3986/971/88 3987/972/88
f 3935/973/76 4026/974/76 4025/975/76
f 3893/976/87 4033/977/87 4041/978/87
f 4023/979/76 3965/980/76 3964/981/76
f 3882/982/95 3973/983/95 3983/984/95
f 4007/985/96 3833/986/96 3993/987/96
f 3770/988/78 3929/989/78 3985/990/78
f 3870/991/87 3914/992/87 3925/993/87
f 3946/994/90 3824/995/90 3934/996/90
f 3767/997/78 4016/998/78 3928/999/78
f 3922/1000/83 3962/1001/83 3923/1002/83
f 3858/1003/101 3999/1004/101 4012/1005/101
f 3812/1006/92 4022/1007/92 4035/1008/92
f 4008/1009/82 4051/1010/82 4009/1011/82
f 4055/1012/103 4058/1013/103 4056/1014/103
f 4059/1015/104 4062/1016/104 4060/1017/104
f 4063/1018/76 4066/1019/76 4064/1020/76
f 4069/1021/78 4068/1022/78 4070/1023/78
f 4071/1024/76 4076/1025/76 4073/1026/76
f 4072/1027/78 4078/1028/78 4077/1029/78
f 4065/1030/76 4073/1031/76 4066/1032/76
f 4069/1033/78 4074/1034/78 4072/1035/78
f 4075/1036/76 4064/1037/76 4076/1038/76
f 4077/1039/78 4068/1040/78 4067/1041/78
f 4080/1042/76 4081/1043/76 4079/1044/76
f 4083/1045/78 4084/1046/78 4082/1047/78
f 4086/1048/76 4087/1049/76 4085/1050/76
f 4089/1051/78 4090/1052/78 4088/1053/78
f 5509/49/72 5510/1054/72 5507/50/72
f 5512/52/73 5511/1055/73 5522/53/73
f 3418/55/74 3414/1056/74 3421/56/74
f 3427/58/75 3424/1057/75 3412/59/75
f 5520/61/75 5519/1058/75 3413/62/75
f 5515/64/72 3419/1059/72 3420/65/72
f 3411/67/74 3423/1060/74 3426/68/74
f 5513/70/73 5514/1061/73 5518/71/73
f 3736/73/76 3737/1062/76 3425/74/76
f 5526/76/105 5524/1063/105 5523/77/105
f 3437/79/78 3439/1064/78 5790/80/78
f 5530/82/105 5528/1065/105 5527/83/105
f 3441/85/78 3443/1066/78 5760/86/78
f 5532/88/94 5531/1067/94 5533/89/94
f 3445/91/78 3447/1068/78 5730/92/78
f 5536/94/94 5535/1069/94 5537/95/94
f 3449/97/78 3451/1070/78 5698/98/78
f 5540/100/94 5539/1071/94 5541/101/94
f 3453/103/78 3455/1072/78 5820/104/78
f 5544/106/94 5543/1073/94 5545/107/94
f 3457/109/78 3459/1074/78 5792/110/78
f 5550/112/80 5548/1075/80 5547/113/80
f 3461/115/78 3463/1076/78 5762/116/78
f 5552/118/79 5551/1077/79 5553/119/79
f 3465/121/78 3467/1078/78 5732/122/78
f 5556/124/94 5555/1079/94 5557/125/94
f 3469/127/78 3471/1080/78 5700/128/78
f 5560/130/94 5559/1081/94 5561/131/94
f 3473/133/78 3475/1082/78 5822/134/78
f 5566/136/80 5564/1083/80 5563/137/80
f 3477/139/78 3479/1084/78 5794/140/78
f 5568/142/79 5567/1085/79 5569/143/79
f 5763/147/78 3481/1086/78 3726/145/78
f 3726/145/78 3735/1087/78 5764/146/78
f 5572/148/79 5571/1088/79 5573/149/79
f 3697/151/78 5734/1089/78 5733/152/78
f 5576/154/77 5575/1090/77 5577/155/77
f 3666/157/78 5702/1091/78 5701/158/78
f 5580/160/79 5579/1092/79 5581/161/79
f 3635/163/78 5826/1093/78 5825/164/78
f 5584/166/79 5583/1094/79 5585/167/79
f 3603/169/78 5798/1095/78 5797/170/78
f 5588/172/77 5587/1096/77 5589/173/77
f 3729/175/78 5768/1097/78 5767/176/78
f 5592/178/94 5591/1098/94 5593/179/94
f 3699/181/78 5738/1099/78 5737/182/78
f 5596/184/94 5595/1100/94 5597/185/94
f 3668/187/78 5706/1101/78 5705/188/78
f 5600/190/83 5599/1102/83 5601/191/83
f 5606/193/84 5604/1103/84 5603/194/84
f 3514/196/76 3516/1104/76 5710/197/76
f 5608/199/83 5607/1105/83 5609/200/83
f 3518/202/76 3520/1106/76 5678/203/76
f 5614/205/84 5612/1107/84 5611/206/84
f 3522/208/76 3524/1108/76 5802/209/76
f 5616/211/83 5615/1109/83 5617/212/83
f 3526/214/76 3528/1110/76 5774/215/76
f 5620/217/83 5619/1111/83 5621/218/83
f 3530/220/76 3532/1112/76 5744/221/76
f 5626/223/84 5624/1113/84 5623/224/84
f 3534/226/76 3536/1114/76 5712/227/76
f 5628/229/83 5627/1115/83 5629/230/83
f 3538/232/76 3540/1116/76 5682/233/76
f 5632/235/85 5631/1117/85 5633/236/85
f 3542/238/76 3544/1118/76 5806/239/76
f 5638/241/82 5636/1119/82 5635/242/82
f 3546/244/76 3548/1120/76 5778/245/76
f 5640/247/83 5639/1121/83 5641/248/83
f 3550/250/76 3552/1122/76 5748/251/76
f 5646/253/85 5644/1123/85 5643/254/85
f 3554/256/76 3556/1124/76 5720/257/76
f 5648/259/86 5647/1125/86 5649/260/86
f 3643/262/76 5686/1126/76 5685/263/76
f 5652/265/84 5651/1127/84 5653/266/84
f 3611/268/76 5808/1128/76 5807/269/76
f 5656/271/82 5655/1129/82 5657/272/82
f 3580/274/76 5780/1130/76 5779/275/76
f 5660/277/83 5659/1131/83 5661/278/83
f 3706/280/76 5750/1132/76 5749/281/76
f 5664/283/82 5663/1133/82 5665/284/82
f 3677/286/76 5718/1134/76 5717/287/76
f 5668/289/99 5667/1135/99 5669/290/99
f 3646/292/76 5688/1136/76 5687/293/76
f 5672/295/86 5671/1137/86 5673/296/86
f 3613/298/76 5810/1138/76 5809/299/76
f 3513/301/100 3515/1139/100 3612/302/100
f 3464/304/90 3466/1140/90 3637/305/90
f 5746/307/79 5745/1141/79 5785/308/79
f 5811/310/87 5812/1142/87 5799/311/87
f 3452/313/88 3454/1143/88 3730/314/88
f 5680/316/79 5679/1144/79 5723/317/79
f 5752/319/93 5739/1145/93 5740/320/93
f 3440/322/96 3442/1146/96 3667/323/96
f 3575/325/87 3577/1147/87 3714/326/87
f 5714/328/96 5695/1148/96 5696/329/96
f 5741/331/76 3511/1149/76 3512/332/76
f 3661/334/87 3566/1150/87 3568/335/87
f 5804/337/88 5787/1151/88 5788/338/88
f 5736/340/76 5735/1152/76 5676/341/76
f 3596/343/95 3557/1153/95 3559/344/95
f 3623/346/88 3501/1154/88 3503/347/88
f 5823/349/76 5770/1155/76 5769/350/76
f 3545/352/100 3547/1156/100 3681/353/100
f 3716/355/91 3492/1157/91 3494/356/91
f 3433/358/78 5728/1158/78 5727/359/78
f 5783/361/83 5827/1159/83 5828/362/83
f 3533/364/100 3535/1160/100 3614/365/100
f 3483/367/96 3485/1161/96 3638/368/96
f 3430/370/78 5816/1162/78 5815/371/78
f 5721/373/82 5765/1163/82 5766/374/82
f 3521/376/95 3523/1164/95 3707/377/95
f 3472/379/96 3474/1165/96 3731/380/96
f 5683/382/80 5725/1166/80 5726/383/80
f 3510/385/95 3644/1167/95 3645/386/95
f 3460/388/88 3462/1168/88 3669/389/88
f 5776/391/79 5775/1169/79 5813/392/79
f 5690/394/95 3578/1170/95 3579/395/95
f 3448/397/88 3450/1171/88 3604/398/88
f 5716/400/94 5715/1172/94 5753/401/94
f 5782/403/87 3673/1173/87 3674/404/87
f 3436/406/96 3438/1174/96 3698/407/96
f 3572/409/93 3574/1175/93 3589/410/93
f 3648/412/88 3649/1176/88 3633/413/88
f 3509/415/76 5772/1177/76 5771/416/76
f 3693/418/101 3563/1178/101 3565/419/101
f 3583/421/90 3724/1179/90 3725/422/90
f 3671/424/76 3506/1180/76 5708/425/76
f 3553/427/100 3555/1181/100 3624/428/100
f 3498/430/88 3500/1182/88 3640/431/88
f 3632/433/78 3435/1183/78 5818/434/78
f 3541/436/100 3543/1184/100 3710/437/100
f 3489/439/98 3491/1185/98 3733/440/98
f 3432/442/78 5758/1186/78 5757/443/78
f 3717/445/99 5703/1187/99 5704/446/99
f 3529/448/87 3531/1188/87 3647/449/87
f 3480/451/96 3482/1189/96 3670/452/96
f 3429/454/78 5694/1190/78 5693/455/78
f 3656/457/85 5795/1191/85 5796/458/85
f 3517/460/95 3519/1192/95 3581/461/95
f 3468/463/96 3470/1193/96 3605/464/96
f 3615/466/80 5755/1194/80 5756/467/80
f 3690/469/87 3675/1195/87 3676/470/87
f 3456/472/96 3458/1196/96 3700/473/96
f 3709/475/79 3708/1197/79 5691/476/79
f 3626/478/89 3609/1198/89 3610/479/89
f 3444/481/96 3446/1199/96 3636/482/96
f 3586/484/96 3727/1200/96 3728/485/96
f 3630/487/95 3569/1201/95 3571/488/95
f 3680/490/92 3664/1202/92 3665/491/92
f 3607/493/76 3508/1203/76 3705/494/76
f 3560/496/87 3562/1204/87 3712/497/87
f 3617/499/92 3618/1205/92 3599/500/92
f 3702/502/76 3505/1206/76 3642/503/76
f 3549/505/100 3551/1207/100 3650/506/100
f 3686/508/91 3495/1208/91 3497/509/91
f 3434/511/78 3602/1209/78 3601/512/78
f 3537/514/100 3539/1210/100 3584/515/100
f 3622/517/88 3486/1211/88 3488/518/88
f 3431/520/78 3696/1212/78 3695/521/78
f 3592/523/85 3507/1213/85 3639/524/85
f 3525/526/87 3527/1214/87 3678/527/87
f 3476/529/90 3478/1215/90 3701/530/90
f 3687/532/106 3504/1216/106 3732/533/106
f 3738/535/78 3739/1217/78 3741/536/78
f 3742/538/76 3746/1218/76 3747/539/76
f 3743/541/78 3745/1219/78 3749/542/78
f 3736/544/76 3742/1220/76 3744/545/76
f 3740/547/78 3741/1221/78 3745/548/78
f 3746/550/76 3428/1222/76 3425/551/76
f 3748/553/78 3749/1223/78 3739/554/78
f 5831/556/72 5832/1224/72 5829/557/72
f 5834/559/73 5833/1225/73 5844/560/73
f 3757/562/74 3753/1226/74 3760/563/74
f 3765/565/75 3763/1227/75 3751/566/75
f 5842/568/75 5841/1228/75 3752/569/75
f 5837/571/72 3758/1229/72 3759/572/72
f 3750/574/74 3762/1230/74 3764/575/74
f 5835/577/73 5836/1231/73 5840/578/73
f 5848/580/80 5846/1232/80 5845/581/80
f 3773/583/78 3775/1233/78 6096/584/78
f 5852/586/80 5850/1234/80 5849/587/80
f 3777/589/78 3779/1235/78 6066/590/78
f 5854/592/81 5853/1236/81 5855/593/81
f 3781/595/78 3783/1237/78 6038/596/78
f 5860/598/80 5858/1238/80 5857/599/80
f 3785/601/78 3787/1239/78 6010/602/78
f 5862/604/80 5861/1240/80 5863/605/80
f 3789/607/78 3791/1241/78 6124/608/78
f 5868/610/80 5866/1242/80 5865/611/80
f 3793/613/78 3795/1243/78 6098/614/78
f 5872/616/80 5870/1244/80 5869/617/80
f 3797/619/78 3799/1245/78 6068/620/78
f 5874/622/79 5873/1246/79 5875/623/79
f 3801/625/78 3803/1247/78 6040/626/78
f 5880/628/80 5878/1248/80 5877/629/80
f 3805/631/78 3807/1249/78 6012/632/78
f 5882/634/81 5881/1250/81 5883/635/81
f 3809/637/78 3811/1251/78 6126/638/78
f 5888/640/80 5886/1252/80 5885/641/80
f 3813/643/78 3815/1253/78 6100/644/78
f 5890/646/79 5889/1254/79 5891/647/79
f 6069/651/78 3817/1255/78 4045/649/78
f 4045/649/78 4054/1256/78 6070/650/78
f 5894/652/79 5893/1257/79 5895/653/79
f 4018/655/78 6042/1258/78 6041/656/78
f 5898/658/77 5897/1259/77 5899/659/77
f 3988/661/78 6014/1260/78 6013/662/78
f 5902/664/77 5901/1261/77 5903/665/77
f 3958/667/78 6130/1262/78 6129/668/78
f 5906/670/81 5905/1263/81 5907/671/81
f 3931/673/78 6104/1264/78 6103/674/78
f 5910/676/79 5909/1265/79 5911/677/79
f 4048/679/78 6074/1266/78 6073/680/78
f 5914/682/77 5913/1267/77 5915/683/77
f 4020/685/78 6046/1268/78 6045/686/78
f 5920/688/85 5918/1269/85 5917/689/85
f 5922/691/84 5921/1270/84 5923/692/84
f 3847/694/76 3849/1271/76 6020/695/76
f 5926/697/84 5925/1272/84 5927/698/84
f 3851/700/76 3853/1273/76 5992/701/76
f 5932/703/85 5930/1274/85 5929/704/85
f 3855/706/76 3857/1275/76 6108/707/76
f 5934/709/84 5933/1276/84 5935/710/84
f 3859/712/76 3861/1277/76 6080/713/76
f 5940/715/85 5938/1278/85 5937/716/85
f 3863/718/76 3865/1279/76 6052/719/76
f 5942/721/84 5941/1280/84 5943/722/84
f 3867/724/76 3869/1281/76 6022/725/76
f 5948/727/85 5946/1282/85 5945/728/85
f 3871/730/76 3873/1283/76 5996/731/76
f 5950/733/106 5949/1284/106 5951/734/106
f 3875/736/76 3877/1285/76 6112/737/76
f 5956/739/99 5954/1286/99 5953/740/99
f 3879/742/76 3881/1287/76 6084/743/76
f 5958/745/106 5957/1288/106 5959/746/106
f 3883/748/76 3885/1289/76 6056/749/76
f 5962/751/106 5961/1290/106 5963/752/106
f 3887/754/76 3889/1291/76 6028/755/76
f 5966/757/86 5965/1292/86 5967/758/86
f 3966/760/76 6000/1293/76 5999/761/76
f 5970/763/82 5969/1294/82 5971/764/82
f 3938/766/76 6114/1295/76 6113/767/76
f 5974/769/82 5973/1296/82 5975/770/82
f 3910/772/76 6086/1297/76 6085/773/76
f 5978/775/82 5977/1298/82 5979/776/82
f 4027/778/76 6058/1299/76 6057/779/76
f 5982/781/86 5981/1300/86 5983/782/86
f 3998/784/76 6026/1301/76 6025/785/76
f 5986/787/84 5985/1302/84 5987/788/84
f 3969/790/76 6002/1303/76 6001/791/76
f 3846/793/100 3848/1304/100 3939/794/100
f 3800/796/90 3802/1305/90 3960/797/90
f 6054/799/79 6053/1306/79 6091/800/79
f 6116/802/95 6105/1307/95 6106/803/95
f 3788/805/96 3790/1308/96 4049/806/96
f 5994/808/79 5993/1309/79 6031/809/79
f 6060/811/93 6047/1310/93 6048/812/93
f 3776/814/96 3778/1311/96 3989/815/96
f 6024/817/88 6007/1312/88 6008/818/88
f 3844/820/76 3845/1313/76 6050/821/76
f 3984/823/87 3899/1314/87 3901/824/87
f 6110/826/91 6093/1315/91 6094/827/91
f 6044/829/76 6043/1316/76 5990/830/76
f 3890/832/95 3892/1317/95 3917/833/95
f 6127/835/76 6076/1318/76 6075/836/76
f 3878/838/100 3880/1319/100 4002/839/100
f 3828/841/91 3830/1320/91 4024/842/91
f 3769/844/78 6036/1321/78 6035/845/78
f 6090/847/82 6089/1322/82 6131/848/82
f 3866/850/100 3868/1323/100 3940/851/100
f 3819/853/90 3821/1324/90 3961/854/90
f 3766/856/78 6120/1325/78 6119/857/78
f 6029/859/85 6071/1326/85 6072/860/85
f 3854/862/100 3856/1327/100 4028/863/100
f 3808/865/96 3810/1328/96 4050/866/96
f 5997/868/79 6033/1329/79 6034/869/79
f 3843/871/93 3967/1330/93 3968/872/93
f 3796/874/88 3798/1331/88 3990/875/88
f 6082/877/94 6081/1332/94 6117/878/94
f 6004/880/97 3908/1333/97 3909/881/97
f 3784/883/88 3786/1334/88 3932/884/88
f 6087/886/93 6088/1335/93 3994/887/93
f 3772/889/90 3774/1336/90 4019/890/90
f 3905/892/93 3907/1337/93 3919/893/93
f 3971/895/88 3972/1338/88 3956/896/88
f 3842/898/76 6078/1339/76 6077/899/76
f 3896/901/87 3898/1340/87 4004/902/87
f 3913/904/90 4043/1341/90 4044/905/90
f 3992/907/76 3839/1342/76 6018/908/76
f 3886/910/100 3888/1343/100 3947/911/100
f 3834/913/98 3836/1344/98 3963/914/98
f 3955/916/78 3771/1345/78 6122/917/78
f 3874/919/100 3876/1346/100 4031/920/100
f 3825/922/96 3827/1347/96 4052/923/96
f 4042/925/78 3768/1348/78 6064/926/78
f 4038/928/85 4037/1349/85 6015/929/85
f 3862/931/87 3864/1350/87 3970/932/87
f 3816/934/96 3818/1351/96 3991/935/96
f 3979/937/82 6101/1352/82 6102/938/82
f 3850/940/95 3852/1353/95 3911/941/95
f 3804/943/96 3806/1354/96 3933/944/96
f 3942/946/81 3941/1355/81 6061/947/81
f 4011/949/87 3996/1356/87 3997/950/87
f 3792/952/96 3794/1357/96 4021/953/96
f 4030/955/77 4029/1358/77 6005/956/77
f 3949/958/101 3936/1359/101 3937/959/101
f 3780/961/90 3782/1360/90 3959/962/90
f 3916/964/90 4046/1361/90 4047/965/90
f 3953/967/95 3902/1362/95 3904/968/95
f 4000/970/88 4001/1363/88 3986/971/88
f 3935/973/76 3841/1364/76 4026/974/76
f 3893/976/100 3895/1365/100 4033/977/100
f 4023/979/76 3838/1366/76 3965/980/76
f 3882/982/95 3884/1367/95 3973/983/95
f 4007/985/90 3831/1368/90 3833/986/90
f 3770/988/78 3930/1369/78 3929/989/78
f 3870/991/100 3872/1370/100 3914/992/100
f 3946/994/88 3822/1371/88 3824/995/88
f 3767/997/78 4017/1372/78 4016/998/78
f 3922/1000/86 3840/1373/86 3962/1001/86
f 3858/1003/100 3860/1374/100 3999/1004/100
f 3812/1006/90 3814/1375/90 4022/1007/90
f 4008/1009/82 3837/1376/82 4051/1010/82
f 4055/1012/103 4057/1377/103 4058/1013/103
f 4059/1015/104 4061/1378/104 4062/1016/104
f 4063/1018/76 4065/1379/76 4066/1019/76
f 4069/1021/78 4067/1380/78 4068/1022/78
f 4071/1024/76 4075/1381/76 4076/1025/76
f 4072/1027/78 4074/1382/78 4078/1028/78
f 4065/1030/76 4071/1383/76 4073/1031/76
f 4069/1033/78 4070/1384/78 4074/1034/78
f 4075/1036/76 4063/1385/76 4064/1037/76
f 4077/1039/78 4078/1386/78 4068/1040/78
s 1
f 1391/1387/73 113/1388/73 1394/1389/73
f 1395/1390/72 116/1391/72 125/1392/72
f 114/1393/73 1390/1394/73 113/1388/73
f 128/1395/76 119/1396/76 127/1397/76
f 120/1398/76 1396/1399/76 1384/1400/76
f 1385/1401/78 1397/1402/78 117/1403/78
f 1398/1404/78 124/1405/78 1393/1406/78
f 115/1407/72 121/1408/72 116/1391/72
f 143/1409/73 1404/1410/73 144/1411/73
f 129/1412/76 138/1413/76 130/1414/76
f 1407/1415/78 139/1416/78 140/1417/78
f 142/1418/72 1408/1419/72 141/1420/72
f 137/1421/76 132/1422/76 138/1413/76
f 140/1417/78 1399/1423/78 1401/1424/78
f 131/1425/72 141/1420/72 1406/1426/72
f 1400/1427/73 144/1411/73 1402/1428/73
f 1417/1429/73 145/1430/73 1420/1431/73
f 1421/1432/72 148/1433/72 157/1434/72
f 146/1435/73 1416/1436/73 145/1430/73
f 160/1437/76 151/1438/76 159/1439/76
f 151/1438/76 158/1440/76 1422/1441/76
f 149/1442/78 1413/1443/78 150/1444/78
f 149/1442/78 156/1445/78 1419/1446/78
f 147/1447/72 153/1448/72 148/1433/72
f 161/1449/73 1431/1450/73 1434/1451/73
f 164/1452/72 1435/1453/72 173/1454/72
f 1430/1455/73 162/1456/73 161/1449/73
f 167/1457/78 176/1458/78 175/1459/78
f 1436/1460/78 168/1461/78 1424/1462/78
f 1437/1463/76 1425/1464/76 165/1465/76
f 172/1466/76 1438/1467/76 1433/1468/76
f 169/1469/72 163/1470/72 164/1452/72
f 1444/1471/73 191/1472/73 192/1473/73
f 186/1474/78 177/1475/78 178/1476/78
f 187/1477/76 1447/1478/76 188/1479/76
f 1448/1480/72 190/1481/72 189/1482/72
f 180/1483/78 185/1484/78 186/1474/78
f 1439/1485/76 188/1479/76 1441/1486/76
f 189/1482/72 179/1487/72 1446/1488/72
f 192/1473/73 1440/1489/73 1442/1490/73
f 193/1491/73 1457/1492/73 1460/1493/73
f 196/1494/72 1461/1495/72 205/1496/72
f 1456/1497/73 194/1498/73 193/1491/73
f 199/1499/78 208/1500/78 207/1501/78
f 199/1499/78 206/1502/78 200/1503/78
f 197/1504/76 1453/1505/76 1451/1506/76
f 204/1507/76 197/1504/76 1459/1508/76
f 201/1509/72 195/1510/72 196/1494/72
f 1471/1511/73 209/1512/73 1474/1513/73
f 1475/1514/72 212/1515/72 221/1516/72
f 209/1512/73 1469/1517/73 1470/1518/73
f 224/1519/74 215/1520/74 223/1521/74
f 216/1522/74 1476/1523/74 1464/1524/74
f 1465/1525/75 214/1526/75 213/1527/75
f 213/1527/75 220/1528/75 1473/1529/75
f 211/1530/72 217/1531/72 212/1515/72
f 240/1532/73 1481/1533/73 1482/1534/73
f 225/1535/74 234/1536/74 226/1537/74
f 1485/1538/75 235/1539/75 236/1540/75
f 238/1541/72 1486/1542/72 237/1543/72
f 233/1544/74 228/1545/74 234/1536/74
f 1479/1546/75 235/1547/75 1477/1548/75
f 227/1549/72 237/1543/72 1484/1550/72
f 1478/1551/73 240/1532/73 1480/1552/73
f 1495/1553/73 241/1554/73 1498/1555/73
f 1499/1556/72 244/1557/72 253/1558/72
f 241/1554/73 1493/1559/73 1494/1560/73
f 256/1561/74 247/1562/74 255/1563/74
f 248/1564/74 1500/1565/74 247/1562/74
f 1489/1566/75 246/1567/75 245/1568/75
f 245/1568/75 252/1569/75 1497/1570/75
f 243/1571/72 249/1572/72 244/1557/72
f 271/1573/75 1506/1574/75 272/1575/75
f 257/1576/76 266/1577/76 258/1578/76
f 1509/1579/78 267/1580/78 268/1581/78
f 270/1582/74 1510/1583/74 269/1584/74
f 265/1585/76 260/1586/76 266/1577/76
f 268/1581/78 1501/1587/78 1503/1588/78
f 259/1589/74 269/1584/74 1508/1590/74
f 1502/1591/75 272/1575/75 1504/1592/75
f 287/1593/75 1518/1594/75 288/1595/75
f 273/1596/76 282/1597/76 274/1598/76
f 1521/1599/78 283/1600/78 284/1601/78
f 286/1602/74 1522/1603/74 285/1604/74
f 281/1605/76 276/1606/76 282/1597/76
f 284/1601/78 1513/1607/78 1515/1608/78
f 275/1609/74 285/1604/74 1520/1610/74
f 1514/1611/75 288/1595/75 1516/1612/75
f 303/1613/75 1530/1614/75 304/1615/75
f 289/1616/76 298/1617/76 290/1618/76
f 1533/1619/78 299/1620/78 300/1621/78
f 302/1622/74 1534/1623/74 301/1624/74
f 297/1625/76 292/1626/76 298/1617/76
f 300/1621/78 1525/1627/78 1527/1628/78
f 291/1629/74 301/1624/74 1532/1630/74
f 1526/1631/75 304/1615/75 1528/1632/75
f 319/1633/75 1542/1634/75 320/1635/75
f 305/1636/76 314/1637/76 306/1638/76
f 1545/1639/78 315/1640/78 316/1641/78
f 318/1642/74 1546/1643/74 317/1644/74
f 313/1645/76 308/1646/76 314/1637/76
f 316/1641/78 1537/1647/78 1539/1648/78
f 307/1649/74 317/1644/74 1544/1650/74
f 1538/1651/75 320/1635/75 1540/1652/75
f 1581/1653/72 1569/1654/72 1582/1655/72
f 1574/1656/72 1578/1657/72 1561/1658/72
f 1570/1659/107 1566/1660/107 1556/1661/107
f 1576/1662/78 1558/1663/78 1573/1664/78
f 1580/1665/76 1551/1666/76 1549/1667/76
f 1572/1668/108 1568/1669/108 1562/1670/108
f 334/1671/74 1552/1672/74 332/1673/74
f 1565/1674/72 1553/1675/72 1555/1676/72
f 336/1677/73 1550/1678/73 338/1679/73
f 326/1680/109 328/1681/110 327/1682/109
f 335/1683/75 337/1684/75 333/1685/75
f 322/1686/111 329/1687/111 323/1688/111
f 1610/1689/72 1595/1690/72 1611/1691/72
f 1601/1692/72 1607/1693/72 1587/1694/72
f 1596/1695/107 1592/1696/107 1586/1697/107
f 1602/1698/78 2549/1699/78 2548/1700/78
f 1609/1701/76 1603/1702/76 2544/1703/76
f 1598/1704/108 1594/1705/108 1588/1706/108
f 352/1707/74 353/1708/74 350/1709/74
f 1591/1710/72 1583/1711/72 1585/1712/72
f 2547/1713/73 1066/1714/73 1604/1715/73
f 344/1716/109 346/1717/110 345/1718/109
f 2545/1719/75 2550/1720/75 351/1721/75
f 340/1722/111 347/1723/111 341/1724/111
f 1639/1725/72 1624/1726/72 1640/1727/72
f 1630/1728/72 1636/1729/72 1616/1730/72
f 1625/1731/107 1621/1732/107 1615/1733/107
f 1631/1734/78 2560/1735/78 2558/1736/78
f 1638/1737/76 1632/1738/76 2554/1739/76
f 1627/1740/108 1623/1741/108 1617/1742/108
f 367/1743/74 368/1744/74 365/1745/74
f 1620/1746/72 1612/1747/72 1614/1748/72
f 2557/1749/73 1049/1750/73 1633/1751/73
f 359/1752/109 361/1753/110 360/1754/109
f 2555/1755/75 2561/1756/75 366/1757/75
f 355/1758/111 362/1759/111 356/1760/111
f 1645/1761/75 1655/1762/75 1653/1763/75
f 1664/1764/73 1644/1765/73 1646/1766/73
f 378/1767/112 1642/1768/113 377/1769/112
f 1648/1770/113 1660/1771/114 1642/1768/113
f 1657/1772/114 1661/1773/115 1660/1771/114
f 1662/1774/115 1656/1775/116 1661/1773/115
f 379/1776/78 381/1777/78 1651/1778/78
f 382/1779/76 1663/1780/76 375/1781/76
f 1658/1782/74 372/1783/74 370/1784/74
f 371/1785/117 377/1769/112 369/1786/117
f 1669/1787/75 1679/1788/75 1677/1789/75
f 1688/1790/73 1668/1791/73 1670/1792/73
f 394/1793/112 1666/1794/113 393/1795/112
f 1672/1796/113 1684/1797/114 1666/1794/113
f 1681/1798/114 1685/1799/115 1684/1797/114
f 1686/1800/115 1680/1801/116 1685/1799/115
f 395/1802/78 397/1803/78 1675/1804/78
f 398/1805/76 1687/1806/76 391/1807/76
f 1682/1808/74 388/1809/74 386/1810/74
f 387/1811/117 393/1795/112 385/1812/117
f 1693/1813/75 1703/1814/75 1701/1815/75
f 1712/1816/73 1692/1817/73 1694/1818/73
f 410/1819/112 1690/1820/113 409/1821/112
f 1696/1822/113 1708/1823/114 1690/1820/113
f 1705/1824/114 1709/1825/115 1708/1823/114
f 1710/1826/115 1704/1827/116 1709/1825/115
f 411/1828/78 413/1829/78 1699/1830/78
f 414/1831/76 1711/1832/76 407/1833/76
f 1706/1834/74 404/1835/74 402/1836/74
f 403/1837/117 409/1821/112 401/1838/117
f 1717/1839/75 1727/1840/75 1725/1841/75
f 1736/1842/73 1716/1843/73 1718/1844/73
f 426/1845/112 1714/1846/113 425/1847/112
f 1720/1848/113 1732/1849/114 1714/1846/113
f 1729/1850/114 1733/1851/115 1732/1849/114
f 1734/1852/115 1728/1853/116 1733/1851/115
f 427/1854/78 429/1855/78 1723/1856/78
f 430/1857/76 1735/1858/76 423/1859/76
f 1730/1860/74 420/1861/74 418/1862/74
f 419/1863/117 425/1847/112 417/1864/117
f 1892/1865/75 1743/1866/75 1741/1867/75
f 1739/1868/112 1738/1869/113 1737/1870/112
f 1740/1871/113 1750/1872/114 1738/1869/113
f 1745/1873/114 1751/1874/115 1750/1872/114
f 1752/1875/115 1744/1876/116 1751/1874/115
f 1748/1877/117 1737/1870/112 1746/1878/117
f 1884/1879/75 1765/1880/75 1763/1881/75
f 1761/1882/112 1760/1883/113 1759/1884/112
f 1762/1885/113 1772/1886/114 1760/1883/113
f 1767/1887/114 1773/1888/115 1772/1886/114
f 1774/1889/115 1766/1890/116 1773/1888/115
f 1770/1891/117 1759/1884/112 1768/1892/117
f 1880/1893/75 1785/1894/75 1783/1895/75
f 1781/1896/112 1780/1897/113 1779/1898/112
f 1782/1899/113 1792/1900/114 1780/1897/113
f 1787/1901/114 1793/1902/115 1792/1900/114
f 1794/1903/115 1786/1904/116 1793/1902/115
f 1790/1905/117 1779/1898/112 1788/1906/117
f 1891/1907/75 1803/1908/75 1801/1909/75
f 1799/1910/112 1798/1911/113 1797/1912/112
f 1800/1913/113 1810/1914/114 1798/1911/113
f 1805/1915/114 1811/1916/115 1810/1914/114
f 1812/1917/115 1804/1918/116 1811/1916/115
f 1808/1919/117 1797/1912/112 1806/1920/117
f 1820/1921/75 1884/1922/75 1822/1923/75
f 1818/1924/118 1817/1925/119 1816/1926/118
f 1819/1927/119 1829/1928/120 1817/1925/119
f 1824/1929/120 1830/1930/121 1829/1928/120
f 1831/1931/121 1823/1932/122 1830/1930/121
f 1827/1933/123 1816/1926/118 1825/1934/123
f 1836/1935/75 1894/1936/75 1838/1937/75
f 1834/1938/118 1833/1939/119 1832/1940/118
f 1835/1941/119 1845/1942/120 1833/1939/119
f 1840/1943/120 1846/1944/121 1845/1942/120
f 1847/1945/121 1839/1946/122 1846/1944/121
f 1843/1947/123 1832/1940/118 1841/1948/123
f 1852/1949/75 1891/1950/75 1854/1951/75
f 1850/1952/118 1849/1953/119 1848/1954/118
f 1851/1955/119 1861/1956/120 1849/1953/119
f 1856/1957/120 1862/1958/121 1861/1956/120
f 1863/1959/121 1855/1960/122 1862/1958/121
f 1859/1961/123 1848/1954/118 1857/1962/123
f 1868/1963/75 1880/1964/75 1870/1965/75
f 1866/1966/118 1865/1967/119 1864/1968/118
f 1867/1969/119 1877/1970/120 1865/1967/119
f 1872/1971/120 1878/1972/121 1877/1970/120
f 1879/1973/121 1871/1974/122 1878/1972/121
f 1875/1975/123 1864/1968/118 1873/1976/123
f 451/1977/78 453/1978/78 1882/1979/78
f 1895/1980/74 1791/1981/74 1789/1982/74
f 487/1983/76 489/1984/76 1778/1985/76
f 1757/1986/74 1844/1987/74 1842/1988/74
f 523/1989/76 525/1990/76 1881/1991/76
f 466/1992/76 1881/1991/76 530/1993/76
f 502/1994/78 1890/1995/78 1754/1996/78
f 1756/1997/74 1747/1998/74 1888/1999/74
f 463/2000/78 465/2001/78 1896/2002/78
f 1815/2003/74 1807/2004/74 1886/2005/74
f 499/2006/76 501/2007/76 1758/2008/76
f 1815/2009/74 1860/2010/74 1858/2011/74
f 442/2012/76 531/2013/76 541/2014/76
f 478/2015/76 529/2016/76 539/2017/76
f 514/2018/78 1887/2019/78 1814/2020/78
f 439/2021/78 441/2022/78 538/2023/78
f 1777/2024/74 445/2025/74 1883/2026/74
f 475/2027/78 477/2028/78 536/2029/78
f 1777/2030/74 1828/2031/74 481/2032/74
f 511/2033/76 513/2034/76 529/2016/76
f 526/2035/78 543/2036/78 533/2037/78
f 454/2038/76 540/2039/76 535/2040/76
f 532/2041/74 518/2042/74 517/2043/74
f 490/2044/78 534/2045/78 537/2046/78
f 1910/2047/78 1905/2048/78 1907/2049/78
f 1919/2050/76 1921/2051/76 1913/2052/76
f 551/2053/124 1920/2054/125 1906/2055/125
f 549/2056/74 1912/2057/74 1898/2058/74
f 1902/2059/75 1918/2060/75 1904/2061/75
f 552/2062/126 559/2063/124 551/2053/124
f 548/2064/73 1922/2065/73 1908/2066/73
f 1900/2067/127 555/2068/127 547/2069/127
f 545/2070/72 554/2071/72 546/2072/72
f 550/2073/128 560/2074/126 552/2062/126
f 1938/2075/78 1933/2076/78 1935/2077/78
f 1947/2078/76 1949/2079/76 1941/2080/76
f 567/2081/124 1948/2082/125 1934/2083/125
f 565/2084/74 1940/2085/74 1926/2086/74
f 1930/2087/75 1946/2088/75 1932/2089/75
f 568/2090/126 575/2091/124 567/2081/124
f 564/2092/73 1950/2093/73 1936/2094/73
f 1928/2095/127 571/2096/127 563/2097/127
f 561/2098/72 570/2099/72 562/2100/72
f 566/2101/128 576/2102/126 568/2090/126
f 1966/2103/76 1961/2104/76 1963/2105/76
f 1975/2106/78 1977/2107/78 1969/2108/78
f 583/2109/129 1976/2110/130 1962/2111/130
f 581/2112/75 1968/2113/75 1954/2114/75
f 1958/2115/74 1974/2116/74 1960/2117/74
f 584/2118/131 591/2119/129 583/2109/129
f 580/2120/73 1978/2121/73 1964/2122/73
f 1956/2123/132 587/2124/132 579/2125/132
f 577/2126/72 586/2127/72 578/2128/72
f 582/2129/133 592/2130/131 584/2118/131
f 1994/2131/76 1989/2132/76 1991/2133/76
f 2003/2134/78 2005/2135/78 1997/2136/78
f 599/2137/129 2004/2138/130 1990/2139/130
f 597/2140/75 1996/2141/75 1982/2142/75
f 1986/2143/74 2002/2144/74 1988/2145/74
f 600/2146/131 607/2147/129 599/2137/129
f 596/2148/73 2006/2149/73 1992/2150/73
f 595/2151/132 1998/2152/132 603/2153/132
f 593/2154/72 602/2155/72 594/2156/72
f 598/2157/133 608/2158/131 600/2146/131
f 2014/2159/73 2049/2160/73 2018/2161/73
f 2016/2162/73 2049/2160/73 2014/2159/73
f 2089/2163/134 2009/2164/134 2012/2165/134
f 2078/2166/134 2009/2164/134 2089/2163/134
f 2066/2167/73 2077/2168/73 2090/2169/73
f 2052/2170/73 2077/2168/73 2066/2167/73
f 2073/2171/135 2051/2172/135 2067/2173/136
f 2053/2174/135 2051/2172/135 2073/2171/135
f 2055/2175/137 2054/2176/137 2072/2177/137
f 2057/2178/137 2054/2176/137 2055/2175/137
f 2080/2179/138 2059/2180/138 2056/2181/138
f 2087/2182/138 2058/2183/138 2081/2184/138
f 2021/2185/139 2088/2186/139 2085/2187/139
f 2029/2188/140 2088/2186/139 2021/2185/139
f 2022/2189/72 2030/2190/72 2020/2191/72
f 2046/2192/72 2030/2190/72 2022/2189/72
f 2039/2193/141 2047/2194/141 2023/2195/141
f 2033/2196/141 2047/2194/141 2039/2193/141
f 2042/2197/142 2034/2198/142 2040/2199/142
f 2036/2200/142 2032/2201/142 2043/2202/142
f 2013/2203/143 2037/2204/143 2044/2205/143
f 2010/2206/143 2037/2204/143 2013/2203/143
f 2069/2207/144 2074/2208/144 2070/2209/144
f 2070/2209/144 2074/2208/144 2075/2210/144
f 635/2211/145 2076/2212/145 612/2213/145
f 612/2213/145 2076/2212/145 2050/2214/145
f 2015/2215/146 2019/2216/146 2025/2217/146
f 2025/2217/146 2019/2216/146 2027/2218/146
f 2026/2219/147 2028/2220/147 2091/2221/147
f 2091/2221/147 2028/2220/147 2092/2222/147
f 640/2223/76 638/2224/76 634/2225/76
f 634/2225/76 638/2224/76 636/2226/76
f 636/2226/76 638/2224/76 610/2227/76
f 610/2227/76 638/2224/76 611/2228/76
f 609/2229/78 637/2230/78 2017/2231/78
f 2017/2231/78 637/2230/78 2071/2232/78
f 2071/2232/78 637/2230/78 633/2233/78
f 633/2233/78 637/2230/78 639/2234/78
f 618/2235/148 620/2236/149 2063/2237/150
f 2079/2238/148 618/2235/148 2063/2237/150
f 2011/2239/148 616/2240/148 2060/2241/148
f 2038/2242/151 614/2243/151 2061/2244/151
f 2035/2245/152 632/2246/152 2062/2247/152
f 2048/2248/148 630/2249/148 2064/2250/148
f 2031/2251/148 628/2252/148 2065/2253/148
f 624/2254/153 626/2255/153 622/2256/153
f 2024/2257/154 625/2258/154 2083/2259/154
f 2041/2260/155 627/2261/155 2086/2262/155
f 2045/2263/156 629/2264/156 623/2265/156
f 615/2266/157 631/2267/158 2082/2268/157
f 613/2269/157 615/2266/157 2082/2268/157
f 2068/2270/159 613/2269/157 2082/2268/157
f 619/2271/157 617/2272/157 2084/2273/157
f 621/2274/157 619/2271/157 2084/2273/157
f 2099/2275/73 2137/2276/73 2103/2277/73
f 2101/2278/73 2137/2276/73 2099/2275/73
f 2175/2279/134 2093/2280/134 2096/2281/134
f 2166/2282/134 2093/2280/134 2175/2279/134
f 2155/2283/73 2165/2284/73 2176/2285/73
f 2140/2286/73 2165/2284/73 2155/2283/73
f 2161/2287/135 2139/2288/135 2156/2289/136
f 2141/2290/135 2139/2288/135 2161/2287/135
f 2145/2291/137 2143/2292/137 2160/2293/137
f 2147/2294/137 2142/2295/137 2144/2296/137
f 2168/2297/138 2148/2298/138 2146/2299/138
f 2173/2300/138 2148/2298/138 2168/2297/138
f 2106/2301/139 2174/2302/139 2171/2303/139
f 2115/2304/140 2174/2302/139 2106/2301/139
f 2107/2305/72 2117/2306/72 2105/2307/72
f 2133/2308/72 2116/2309/72 2108/2310/72
f 2128/2311/141 2135/2312/141 2109/2313/141
f 2120/2314/141 2134/2315/141 2126/2316/141
f 2130/2317/142 2119/2318/142 2127/2319/142
f 2122/2320/142 2119/2318/142 2130/2317/142
f 2097/2321/143 2124/2322/143 2131/2323/143
f 2094/2324/143 2123/2325/143 647/2326/143
f 2157/2327/144 2162/2328/144 2158/2329/144
f 2158/2329/144 2162/2328/144 2163/2330/144
f 667/2331/145 2164/2332/145 644/2333/145
f 644/2333/145 2164/2332/145 2138/2334/145
f 2100/2335/146 2104/2336/146 2111/2337/146
f 2111/2337/146 2104/2336/146 2113/2338/146
f 2112/2339/147 2114/2340/147 2177/2341/147
f 2177/2341/147 2114/2340/147 2178/2342/147
f 672/2343/76 670/2344/76 666/2345/76
f 666/2345/76 670/2344/76 668/2346/76
f 668/2346/76 670/2344/76 642/2347/76
f 642/2347/76 670/2344/76 643/2348/76
f 641/2349/78 669/2350/78 2102/2351/78
f 2102/2351/78 669/2350/78 2159/2352/78
f 2159/2352/78 669/2350/78 665/2353/78
f 665/2353/78 669/2350/78 671/2354/78
f 650/2355/148 652/2356/149 2152/2357/150
f 2167/2358/148 650/2355/148 2152/2357/150
f 2095/2359/148 648/2360/148 2149/2361/148
f 2125/2362/151 646/2363/151 2150/2364/151
f 2121/2365/152 664/2366/152 2151/2367/152
f 2136/2368/148 662/2369/148 2153/2370/148
f 2118/2371/148 660/2372/148 2154/2373/148
f 656/2374/153 658/2375/153 654/2376/153
f 2110/2377/154 657/2378/154 2170/2379/154
f 2129/2380/155 659/2381/155 2172/2382/155
f 2132/2383/156 661/2384/156 655/2385/156
f 2098/2386/157 663/2387/158 2169/2388/157
f 645/2389/157 2098/2386/157 2169/2388/157
f 649/2390/159 645/2389/157 2169/2388/157
f 651/2391/157 649/2390/159 2169/2388/157
f 653/2392/157 651/2391/157 2169/2388/157
f 2185/2393/73 2218/2394/73 2189/2395/73
f 2187/2396/73 2218/2394/73 2185/2393/73
f 2249/2397/160 2179/2398/160 2182/2399/160
f 2248/2400/160 2180/2401/160 2251/2402/160
f 2233/2403/73 2247/2404/73 2250/2405/73
f 2222/2406/73 2246/2407/73 2232/2408/73
f 2241/2409/161 2221/2410/161 2234/2411/161
f 2223/2412/161 2221/2410/161 2241/2409/161
f 2225/2413/162 2224/2414/162 2240/2415/162
f 2227/2416/162 2224/2414/162 2225/2413/162
f 2253/2417/163 2228/2418/163 2226/2419/163
f 2260/2420/163 2228/2418/163 2253/2417/163
f 2193/2421/164 2262/2422/164 2258/2423/164
f 2203/2424/164 2261/2425/164 2192/2426/164
f 2194/2427/72 2204/2428/72 2191/2429/72
f 2215/2430/72 2204/2428/72 2194/2427/72
f 2211/2431/165 2216/2432/165 2195/2433/165
f 2207/2434/165 2216/2432/165 2211/2431/165
f 2213/2435/166 2206/2436/166 2212/2437/166
f 2209/2438/166 2206/2436/166 2213/2435/166
f 2183/2439/167 2210/2440/167 2214/2441/167
f 2181/2442/167 2210/2440/167 2183/2439/167
f 2236/2443/168 2243/2444/168 2238/2445/168
f 2238/2445/168 2243/2444/168 2244/2446/168
f 699/2447/169 2245/2448/169 676/2449/169
f 676/2449/169 2245/2448/169 2219/2450/169
f 2186/2451/170 2190/2452/170 2197/2453/170
f 2197/2453/170 2190/2452/170 2200/2454/170
f 2198/2455/171 2201/2456/171 2263/2457/171
f 2263/2457/171 2201/2456/171 2264/2458/171
f 704/2459/172 2202/2460/172 698/2461/172
f 698/2461/172 2202/2460/172 700/2462/172
f 700/2462/172 2202/2460/172 2220/2463/172
f 674/2464/173 702/2465/173 675/2466/173
f 673/2467/174 2199/2468/174 2188/2469/174
f 2188/2469/174 2199/2468/174 2239/2470/174
f 2239/2470/174 2199/2468/174 697/2471/174
f 2237/2472/174 701/2473/174 703/2474/174
f 682/2475/175 684/2476/176 2229/2477/175
f 680/2478/175 682/2475/175 2229/2477/175
f 678/2479/175 680/2478/175 2229/2477/175
f 696/2480/175 678/2479/175 2229/2477/175
f 2208/2481/177 696/2480/175 2229/2477/175
f 2217/2482/175 694/2483/175 2230/2484/175
f 2205/2485/175 692/2486/175 2231/2487/175
f 688/2488/178 690/2489/178 686/2490/178
f 2196/2491/179 689/2492/179 2255/2493/179
f 693/2494/180 691/2495/181 2259/2496/182
f 695/2497/180 693/2494/180 2259/2496/182
f 2184/2498/182 695/2497/180 2259/2496/182
f 2252/2499/183 679/2500/183 2254/2501/183
f 2235/2502/184 677/2503/184 2256/2504/184
f 2242/2505/180 681/2506/180 2257/2507/180
f 685/2508/180 683/2509/180 687/2510/180
f 2271/2511/73 2306/2512/73 2277/2513/73
f 2273/2514/73 2306/2512/73 2271/2511/73
f 2337/2515/160 2265/2516/160 2268/2517/160
f 2336/2518/160 2266/2519/160 2339/2520/160
f 2319/2521/73 2335/2522/73 2338/2523/73
f 2309/2524/73 2335/2522/73 2319/2521/73
f 2326/2525/161 2308/2526/161 2320/2527/161
f 2310/2528/161 2308/2526/161 2326/2525/161
f 2312/2529/162 2311/2530/162 2325/2531/162
f 2314/2532/162 2311/2530/162 2312/2529/162
f 2341/2533/163 2316/2534/163 2313/2535/163
f 2348/2536/163 2315/2537/163 2342/2538/163
f 2280/2539/164 2349/2540/164 2346/2541/164
f 2292/2542/164 2349/2540/164 2280/2539/164
f 2281/2543/72 2293/2544/72 2279/2545/72
f 2303/2546/72 2293/2544/72 2281/2543/72
f 2299/2547/165 2304/2548/165 2282/2549/165
f 2296/2550/165 2304/2548/165 2299/2547/165
f 2301/2551/166 2295/2552/166 2300/2553/166
f 2297/2554/166 2295/2552/166 2301/2551/166
f 2269/2555/167 2298/2556/167 2302/2557/167
f 2267/2558/167 2298/2556/167 2269/2555/167
f 2321/2559/168 2328/2560/168 2322/2561/168
f 2323/2562/168 2329/2563/168 2331/2564/168
f 731/2565/169 2334/2566/169 2275/2567/169
f 2276/2568/169 2332/2569/169 2307/2570/169
f 2272/2571/170 2278/2572/170 2284/2573/170
f 2284/2573/170 2278/2572/170 2287/2574/170
f 2285/2575/171 2289/2576/171 2350/2577/171
f 2351/2578/171 2288/2579/171 2352/2580/171
f 736/2581/172 734/2582/172 2330/2583/172
f 730/2584/172 2291/2585/172 2333/2586/172
f 732/2587/172 2290/2588/172 706/2589/172
f 706/2589/172 2290/2588/172 707/2590/173
f 705/2591/174 2286/2592/174 2274/2593/174
f 708/2594/174 733/2595/174 2324/2596/174
f 2324/2596/174 733/2595/174 729/2597/174
f 729/2597/174 733/2595/174 735/2598/174
f 714/2599/175 716/2600/176 2317/2601/175
f 712/2602/175 714/2599/175 2317/2601/175
f 710/2603/175 712/2602/175 2317/2601/175
f 728/2604/175 710/2603/175 2317/2601/175
f 726/2605/175 728/2604/175 2317/2601/175
f 2305/2606/175 726/2605/175 2317/2601/175
f 2294/2607/175 724/2608/175 2318/2609/175
f 720/2610/178 722/2611/178 718/2612/178
f 2283/2613/179 721/2614/179 2344/2615/179
f 725/2616/180 723/2617/181 2347/2618/182
f 727/2619/180 725/2616/180 2347/2618/182
f 2270/2620/182 727/2619/180 2347/2618/182
f 2340/2621/183 711/2622/183 2343/2623/183
f 713/2624/184 709/2625/184 2345/2626/180
f 2327/2627/180 713/2624/184 2345/2626/180
f 717/2628/180 715/2629/180 719/2630/180
f 4497/2631/185 4129/2632/186 4130/2633/185
f 784/2634/187 4475/2635/188 741/2636/189
f 4241/2637/190 825/2638/191 822/2639/188
f 4210/2640/190 745/2641/191 4475/2635/188
f 4182/2642/192 4205/2643/193 830/2644/194
f 773/2645/195 763/2646/196 4140/2647/197
f 4501/2648/198 4223/2649/199 4498/2650/199
f 4156/2651/200 780/2652/201 750/2653/202
f 891/2654/203 4471/2655/204 4505/2656/205
f 750/2653/202 4134/2657/206 752/2658/207
f 887/2659/185 4142/2660/208 4504/2661/208
f 4196/2662/209 764/2663/210 4476/2664/211
f 4143/2665/212 4207/2666/213 862/2667/214
f 4208/2668/215 4209/2669/216 4468/2670/217
f 881/2671/218 4162/2672/219 4218/2673/220
f 777/2674/221 4126/2675/222 755/2676/223
f 4126/2675/222 775/2677/224 760/2678/225
f 4245/2679/226 4465/2680/227 881/2671/218
f 775/2677/224 4140/2647/197 760/2678/225
f 871/2681/228 4232/2682/229 4499/2683/230
f 4154/2684/231 4172/2685/232 742/2686/233
f 4233/2687/234 849/2688/235 847/2689/236
f 4149/2690/237 4197/2691/238 763/2646/196
f 4232/2682/229 875/2692/239 4499/2683/230
f 4195/2693/240 786/2694/241 4198/2695/242
f 4235/2696/243 896/2697/244 893/2698/245
f 4228/2699/209 844/2700/210 843/2701/211
f 4202/2702/231 4492/2703/232 4496/2704/233
f 4198/2695/242 4219/2705/246 770/2706/247
f 4229/2707/240 4189/2708/241 848/2709/242
f 4476/2664/211 762/2710/248 761/2711/249
f 851/2712/250 4234/2713/251 4490/2714/252
f 4204/2715/200 860/2716/201 4183/2717/202
f 835/2718/253 4128/2719/254 4458/2720/255
f 870/2721/256 4217/2722/257 4502/2723/258
f 4136/2724/259 755/2676/223 753/2725/260
f 850/2726/247 868/2727/261 852/2728/262
f 4464/2729/194 4123/2730/263 4461/2731/192
f 4125/2732/253 4124/2733/254 4122/2734/255
f 4479/2735/186 884/2736/264 883/2737/264
f 4123/2730/263 4122/2734/255 4124/2733/254
f 4203/2738/265 4483/2739/266 4202/2702/231
f 4192/2740/229 4216/2741/239 4170/2742/230
f 869/2743/267 4188/2744/268 854/2745/269
f 812/2746/270 4159/2747/213 782/2748/214
f 4251/2749/271 4471/2655/204 829/2750/272
f 4155/2751/265 4173/2752/266 4154/2684/231
f 4472/2753/273 4221/2754/274 4486/2755/273
f 753/2725/260 4134/2657/206 4136/2724/259
f 833/2756/260 859/2757/206 4507/2758/259
f 887/2659/185 4479/2735/186 4460/2759/185
f 4242/2760/187 822/2639/188 821/2761/189
f 4127/2762/263 4458/2720/255 4128/2719/254
f 4461/2731/192 747/2763/193 4464/2729/194
f 863/2764/275 817/2765/276 862/2667/214
f 768/2766/234 4194/2767/235 4193/2768/236
f 4469/2769/237 4230/2770/238 4503/2771/196
f 771/2772/250 4199/2773/251 4200/2774/252
f 848/2709/242 4246/2775/246 850/2726/247
f 795/2776/198 793/2777/277 792/2778/277
f 4166/2779/273 789/2780/274 796/2781/273
f 4167/2782/278 796/2781/273 797/2783/278
f 4133/2784/279 4147/2785/280 4132/2786/280
f 4489/2787/281 4180/2788/282 4181/2789/281
f 4489/2787/281 4177/2790/264 804/2791/264
f 738/2792/283 4147/2793/280 740/2794/283
f 4185/2795/284 795/2776/198 4214/2796/284
f 816/2797/285 4185/2795/284 4214/2796/284
f 4176/2798/286 791/2799/274 4169/2800/286
f 4171/2801/282 797/2783/278 4180/2788/282
f 4133/2784/279 4457/2802/287 4148/2803/279
f 801/2804/218 4145/2805/219 799/2806/220
f 4129/2632/186 804/2791/264 4177/2790/264
f 770/2706/247 788/2807/261 772/2808/262
f 843/2701/211 842/2809/248 4165/2810/249
f 4508/2811/279 4179/2812/280 819/2813/280
f 4224/2814/226 756/2815/227 801/2804/218
f 824/2816/288 4153/2817/289 818/2818/290
f 751/2819/291 805/2820/292 749/2821/272
f 742/2686/233 743/2822/293 4474/2823/294
f 4240/2824/295 857/2825/296 858/2826/297
f 790/2827/256 798/2828/257 4137/2829/258
f 830/2644/194 4127/2762/263 4182/2642/192
f 882/2830/298 4248/2831/299 857/2825/296
f 4496/2704/233 4491/2832/293 4495/2833/294
f 4168/2834/228 4192/2740/229 4170/2742/230
f 873/2835/286 4473/2836/274 872/2837/286
f 808/2838/300 4159/2747/213 4456/2839/301
f 4161/2840/302 888/2841/300 886/2842/303
f 4507/2758/259 4459/2843/223 833/2756/260
f 4244/2844/281 4227/2845/282 4239/2846/281
f 787/2847/304 814/2848/305 4186/2849/306
f 4485/2850/284 4501/2648/198 4493/2851/284
f 807/2852/271 4462/2853/204 749/2821/272
f 4506/2854/307 836/2855/308 835/2718/253
f 811/2856/203 4462/2853/204 4480/2857/205
f 867/2858/304 894/2859/305 4488/2860/306
f 783/2861/275 737/2862/276 782/2748/214
f 4508/2811/279 889/2863/287 892/2864/279
f 769/2865/243 4215/2866/244 813/2867/245
f 837/2868/222 4238/2869/224 840/2870/225
f 4249/2871/221 837/2868/222 4459/2843/223
f 4152/2872/283 4179/2873/280 4178/2874/283
f 853/2875/215 855/2876/216 877/2877/217
f 4244/2844/281 883/2737/264 884/2736/264
f 4466/2878/309 4151/2879/268 4175/2880/310
f 839/2881/311 4165/2810/249 842/2809/248
f 744/2882/288 739/2883/289 4131/2884/290
f 4494/2885/285 4485/2850/284 4493/2851/284
f 757/2886/307 4138/2887/311 758/2888/312
f 831/2889/291 885/2890/292 829/2750/272
f 4237/2891/195 4503/2771/196 841/2892/197
f 845/2893/313 847/2689/236 846/2894/314
f 803/2895/295 4482/2896/296 778/2897/297
f 4506/2854/307 839/2881/311 838/2898/312
f 802/2899/298 4477/2900/299 4482/2896/296
f 765/2901/313 4193/2768/236 766/2902/314
f 4484/2903/309 4188/2744/268 4222/2904/310
f 4212/2905/315 4157/2906/316 745/2641/191
f 878/2907/278 4486/2755/273 4226/2908/278
f 757/2886/307 4144/2909/308 4125/2732/253
f 4135/2910/302 808/2838/300 806/2911/303
f 4243/2912/315 827/2913/316 825/2638/191
f 4138/2887/311 761/2711/249 762/2710/248
f 888/2841/300 4207/2666/213 4141/2914/301
f 4174/2915/267 4151/2879/268 774/2916/269
f 879/2917/282 4226/2908/278 4227/2845/282
f 4183/2717/202 859/2757/206 4184/2918/207
f 4238/2869/224 841/2892/197 840/2870/225
f 4497/2631/185 809/2919/208 810/2920/208
f 2361/2921/73 2354/2922/73 907/2923/73
f 2365/2924/72 2364/2925/72 909/2926/72
f 897/2927/73 2359/2928/73 2360/2929/73
f 912/2930/74 903/2931/74 911/2932/74
f 904/2933/74 2366/2934/74 2356/2935/74
f 2357/2936/75 2367/2937/75 901/2938/75
f 2362/2939/75 902/2940/75 908/2941/75
f 899/2942/72 905/2943/72 900/2944/72
f 928/2945/73 2371/2946/73 2372/2947/73
f 913/2948/74 922/2949/74 914/2950/74
f 2375/2951/75 2377/2952/75 2378/2953/75
f 2379/2954/72 920/2955/72 925/2956/72
f 921/2957/74 916/2958/74 922/2949/74
f 924/2959/75 2369/2960/75 2370/2961/75
f 915/2962/72 2380/2963/72 2374/2964/72
f 917/2965/73 2382/2966/73 918/2967/73
f 2389/2968/73 2384/2969/73 939/2970/73
f 2393/2971/72 2392/2972/72 941/2973/72
f 929/2974/73 2387/2975/73 2388/2976/73
f 944/2977/74 935/2978/74 943/2979/74
f 936/2980/74 2394/2981/74 935/2978/74
f 2385/2982/75 2395/2983/75 933/2984/75
f 2390/2985/75 934/2986/75 940/2987/75
f 931/2988/72 937/2989/72 932/2990/72
f 2398/2991/78 2404/2992/78 2397/2993/78
f 2408/2994/76 2409/2995/76 2412/2996/76
f 2424/2997/74 2405/2998/74 2416/2999/74
f 2562/3000/78 2420/3001/78 2419/3002/78
f 2423/3003/76 2563/3004/76 2426/3005/76
f 2402/3006/75 2413/3007/75 2399/3008/75
f 947/3009/78 2415/3010/78 953/3011/78
f 2418/3012/76 951/3013/76 954/3014/76
f 952/3015/73 946/3016/73 950/3017/73
f 957/3018/78 2400/3019/78 945/3020/78
f 2411/3021/76 959/3022/76 949/3023/76
f 958/3024/72 955/3025/72 956/3026/72
f 2428/3027/78 2432/3028/78 2427/3029/78
f 2433/3030/76 2436/3031/76 967/3032/76
f 2437/3033/78 2441/3034/78 2440/3035/78
f 2443/3036/76 971/3037/76 2445/3038/76
f 2431/3039/78 969/3040/78 963/3041/78
f 2564/3042/76 967/3043/76 971/3044/76
f 970/3045/73 964/3046/73 968/3047/73
f 973/3048/78 2429/3049/78 961/3050/78
f 2435/3051/76 975/3052/76 965/3053/76
f 976/3054/72 972/3055/72 974/3056/72
f 2446/3057/75 979/3058/75 977/3059/75
f 2451/3060/74 981/3061/74 983/3062/74
f 2449/3063/72 2453/3064/72 2450/3065/72
f 985/3066/75 2460/3067/75 988/3068/75
f 2458/3069/74 1634/3070/74 2556/3071/74
f 2461/3072/73 2456/3073/73 2459/3074/73
f 979/3075/75 2455/3076/75 985/3077/75
f 1634/3078/74 2451/3079/74 983/3080/74
f 986/3081/78 984/3082/78 987/3083/78
f 988/3084/75 2446/3085/75 977/3086/75
f 2452/3087/74 2556/3088/74 981/3089/74
f 978/3090/76 991/3091/76 982/3092/76
f 2462/3093/75 994/3094/75 992/3095/75
f 2467/3096/74 996/3097/74 998/3098/74
f 2465/3099/72 2469/3100/72 2466/3101/72
f 1000/3102/75 2476/3103/75 1003/3104/75
f 2546/3105/74 2473/3106/74 1605/3107/74
f 2477/3108/73 2472/3109/73 2475/3110/73
f 2464/3111/75 1000/3112/75 994/3113/75
f 1605/3114/74 2467/3115/74 998/3116/74
f 1001/3117/78 999/3118/78 1002/3119/78
f 1003/3120/75 2462/3121/75 992/3122/75
f 2468/3123/74 2546/3124/74 996/3125/74
f 993/3126/76 1006/3127/76 997/3128/76
f 2478/3129/76 2483/3130/76 1007/3131/76
f 2485/3132/78 1011/3133/78 2487/3134/78
f 2498/3135/75 2479/3136/75 2492/3137/75
f 2497/3138/76 2490/3139/76 1015/3140/76
f 1017/3141/78 2499/3142/78 2501/3143/78
f 2484/3144/74 2495/3145/74 2491/3146/74
f 2482/3147/76 1019/3148/76 1009/3149/76
f 1021/3150/78 2486/3151/78 1013/3152/78
f 1010/3153/73 1012/3154/73 1008/3155/73
f 1015/3156/76 2478/3157/76 1007/3158/76
f 2488/3159/78 1017/3160/78 1011/3161/78
f 1020/3162/72 1016/3163/72 1018/3164/72
f 2502/3165/76 1025/3166/76 1023/3167/76
f 2504/3168/78 1027/3169/78 1029/3170/78
f 2508/3171/76 1031/3172/76 1035/3173/76
f 1033/3174/78 2509/3175/78 1037/3176/78
f 2503/3177/76 1035/3178/76 1025/3179/76
f 1037/3180/78 2504/3181/78 1029/3182/78
f 1028/3183/73 962/3184/73 1026/3185/73
f 1031/3186/76 2502/3187/76 1023/3188/76
f 2505/3189/78 1033/3190/78 1027/3191/78
f 1036/3192/72 1032/3193/72 1034/3194/72
f 2510/3195/74 1041/3196/74 1039/3197/74
f 2515/3198/75 1043/3199/75 1045/3200/75
f 2513/3201/72 2517/3202/72 2514/3203/72
f 2522/3204/74 1047/3205/74 1051/3206/74
f 2521/3207/75 2559/3208/75 2553/3209/75
f 2519/3210/73 2524/3211/73 2520/3212/73
f 2512/3213/74 1051/3214/74 1041/3215/74
f 2559/3216/75 2515/3217/75 1045/3218/75
f 1052/3219/76 1046/3220/76 1054/3221/76
f 1047/3222/74 2510/3223/74 1039/3224/74
f 2516/3225/75 2553/3226/75 1043/3227/75
f 1040/3228/78 1050/3229/78 1044/3230/78
f 2526/3231/74 1057/3232/74 1055/3233/74
f 2531/3234/75 1059/3235/75 2533/3236/75
f 2529/3237/72 2535/3238/72 2530/3239/72
f 2565/3240/74 1063/3241/74 1068/3242/74
f 2543/3243/75 2540/3244/75 2551/3245/75
f 2537/3246/73 2541/3247/73 2538/3248/73
f 2528/3249/74 1068/3250/74 1057/3251/74
f 2552/3252/75 2532/3253/75 1061/3254/75
f 1069/3255/76 1062/3256/76 1065/3257/76
f 1063/3258/74 2526/3259/74 1055/3260/74
f 2534/3261/75 2543/3262/75 1059/3263/75
f 1056/3264/78 1067/3265/78 1060/3266/78
f 4252/3267/317 4511/3268/317 1072/3269/317
f 4253/3270/318 1077/3271/76 1073/3272/319
f 4510/3273/320 4514/3274/320 1074/3275/320
f 1073/3272/319 1077/3271/76 1075/3276/321
f 4513/3277/322 4517/3278/322 1076/3279/322
f 1075/3276/321 1077/3271/76 4515/3280/323
f 1078/3281/324 4259/3282/325 1079/3283/326
f 4515/3280/323 1077/3271/76 4258/3284/327
f 4258/3284/327 1077/3271/76 4255/3285/328
f 1081/3286/329 4256/3287/329 1083/3288/329
f 4255/3285/328 1077/3271/76 4253/3270/318
f 4260/3289/330 1071/3290/330 4254/3291/330
f 1085/3292/317 1086/3293/317 1087/3294/317
f 4118/3295/318 1090/3296/76 4115/3297/319
f 4120/3298/320 1088/3299/320 1089/3300/320
f 4115/3297/319 1090/3296/76 4112/3301/321
f 4117/3302/322 4111/3303/322 1092/3304/331
f 4112/3301/321 1090/3296/76 1091/3305/323
f 4114/3306/325 4109/3307/325 1094/3308/325
f 1091/3305/323 1090/3296/76 4108/3309/327
f 4108/3309/327 1090/3296/76 4106/3310/328
f 4262/3311/329 4107/3312/329 4263/3313/329
f 4106/3310/328 1090/3296/76 4118/3295/318
f 1096/3314/330 1084/3315/330 4261/3316/330
f 1098/3317/317 4518/3318/317 4520/3319/317
f 4265/3320/318 1103/3321/76 1099/3322/319
f 4519/3323/320 4523/3324/320 1100/3325/320
f 1099/3322/319 1103/3321/76 1101/3326/321
f 4522/3327/322 4526/3328/332 1102/3329/322
f 1101/3326/321 1103/3321/76 4524/3330/323
f 1104/3331/324 4271/3332/325 1105/3333/324
f 4524/3330/323 1103/3321/76 4270/3334/327
f 4270/3334/327 1103/3321/76 4267/3335/328
f 1106/3336/329 1109/3337/329 1107/3338/329
f 4267/3335/328 1103/3321/76 4265/3320/318
f 4272/3339/330 1097/3340/330 4266/3341/330
f 1111/3342/317 4527/3343/317 4529/3344/317
f 4274/3345/318 1116/3346/76 1112/3347/319
f 1113/3348/320 4530/3349/320 4532/3350/320
f 1112/3347/319 1116/3346/76 1114/3351/321
f 4531/3352/322 4535/3353/322 1115/3354/322
f 1114/3351/321 1116/3346/76 4533/3355/323
f 1117/3356/325 4280/3357/325 1118/3358/325
f 4533/3355/323 1116/3346/76 4279/3359/327
f 4279/3359/327 1116/3346/76 4276/3360/328
f 1119/3361/329 1122/3362/329 1120/3363/329
f 4276/3360/328 1116/3346/76 4274/3345/318
f 4281/3364/333 1110/3365/333 4275/3366/330
f 4282/3367/317 4538/3368/317 1124/3369/317
f 4283/3370/318 1129/3371/76 1125/3372/319
f 4537/3373/320 4541/3374/320 1126/3375/320
f 1125/3372/319 1129/3371/76 1127/3376/321
f 1128/3377/322 4543/3378/322 4544/3379/322
f 1127/3376/321 1129/3371/76 4542/3380/323
f 1130/3381/325 4289/3382/325 1131/3383/324
f 4542/3380/323 1129/3371/76 4288/3384/327
f 4288/3384/327 1129/3371/76 4285/3385/328
f 1132/3386/329 1135/3387/329 1133/3388/329
f 4285/3385/328 1129/3371/76 4283/3370/318
f 4290/3389/330 1123/3390/330 4284/3391/330
f 1137/3392/334 4545/3393/317 4547/3394/317
f 4292/3395/318 1142/3396/76 1138/3397/319
f 1139/3398/320 4548/3399/320 4550/3400/320
f 1138/3397/319 1142/3396/76 1140/3401/321
f 1141/3402/322 4552/3403/322 4553/3404/322
f 1140/3401/321 1142/3396/76 4551/3405/323
f 1143/3406/325 4298/3407/325 1144/3408/325
f 4551/3405/323 1142/3396/76 4297/3409/327
f 4297/3409/327 1142/3396/76 4294/3410/328
f 1145/3411/329 1148/3412/329 1146/3413/329
f 4294/3410/328 1142/3396/76 4292/3395/318
f 4299/3414/333 1136/3415/330 4293/3416/330
f 1150/3417/317 4554/3418/317 4556/3419/317
f 4301/3420/318 1155/3421/76 1151/3422/319
f 1152/3423/320 4557/3424/320 4559/3425/320
f 1151/3422/319 1155/3421/76 1153/3426/321
f 4558/3427/322 4562/3428/322 1154/3429/322
f 1153/3426/321 1155/3421/76 4560/3430/323
f 1156/3431/324 4307/3432/325 1157/3433/324
f 4560/3430/323 1155/3421/76 4306/3434/327
f 4306/3434/327 1155/3421/76 4303/3435/328
f 1158/3436/329 1161/3437/329 1159/3438/329
f 4303/3435/328 1155/3421/76 4301/3420/318
f 4308/3439/333 1149/3440/333 4302/3441/333
f 1163/3442/317 4563/3443/317 4565/3444/317
f 4310/3445/318 1168/3446/76 1164/3447/319
f 4564/3448/320 4568/3449/320 1165/3450/320
f 1164/3447/319 1168/3446/76 1166/3451/321
f 4567/3452/322 4571/3453/332 1167/3454/322
f 1166/3451/321 1168/3446/76 4569/3455/323
f 1169/3456/324 4316/3457/324 1170/3458/324
f 4569/3455/323 1168/3446/76 4315/3459/327
f 4315/3459/327 1168/3446/76 4312/3460/328
f 1171/3461/329 1174/3462/329 1172/3463/329
f 4312/3460/328 1168/3446/76 4310/3445/318
f 4317/3464/333 1162/3465/333 4311/3466/330
f 1176/3467/317 4572/3468/317 4574/3469/317
f 4319/3470/318 1181/3471/76 1177/3472/319
f 1178/3473/320 4575/3474/320 4577/3475/320
f 1177/3472/319 1181/3471/76 1179/3476/321
f 1180/3477/322 4579/3478/322 4580/3479/322
f 1179/3476/321 1181/3471/76 4578/3480/323
f 1182/3481/324 4325/3482/325 1183/3483/324
f 4578/3480/323 1181/3471/76 4324/3484/327
f 4324/3484/327 1181/3471/76 4321/3485/328
f 1184/3486/329 1187/3487/329 1185/3488/329
f 4321/3485/328 1181/3471/76 4319/3470/318
f 4326/3489/330 1175/3490/333 4320/3491/333
f 1189/3492/317 4581/3493/317 4583/3494/317
f 4328/3495/318 1194/3496/76 1190/3497/319
f 4582/3498/320 4586/3499/320 1191/3500/320
f 1190/3497/319 1194/3496/76 1192/3501/321
f 4585/3502/322 4589/3503/322 1193/3504/322
f 1192/3501/321 1194/3496/76 4587/3505/323
f 1195/3506/324 4334/3507/324 1196/3508/324
f 4587/3505/323 1194/3496/76 4333/3509/327
f 4333/3509/327 1194/3496/76 4330/3510/328
f 1197/3511/329 1200/3512/329 1198/3513/329
f 4330/3510/328 1194/3496/76 4328/3495/318
f 4335/3514/333 1188/3515/333 4329/3516/333
f 4336/3517/317 4592/3518/334 1202/3519/317
f 4337/3520/318 1207/3521/76 1203/3522/319
f 4591/3523/320 4595/3524/320 1204/3525/320
f 1203/3522/319 1207/3521/76 1205/3526/321
f 4594/3527/322 4598/3528/322 1206/3529/322
f 1205/3526/321 1207/3521/76 4596/3530/323
f 1208/3531/324 4343/3532/325 1209/3533/324
f 4596/3530/323 1207/3521/76 4342/3534/327
f 4342/3534/327 1207/3521/76 4339/3535/328
f 1210/3536/329 1213/3537/329 1211/3538/329
f 4339/3535/328 1207/3521/76 4337/3520/318
f 4344/3539/333 1201/3540/333 4338/3541/330
f 1215/3542/317 4599/3543/317 4601/3544/317
f 4346/3545/318 1220/3546/76 1216/3547/319
f 4600/3548/320 4604/3549/320 1217/3550/320
f 1216/3547/319 1220/3546/76 1218/3551/321
f 4603/3552/322 4607/3553/322 1219/3554/332
f 1218/3551/321 1220/3546/76 4605/3555/323
f 1221/3556/324 4352/3557/324 1222/3558/324
f 4605/3555/323 1220/3546/76 4351/3559/327
f 4351/3559/327 1220/3546/76 4348/3560/328
f 1224/3561/329 4349/3562/329 1226/3563/329
f 4348/3560/328 1220/3546/76 4346/3545/318
f 4353/3564/333 1214/3565/333 4347/3566/333
f 4610/3567/335 4354/3568/335 1228/3569/336
f 4355/3570/337 1229/3571/338 1233/3572/78
f 4613/3573/339 4609/3574/339 1230/3575/339
f 1229/3571/338 1231/3576/340 1233/3572/78
f 1232/3577/341 4615/3578/341 4612/3579/341
f 1231/3576/340 4614/3580/342 1233/3572/78
f 4361/3581/343 1234/3582/344 1235/3583/344
f 4614/3580/342 4360/3584/345 1233/3572/78
f 4360/3584/345 4357/3585/346 1233/3572/78
f 1237/3586/347 4358/3587/347 1236/3588/347
f 4357/3585/346 4355/3570/337 1233/3572/78
f 4356/3589/348 1238/3590/348 4362/3591/348
f 1243/3592/335 4104/3593/335 4363/3594/336
f 4103/3595/337 4100/3596/338 1246/3597/78
f 4105/3598/339 1244/3599/339 4101/3600/339
f 4100/3596/338 4097/3601/340 1246/3597/78
f 4102/3602/341 4096/3603/341 4098/3604/341
f 4097/3601/340 1247/3605/342 1246/3597/78
f 4099/3606/343 4094/3607/343 4095/3608/344
f 1247/3605/342 4093/3609/345 1246/3597/78
f 4093/3609/345 4091/3610/346 1246/3597/78
f 4364/3611/347 4092/3612/347 1249/3613/347
f 4091/3610/346 4103/3595/337 1246/3597/78
f 1241/3614/349 1251/3615/348 1252/3616/348
f 1254/3617/335 4617/3618/335 4366/3619/350
f 4367/3620/337 1255/3621/338 1259/3622/78
f 4622/3623/339 4618/3624/339 1256/3625/339
f 1255/3621/338 1257/3626/340 1259/3622/78
f 4625/3627/351 4621/3628/341 1258/3629/341
f 1257/3626/340 4623/3630/342 1259/3622/78
f 4373/3631/343 1260/3632/344 1261/3633/344
f 4623/3630/342 4372/3634/345 1259/3622/78
f 4372/3634/345 4369/3635/346 1259/3622/78
f 1263/3636/347 4370/3637/347 1262/3638/347
f 4369/3635/346 4367/3620/337 1259/3622/78
f 4374/3639/348 1253/3640/348 1264/3641/348
f 1267/3642/335 4626/3643/335 4375/3644/350
f 4376/3645/337 1268/3646/338 1272/3647/78
f 1269/3648/339 4629/3649/339 4627/3650/339
f 1268/3646/338 1270/3651/340 1272/3647/78
f 4634/3652/341 4630/3653/341 1271/3654/341
f 1270/3651/340 4632/3655/342 1272/3647/78
f 4382/3656/343 1273/3657/343 1274/3658/343
f 4632/3655/342 4381/3659/345 1272/3647/78
f 4381/3659/345 4378/3660/346 1272/3647/78
f 1278/3661/347 1275/3662/347 1276/3663/347
f 4378/3660/346 4376/3645/337 1272/3647/78
f 4383/3664/349 1266/3665/349 1277/3666/349
f 1280/3667/335 4635/3668/335 4384/3669/350
f 4385/3670/337 1281/3671/338 1285/3672/78
f 4640/3673/339 4636/3674/339 1282/3675/339
f 1281/3671/338 1283/3676/340 1285/3672/78
f 1284/3677/341 4642/3678/341 4639/3679/341
f 1283/3676/340 4641/3680/342 1285/3672/78
f 1287/3681/344 4389/3682/343 1286/3683/344
f 4641/3680/342 4390/3684/345 1285/3672/78
f 4390/3684/345 4387/3685/346 1285/3672/78
f 1289/3686/347 4388/3687/347 1288/3688/347
f 4387/3685/346 4385/3670/337 1285/3672/78
f 4392/3689/348 1279/3690/348 1290/3691/348
f 1293/3692/350 4644/3693/335 4393/3694/350
f 4394/3695/337 1294/3696/338 1298/3697/78
f 1295/3698/339 4647/3699/339 4645/3700/339
f 1294/3696/338 1296/3701/340 1298/3697/78
f 1297/3702/341 4651/3703/341 4648/3704/341
f 1296/3701/340 4650/3705/342 1298/3697/78
f 4400/3706/343 1299/3707/343 1300/3708/343
f 4650/3705/342 4399/3709/345 1298/3697/78
f 4399/3709/345 4396/3710/346 1298/3697/78
f 1304/3711/347 1301/3712/347 1302/3713/347
f 4396/3710/346 4394/3695/337 1298/3697/78
f 4401/3714/349 1292/3715/348 1303/3716/349
f 1306/3717/335 4653/3718/335 4402/3719/350
f 4403/3720/337 1307/3721/338 1311/3722/78
f 1308/3723/339 4656/3724/339 4654/3725/339
f 1307/3721/338 1309/3726/340 1311/3722/78
f 4661/3727/341 4657/3728/341 1310/3729/341
f 1309/3726/340 4659/3730/342 1311/3722/78
f 4409/3731/343 1312/3732/344 1313/3733/344
f 4659/3730/342 4408/3734/345 1311/3722/78
f 4408/3734/345 4405/3735/346 1311/3722/78
f 1317/3736/347 1314/3737/347 1315/3738/347
f 4405/3735/346 4403/3720/337 1311/3722/78
f 4410/3739/349 1305/3740/349 1316/3741/348
f 1319/3742/335 4662/3743/335 4411/3744/350
f 4412/3745/337 1320/3746/338 1324/3747/78
f 4667/3748/339 4663/3749/339 1321/3750/339
f 1320/3746/338 1322/3751/340 1324/3747/78
f 4670/3752/351 4666/3753/341 1323/3754/341
f 1322/3751/340 4668/3755/342 1324/3747/78
f 4418/3756/344 1325/3757/344 1326/3758/344
f 4668/3755/342 4417/3759/345 1324/3747/78
f 4417/3759/345 4414/3760/346 1324/3747/78
f 1330/3761/347 1327/3762/347 1328/3763/347
f 4414/3760/346 4412/3745/337 1324/3747/78
f 4419/3764/349 1318/3765/349 1329/3766/349
f 1332/3767/335 4671/3768/335 4420/3769/350
f 4421/3770/337 1333/3771/338 1337/3772/78
f 1334/3773/339 4674/3774/339 4672/3775/339
f 1333/3771/338 1335/3776/340 1337/3772/78
f 1336/3777/341 4678/3778/341 4675/3779/341
f 1335/3776/340 4677/3780/342 1337/3772/78
f 4427/3781/343 1338/3782/344 1339/3783/344
f 4677/3780/342 4426/3784/345 1337/3772/78
f 4426/3784/345 4423/3785/346 1337/3772/78
f 1343/3786/347 1340/3787/347 1341/3788/347
f 4423/3785/346 4421/3770/337 1337/3772/78
f 4428/3789/348 1331/3790/349 1342/3791/348
f 1345/3792/335 4680/3793/335 4429/3794/352
f 4430/3795/337 1346/3796/338 1350/3797/78
f 4685/3798/339 4681/3799/339 1347/3800/339
f 1346/3796/338 1348/3801/340 1350/3797/78
f 4688/3802/341 4684/3803/351 1349/3804/351
f 1348/3801/340 4686/3805/342 1350/3797/78
f 4436/3806/344 1351/3807/344 1352/3808/344
f 4686/3805/342 4435/3809/345 1350/3797/78
f 4435/3809/345 4432/3810/346 1350/3797/78
f 1356/3811/347 1353/3812/347 1354/3813/347
f 4432/3810/346 4430/3795/337 1350/3797/78
f 4437/3814/349 1344/3815/349 1355/3816/349
f 1358/3817/335 4689/3818/335 4438/3819/350
f 4439/3820/337 1359/3821/338 1363/3822/78
f 4694/3823/339 4690/3824/339 1360/3825/339
f 1359/3821/338 1361/3826/340 1363/3822/78
f 4697/3827/341 4693/3828/341 1362/3829/341
f 1361/3826/340 4695/3830/342 1363/3822/78
f 4445/3831/343 1364/3832/344 1365/3833/344
f 4695/3830/342 4444/3834/345 1363/3822/78
f 4444/3834/345 4441/3835/346 1363/3822/78
f 1369/3836/347 1366/3837/347 1367/3838/347
f 4441/3835/346 4439/3820/337 1363/3822/78
f 4446/3839/349 1357/3840/349 1368/3841/349
f 1371/3842/335 4698/3843/335 4447/3844/352
f 4448/3845/337 1372/3846/338 1376/3847/78
f 4703/3848/339 4699/3849/339 1373/3850/339
f 1372/3846/338 1374/3851/340 1376/3847/78
f 4706/3852/341 4702/3853/351 1375/3854/351
f 1374/3851/340 4704/3855/342 1376/3847/78
f 4454/3856/344 1377/3857/344 1378/3858/344
f 4704/3855/342 4453/3859/345 1376/3847/78
f 4453/3859/345 4450/3860/346 1376/3847/78
f 1380/3861/347 4451/3862/347 1379/3863/347
f 4450/3860/346 4448/3845/337 1376/3847/78
f 4455/3864/349 1370/3865/349 1381/3866/349
f 4866/3867/353 4744/3868/353 4743/3869/353
f 4746/3870/354 2725/3871/355 4745/3872/354
f 4868/3873/356 4709/3874/356 4710/3875/356
f 4859/3876/357 4893/3877/357 4860/3878/357
f 4788/3879/357 2568/3880/357 2679/3881/357
f 2597/3882/75 4895/3883/75 4896/3884/75
f 4892/3885/357 4708/3886/357 4707/3887/357
f 2754/3888/74 4899/3889/74 4900/3890/74
f 4724/3891/356 4855/3892/356 4723/3893/356
f 4834/3894/354 4857/3895/354 4858/3896/354
f 4862/3897/354 4727/3898/354 4728/3899/354
f 4903/3900/74 4851/3901/74 4852/3902/74
f 4890/3903/74 2770/3904/74 4885/3905/74
f 4836/3906/354 4785/3907/354 4786/3908/354
f 4846/3909/357 4762/3910/357 4761/3911/357
f 4848/3912/354 4741/3913/354 4742/3914/354
f 4759/3915/357 2765/3916/357 4760/3917/357
f 4804/3918/356 4853/3919/356 4803/3920/356
f 4884/3921/74 2771/3922/74 2587/3923/74
f 4863/3924/353 4773/3925/353 4864/3926/353
f 4880/3927/75 4878/3928/75 4879/3929/75
f 4818/3930/353 4882/3931/353 4881/3932/353
f 4771/3933/353 4821/3934/353 4772/3935/353
f 4720/3936/356 4831/3937/356 4719/3938/356
f 4898/3939/74 2707/3940/74 4897/3941/74
f 4796/3942/354 4843/3943/354 4795/3944/354
f 4806/3945/75 2725/3946/355 2607/3947/75
f 4816/3948/353 2602/3949/353 2657/3950/353
f 2731/3951/74 2649/3952/74 2730/3953/74
f 4738/3954/354 4827/3955/354 4737/3956/354
f 4830/3957/356 4783/3958/356 4784/3959/356
f 2624/3960/356 2759/3961/356 2623/3962/356
f 2583/3963/74 2716/3964/74 2717/3965/74
f 4870/3966/353 2588/3967/353 2671/3968/353
f 2724/3969/75 2732/3970/75 2723/3971/75
f 2739/3972/353 4732/3973/353 4731/3974/353
f 4800/3975/74 2772/3976/74 4799/3977/74
f 4716/3978/356 4813/3979/356 4715/3980/356
f 2634/3981/354 4823/3982/354 2633/3983/354
f 2603/3984/75 2708/3985/75 2709/3986/75
f 4819/3987/75 2697/3988/75 2698/3989/75
f 4797/3990/74 2714/3991/74 2715/3992/74
f 2664/3993/357 2658/3994/357 2665/3995/357
f 4850/3996/357 2574/3997/357 2622/3998/357
f 4808/3999/354 4733/4000/354 4734/4001/354
f 2644/4002/357 4837/4003/357 2578/4004/357
f 2751/4005/357 4714/4006/357 4713/4007/357
f 2579/4008/74 2693/4009/74 2694/4010/74
f 4812/4011/353 2594/4012/353 2614/4013/353
f 4875/4014/75 2704/4015/75 2705/4016/75
f 4802/4017/356 4711/4018/356 4712/4019/356
f 2599/4020/75 2688/4021/75 2689/4022/75
f 2692/4023/74 4792/4024/74 2691/4025/74
f 2647/4026/353 2680/4027/353 2648/4028/353
f 4726/4029/356 4777/4030/356 4725/4031/356
f 4888/4032/357 4722/4033/357 4721/4034/357
f 4794/4035/354 4729/4036/354 4730/4037/354
f 2750/4038/357 4789/4039/357 2584/4040/357
f 4906/4041/354 4767/4042/354 4905/4043/354
f 2675/4044/74 2710/4045/74 2674/4046/74
f 4739/4047/353 4747/4048/353 4740/4049/353
f 2685/4050/75 2683/4051/75 2684/4052/75
f 2604/4053/354 4769/4054/354 2745/4055/354
f 4776/4056/356 2749/4057/356 2567/4058/356
f 2713/4059/356 2620/4060/356 2621/4061/356
f 2669/4062/75 2673/4063/75 2668/4064/75
f 2615/4065/356 2661/4066/356 2660/4067/356
f 2738/4068/353 2656/4069/353 2655/4070/353
f 2580/4071/356 4757/4072/356 2735/4073/356
f 2586/4074/357 2744/4075/357 4883/4076/357
f 2743/4077/354 4765/4078/354 2742/4079/354
f 2635/4080/353 4809/4081/353 2598/4082/353
f 2663/4083/74 4840/4084/74 2662/4085/74
f 2630/4086/75 4764/4087/75 2629/4088/75
f 4842/4089/357 4872/4090/357 4871/4091/357
f 2600/4092/354 4751/4093/354 2729/4094/354
f 2652/4095/357 2646/4096/357 2645/4097/357
f 4756/4098/356 2733/4099/356 2734/4100/356
f 2701/4101/357 2570/4102/357 2769/4103/357
f 2585/4104/74 2640/4105/74 2641/4106/74
f 2654/4107/75 4874/4108/75 2653/4109/75
f 2736/4110/353 2590/4111/353 2758/4112/353
f 4718/4113/356 4901/4114/356 4717/4115/356
f 4750/4116/354 2726/4117/354 2727/4118/354
f 2696/4119/75 4826/4120/75 2695/4121/75
f 2605/4122/75 2631/4123/75 2632/4124/75
f 2752/4125/74 2753/4126/74 2639/4127/74
f 2626/4128/353 2768/4129/353 2767/4130/353
f 2757/4131/354 4735/4132/354 4736/4133/354
f 2718/4134/353 2686/4135/353 2719/4136/353
f 2762/4137/356 2721/4138/356 2722/4139/356
f 2720/4140/357 4781/4141/357 2576/4142/357
f 2581/4143/74 2618/4144/74 2619/4145/74
f 2628/4146/75 2678/4147/75 2627/4148/75
f 2711/4149/353 4753/4150/353 2596/4151/353
f 2747/4152/356 2700/4153/356 2572/4154/356
f 2672/4155/353 4805/4156/353 2606/4157/353
f 2601/4158/75 2611/4159/75 2612/4160/75
f 2617/4161/74 2703/4162/74 2616/4163/74
f 2741/4164/354 2690/4165/354 2592/4166/354
f 2642/4167/357 2582/4168/357 2666/4169/357
f 2577/4170/74 2763/4171/74 2764/4172/74
f 2636/4173/75 2609/4174/75 2610/4175/75
f 5066/4176/357 4944/4177/357 4943/4178/357
f 4946/4179/356 2932/4180/358 4945/4181/356
f 5068/4182/354 4909/4183/354 4910/4184/354
f 5059/4185/353 5093/4186/353 5060/4187/353
f 4988/4188/353 2775/4189/353 2886/4190/353
f 5096/4191/74 4954/4192/74 5095/4193/74
f 5092/4194/353 4908/4195/353 4907/4196/353
f 2961/4197/75 5099/4198/75 5100/4199/75
f 4924/4200/354 5055/4201/354 4923/4202/354
f 5034/4203/356 5057/4204/356 5058/4205/356
f 5062/4206/356 4927/4207/356 4928/4208/356
f 5103/4209/75 5051/4210/75 5052/4211/75
f 5090/4212/75 2977/4213/75 5085/4214/75
f 5036/4215/356 4985/4216/356 4986/4217/356
f 5046/4218/353 4962/4219/353 4961/4220/353
f 4942/4221/356 5047/4222/356 4941/4223/356
f 4959/4224/353 2972/4225/353 4960/4226/353
f 5054/4227/354 5003/4228/354 5004/4229/354
f 5084/4230/75 2978/4231/75 2794/4232/75
f 4974/4233/357 5064/4234/357 5063/4235/357
f 5080/4236/74 5078/4237/74 5079/4238/74
f 5018/4239/357 5082/4240/357 5081/4241/357
f 5022/4242/357 4972/4243/357 4971/4244/357
f 4920/4245/354 5031/4246/354 4919/4247/354
f 5098/4248/75 2914/4249/75 5097/4250/75
f 5044/4251/356 4995/4252/356 4996/4253/356
f 5006/4254/74 2932/4255/358 2814/4256/74
f 5016/4257/357 2809/4258/357 2864/4259/357
f 2938/4260/75 2856/4261/75 2937/4262/75
f 4938/4263/356 5027/4264/356 4937/4265/356
f 5030/4266/354 4983/4267/354 4984/4268/354
f 2831/4269/354 2966/4270/354 2830/4271/354
f 2790/4272/75 2923/4273/75 2924/4274/75
f 5070/4275/357 2795/4276/357 2878/4277/357
f 2931/4278/74 2939/4279/74 2930/4280/74
f 2946/4281/357 4932/4282/357 4931/4283/357
f 5000/4284/75 2979/4285/75 4999/4286/75
f 5014/4287/354 4915/4288/354 4916/4289/354
f 5024/4290/356 2840/4291/356 2841/4292/356
f 2810/4293/74 2915/4294/74 2916/4295/74
f 2905/4296/74 5020/4297/74 2904/4298/74
f 2922/4299/75 4998/4300/75 2921/4301/75
f 2866/4302/353 2872/4303/353 2871/4304/353
f 5050/4305/353 2781/4306/353 2829/4307/353
f 4934/4308/356 5007/4309/356 4933/4310/356
f 2851/4311/353 5037/4312/353 2785/4313/353
f 2958/4314/353 4914/4315/353 4913/4316/353
f 2786/4317/75 2900/4318/75 2901/4319/75
f 5012/4320/357 2801/4321/357 2821/4322/357
f 5075/4323/74 2911/4324/74 2912/4325/74
f 5002/4326/354 4911/4327/354 4912/4328/354
f 2806/4329/74 2895/4330/74 2896/4331/74
f 2899/4332/75 4992/4333/75 2898/4334/75
f 2854/4335/357 2887/4336/357 2855/4337/357
f 4926/4338/354 4977/4339/354 4925/4340/354
f 5088/4341/353 4922/4342/353 4921/4343/353
f 4994/4344/356 4929/4345/356 4930/4346/356
f 2957/4347/353 4989/4348/353 2791/4349/353
f 5106/4350/356 4967/4351/356 5105/4352/356
f 2882/4353/75 2917/4354/75 2881/4355/75
f 4939/4356/357 4947/4357/357 4940/4358/357
f 2889/4359/74 2891/4360/74 2892/4361/74
f 2811/4362/356 4969/4363/356 2952/4364/356
f 4976/4365/354 2956/4366/354 2774/4367/354
f 2920/4368/354 2827/4369/354 2828/4370/354
f 2802/4371/74 2875/4372/74 2876/4373/74
f 2822/4374/354 2868/4375/354 2867/4376/354
f 2945/4377/357 2863/4378/357 2862/4379/357
f 2787/4380/354 4957/4381/354 2942/4382/354
f 2793/4383/353 2951/4384/353 5083/4385/353
f 4966/4386/356 2949/4387/356 2950/4388/356
f 2842/4389/357 5009/4390/357 2805/4391/357
f 2870/4392/75 5040/4393/75 2869/4394/75
f 2837/4395/74 4964/4396/74 2836/4397/74
f 5071/4398/353 5041/4399/353 5072/4400/353
f 2807/4401/356 4951/4402/356 2936/4403/356
f 2859/4404/353 2853/4405/353 2852/4406/353
f 4956/4407/354 2940/4408/354 2941/4409/354
f 2908/4410/353 2777/4411/353 2976/4412/353
f 2792/4413/75 2847/4414/75 2848/4415/75
f 2861/4416/74 5074/4417/74 2860/4418/74
f 2943/4419/357 2797/4420/357 2965/4421/357
f 4918/4422/354 5101/4423/354 4917/4424/354
f 4950/4425/356 2933/4426/356 2934/4427/356
f 2903/4428/74 5026/4429/74 2902/4430/74
f 2812/4431/74 2838/4432/74 2839/4433/74
f 2959/4434/75 2960/4435/75 2846/4436/75
f 2833/4437/357 2975/4438/357 2974/4439/357
f 4936/4440/356 2963/4441/356 4935/4442/356
f 2925/4443/357 2893/4444/357 2926/4445/357
f 2969/4446/354 2928/4447/354 2929/4448/354
f 2927/4449/353 4981/4450/353 2783/4451/353
f 2788/4452/75 2825/4453/75 2826/4454/75
f 2835/4455/74 2885/4456/74 2834/4457/74
f 2918/4458/357 4953/4459/357 2803/4460/357
f 2779/4461/354 2953/4462/354 2907/4463/354
f 2879/4464/357 5005/4465/357 2813/4466/357
f 2808/4467/74 2818/4468/74 2819/4469/74
f 2824/4470/75 2910/4471/75 2823/4472/75
f 2948/4473/356 2897/4474/356 2799/4475/356
f 2873/4476/353 4979/4477/353 2789/4478/353
f 2784/4479/75 2970/4480/75 2971/4481/75
f 2843/4482/74 2816/4483/74 2817/4484/74
f 5143/4485/353 5265/4486/353 5144/4487/353
f 5146/4488/354 3139/4489/355 5145/4490/354
f 5268/4491/356 5109/4492/356 5110/4493/356
f 5259/4494/357 5293/4495/357 5260/4496/357
f 5188/4497/357 2982/4498/357 3093/4499/357
f 3011/4500/75 5295/4501/75 5296/4502/75
f 5292/4503/357 5108/4504/357 5107/4505/357
f 3168/4506/74 5299/4507/74 5300/4508/74
f 5124/4509/356 5255/4510/356 5123/4511/356
f 5234/4512/354 5257/4513/354 5258/4514/354
f 5262/4515/354 5127/4516/354 5128/4517/354
f 5303/4518/74 5251/4519/74 5252/4520/74
f 5290/4521/74 3184/4522/74 5285/4523/74
f 5236/4524/354 5185/4525/354 5186/4526/354
f 5246/4527/357 5162/4528/357 5161/4529/357
f 5142/4530/354 5247/4531/354 5141/4532/354
f 5159/4533/357 3179/4534/357 5160/4535/357
f 5204/4536/356 5253/4537/356 5203/4538/356
f 5284/4539/74 3185/4540/74 3001/4541/74
f 5174/4542/353 5264/4543/353 5263/4544/353
f 5280/4545/75 5278/4546/75 5279/4547/75
f 5218/4548/353 5282/4549/353 5281/4550/353
f 5171/4551/353 5221/4552/353 5172/4553/353
f 5120/4554/356 5231/4555/356 5119/4556/356
f 5298/4557/74 3121/4558/74 5297/4559/74
f 5196/4560/354 5243/4561/354 5195/4562/354
f 5206/4563/75 3139/4564/355 3021/4565/75
f 5216/4566/353 3016/4567/353 3071/4568/353
f 3145/4569/74 3063/4570/74 3144/4571/74
f 5138/4572/354 5227/4573/354 5137/4574/354
f 5184/4575/356 5229/4576/356 5183/4577/356
f 3038/4578/356 3173/4579/356 3037/4580/356
f 2997/4581/74 3130/4582/74 3131/4583/74
f 5270/4584/353 3002/4585/353 3085/4586/353
f 3138/4587/75 3146/4588/75 3137/4589/75
f 3153/4590/353 5132/4591/353 5131/4592/353
f 5200/4593/74 3186/4594/74 5199/4595/74
f 5116/4596/356 5213/4597/356 5115/4598/356
f 3048/4599/354 5223/4600/354 3047/4601/354
f 3017/4602/75 3122/4603/75 3123/4604/75
f 5219/4605/75 3111/4606/75 3112/4607/75
f 5197/4608/74 3128/4609/74 3129/4610/74
f 3078/4611/357 3072/4612/357 3079/4613/357
f 5250/4614/357 2988/4615/357 3036/4616/357
f 5134/4617/354 5207/4618/354 5133/4619/354
f 5238/4620/357 2992/4621/357 3058/4622/357
f 3165/4623/357 5114/4624/357 5113/4625/357
f 2993/4626/74 3107/4627/74 3108/4628/74
f 5212/4629/353 3008/4630/353 3028/4631/353
f 5275/4632/75 3118/4633/75 3119/4634/75
f 5202/4635/356 5111/4636/356 5112/4637/356
f 3013/4638/75 3102/4639/75 3103/4640/75
f 3106/4641/74 5192/4642/74 3105/4643/74
f 3061/4644/353 3094/4645/353 3062/4646/353
f 5126/4647/356 5177/4648/356 5125/4649/356
f 5288/4650/357 5122/4651/357 5121/4652/357
f 5194/4653/354 5129/4654/354 5130/4655/354
f 3164/4656/357 5189/4657/357 2998/4658/357
f 5306/4659/354 5167/4660/354 5305/4661/354
f 2989/4662/74 3088/4663/74 3089/4664/74
f 5139/4665/353 5147/4666/353 5140/4667/353
f 3099/4668/75 3097/4669/75 3098/4670/75
f 3018/4671/354 5169/4672/354 3159/4673/354
f 5176/4674/356 3163/4675/356 2981/4676/356
f 3127/4677/356 3034/4678/356 3035/4679/356
f 3009/4680/75 3082/4681/75 3083/4682/75
f 3029/4683/356 3075/4684/356 3074/4685/356
f 3152/4686/353 3070/4687/353 3069/4688/353
f 2994/4689/356 5157/4690/356 3149/4691/356
f 3000/4692/357 3158/4693/357 5283/4694/357
f 5166/4695/354 3156/4696/354 3157/4697/354
f 3084/4698/353 3012/4699/353 3049/4700/353
f 3077/4701/74 5240/4702/74 3076/4703/74
f 3044/4704/75 5164/4705/75 3043/4706/75
f 5242/4707/357 5272/4708/357 5271/4709/357
f 3014/4710/354 5151/4711/354 3143/4712/354
f 3066/4713/357 3060/4714/357 3059/4715/357
f 3148/4716/356 5155/4717/356 3147/4718/356
f 3115/4719/357 2984/4720/357 3183/4721/357
f 2999/4722/74 3054/4723/74 3055/4724/74
f 3068/4725/75 5274/4726/75 3067/4727/75
f 3150/4728/353 3004/4729/353 3172/4730/353
f 5118/4731/356 5301/4732/356 5117/4733/356
f 3141/4734/354 5149/4735/354 3140/4736/354
f 3110/4737/75 5226/4738/75 3109/4739/75
f 3019/4740/75 3045/4741/75 3046/4742/75
f 3166/4743/74 3167/4744/74 3053/4745/74
f 3040/4746/353 3182/4747/353 3181/4748/353
f 3171/4749/354 5135/4750/354 5136/4751/354
f 3132/4752/353 3100/4753/353 3133/4754/353
f 3176/4755/356 3135/4756/356 3136/4757/356
f 5182/4758/357 2990/4759/357 3134/4760/357
f 2995/4761/74 3032/4762/74 3033/4763/74
f 3042/4764/75 3092/4765/75 3041/4766/75
f 3027/4767/353 3010/4768/353 3125/4769/353
f 3161/4770/356 3114/4771/356 2986/4772/356
f 3086/4773/353 5205/4774/353 3020/4775/353
f 3015/4776/75 3025/4777/75 3026/4778/75
f 3031/4779/74 3117/4780/74 3030/4781/74
f 3155/4782/354 3104/4783/354 3006/4784/354
f 3056/4785/357 2996/4786/357 3080/4787/357
f 2991/4788/74 3177/4789/74 3178/4790/74
f 3050/4791/75 3023/4792/75 3024/4793/75
f 5466/4794/357 5344/4795/357 5343/4796/357
f 5346/4797/356 3346/4798/358 5345/4799/356
f 5468/4800/354 5309/4801/354 5310/4802/354
f 5459/4803/353 5493/4804/353 5460/4805/353
f 5388/4806/353 3189/4807/353 3300/4808/353
f 3218/4809/74 5495/4810/74 5496/4811/74
f 5492/4812/353 5308/4813/353 5307/4814/353
f 3375/4815/75 5499/4816/75 5500/4817/75
f 5324/4818/354 5455/4819/354 5323/4820/354
f 5434/4821/356 5457/4822/356 5458/4823/356
f 5462/4824/356 5327/4825/356 5328/4826/356
f 5503/4827/75 5451/4828/75 5452/4829/75
f 5490/4830/75 3391/4831/75 5485/4832/75
f 5386/4833/356 5435/4834/356 5385/4835/356
f 5446/4836/353 5362/4837/353 5361/4838/353
f 5342/4839/356 5447/4840/356 5341/4841/356
f 5359/4842/353 3386/4843/353 5360/4844/353
f 5454/4845/354 5403/4846/354 5404/4847/354
f 5484/4848/75 3392/4849/75 3208/4850/75
f 5374/4851/357 5464/4852/357 5463/4853/357
f 5480/4854/74 5478/4855/74 5479/4856/74
f 5418/4857/357 5482/4858/357 5481/4859/357
f 5371/4860/357 5421/4861/357 5372/4862/357
f 5320/4863/354 5431/4864/354 5319/4865/354
f 5498/4866/75 3328/4867/75 5497/4868/75
f 5396/4869/356 5443/4870/356 5395/4871/356
f 5406/4872/74 3346/4873/358 3228/4874/74
f 5416/4875/357 3223/4876/357 3278/4877/357
f 3352/4878/75 3270/4879/75 3351/4880/75
f 5338/4881/356 5427/4882/356 5337/4883/356
f 5384/4884/354 5429/4885/354 5383/4886/354
f 3381/4887/354 3244/4888/354 3245/4889/354
f 3204/4890/75 3337/4891/75 3338/4892/75
f 5470/4893/357 3209/4894/357 3292/4895/357
f 3345/4896/74 3353/4897/74 3344/4898/74
f 3360/4899/357 5332/4900/357 5331/4901/357
f 5400/4902/75 3393/4903/75 5399/4904/75
f 5316/4905/354 5413/4906/354 5315/4907/354
f 5424/4908/356 3254/4909/356 3255/4910/356
f 3224/4911/74 3329/4912/74 3330/4913/74
f 5419/4914/74 3318/4915/74 3319/4916/74
f 3336/4917/75 5398/4918/75 3335/4919/75
f 3285/4920/353 3279/4921/353 3286/4922/353
f 5450/4923/353 3195/4924/353 3243/4925/353
f 5334/4926/356 5407/4927/356 5333/4928/356
f 5438/4929/353 3199/4930/353 3265/4931/353
f 3372/4932/353 5314/4933/353 5313/4934/353
f 3200/4935/75 3314/4936/75 3315/4937/75
f 5412/4938/357 3215/4939/357 3235/4940/357
f 5475/4941/74 3325/4942/74 3326/4943/74
f 5402/4944/354 5311/4945/354 5312/4946/354
f 3220/4947/74 3309/4948/74 3310/4949/74
f 3313/4950/75 5392/4951/75 3312/4952/75
f 3268/4953/357 3301/4954/357 3269/4955/357
f 5326/4956/354 5377/4957/354 5325/4958/354
f 5321/4959/353 5487/4960/353 5322/4961/353
f 5394/4962/356 5329/4963/356 5330/4964/356
f 3371/4965/353 5389/4966/353 3205/4967/353
f 5506/4968/356 5367/4969/356 5505/4970/356
f 3296/4971/75 3331/4972/75 3295/4973/75
f 5339/4974/357 5347/4975/357 5340/4976/357
f 3306/4977/74 3304/4978/74 3305/4979/74
f 3225/4980/356 5369/4981/356 3366/4982/356
f 5376/4983/354 3370/4984/354 3188/4985/354
f 3334/4986/354 3241/4987/354 3242/4988/354
f 3216/4989/74 3289/4990/74 3290/4991/74
f 3236/4992/354 3282/4993/354 3281/4994/354
f 3359/4995/357 3277/4996/357 3276/4997/357
f 3201/4998/354 5357/4999/354 3356/5000/354
f 3207/5001/353 3365/5002/353 5483/5003/353
f 5366/5004/356 3363/5005/356 3364/5006/356
f 3291/5007/357 3219/5008/357 3256/5009/357
f 3284/5010/75 5440/5011/75 3283/5012/75
f 3251/5013/74 5364/5014/74 3250/5015/74
f 5471/5016/353 5441/5017/353 5472/5018/353
f 5352/5019/356 3350/5020/356 3221/5021/356
f 3273/5022/353 3267/5023/353 3266/5024/353
f 5356/5025/354 3354/5026/354 3355/5027/354
f 3322/5028/353 3191/5029/353 3390/5030/353
f 3206/5031/75 3261/5032/75 3262/5033/75
f 3275/5034/74 5474/5035/74 3274/5036/74
f 3357/5037/357 3211/5038/357 3379/5039/357
f 5318/5040/354 5501/5041/354 5317/5042/354
f 5350/5043/356 3347/5044/356 3348/5045/356
f 3317/5046/74 5426/5047/74 3316/5048/74
f 3226/5049/74 3252/5050/74 3253/5051/74
f 3373/5052/75 3374/5053/75 3260/5054/75
f 3247/5055/357 3389/5056/357 3388/5057/357
f 3378/5058/356 5335/5059/356 5336/5060/356
f 3339/5061/357 3307/5062/357 3340/5063/357
f 3383/5064/354 3342/5065/354 3343/5066/354
f 3341/5067/353 5381/5068/353 3197/5069/353
f 3202/5070/75 3239/5071/75 3240/5072/75
f 3249/5073/74 3299/5074/74 3248/5075/74
f 3234/5076/357 3217/5077/357 3332/5078/357
f 3368/5079/354 3321/5080/354 3193/5081/354
f 3288/5082/357 3227/5083/357 3293/5084/357
f 3222/5085/74 3232/5086/74 3233/5087/74
f 3238/5088/75 3324/5089/75 3237/5090/75
f 3362/5091/356 3311/5092/356 3213/5093/356
f 3287/5094/353 5379/5095/353 3203/5096/353
f 3198/5097/75 3384/5098/75 3385/5099/75
f 3231/5100/74 3258/5101/74 3230/5102/74
f 3399/5103/74 3398/5104/74 3400/5105/74
f 3395/5106/75 3402/5107/75 3397/5108/75
f 3409/5109/75 3406/5110/75 3410/5111/75
f 3403/5112/74 3408/5113/74 3405/5114/74
f 1391/1387/73 114/5115/73 113/1388/73
f 1395/1390/72 115/5116/72 116/1391/72
f 114/1393/73 1389/5117/73 1390/1394/73
f 128/1395/76 1383/5118/76 119/1396/76
f 120/1398/76 126/5119/76 1396/1399/76
f 1385/1401/78 1387/5120/78 1397/1402/78
f 1398/1404/78 118/5121/78 124/1405/78
f 115/1407/72 1388/5122/72 121/1408/72
f 143/1409/73 1403/5123/73 1404/1410/73
f 129/1412/76 137/5124/76 138/1413/76
f 1407/1415/78 1410/5125/78 139/1416/78
f 142/1418/72 1409/5126/72 1408/1419/72
f 137/1421/76 1405/5127/76 132/1422/76
f 140/1417/78 139/5128/78 1399/1423/78
f 131/1425/72 142/5129/72 141/1420/72
f 1400/1427/73 143/5130/73 144/1411/73
f 1417/1429/73 146/5131/73 145/1430/73
f 1421/1432/72 147/5132/72 148/1433/72
f 146/1435/73 1415/5133/73 1416/1436/73
f 160/1437/76 152/5134/76 151/1438/76
f 151/1438/76 152/5135/76 158/1440/76
f 149/1442/78 1411/5136/78 1413/1443/78
f 149/1442/78 150/5137/78 156/1445/78
f 147/1447/72 1414/5138/72 153/1448/72
f 161/1449/73 162/5139/73 1431/1450/73
f 164/1452/72 163/5140/72 1435/1453/72
f 1430/1455/73 1429/5141/73 162/1456/73
f 167/1457/78 1423/5142/78 176/1458/78
f 1436/1460/78 174/5143/78 168/1461/78
f 1437/1463/76 1427/5144/76 1425/1464/76
f 172/1466/76 166/5145/76 1438/1467/76
f 169/1469/72 1428/5146/72 163/1470/72
f 1444/1471/73 1443/5147/73 191/1472/73
f 186/1474/78 185/5148/78 177/1475/78
f 187/1477/76 1450/5149/76 1447/1478/76
f 1448/1480/72 1449/5150/72 190/1481/72
f 180/1483/78 1445/5151/78 185/1484/78
f 1439/1485/76 187/5152/76 188/1479/76
f 189/1482/72 190/5153/72 179/1487/72
f 192/1473/73 191/5154/73 1440/1489/73
f 193/1491/73 194/5155/73 1457/1492/73
f 196/1494/72 195/5156/72 1461/1495/72
f 1456/1497/73 1455/5157/73 194/1498/73
f 199/1499/78 200/5158/78 208/1500/78
f 199/1499/78 1462/5159/78 206/1502/78
f 197/1504/76 198/5160/76 1453/1505/76
f 204/1507/76 198/5161/76 197/1504/76
f 201/1509/72 1454/5162/72 195/1510/72
f 1471/1511/73 210/5163/73 209/1512/73
f 1475/1514/72 211/5164/72 212/1515/72
f 209/1512/73 210/5165/73 1469/1517/73
f 224/1519/74 1463/5166/74 215/1520/74
f 216/1522/74 222/5167/74 1476/1523/74
f 1465/1525/75 1467/5168/75 214/1526/75
f 213/1527/75 214/5169/75 220/1528/75
f 211/1530/72 1468/5170/72 217/1531/72
f 240/1532/73 239/5171/73 1481/1533/73
f 225/1535/74 233/5172/74 234/1536/74
f 1485/1538/75 1488/5173/75 235/1539/75
f 238/1541/72 1487/5174/72 1486/1542/72
f 233/1544/74 1483/5175/74 228/1545/74
f 1479/1546/75 236/1540/75 235/1547/75
f 227/1549/72 238/5176/72 237/1543/72
f 1478/1551/73 239/5177/73 240/1532/73
f 1495/1553/73 242/5178/73 241/1554/73
f 1499/1556/72 243/5179/72 244/1557/72
f 241/1554/73 242/5180/73 1493/1559/73
f 256/1561/74 248/5181/74 247/1562/74
f 248/1564/74 254/5182/74 1500/1565/74
f 1489/1566/75 1491/5183/75 246/1567/75
f 245/1568/75 246/5184/75 252/1569/75
f 243/1571/72 1492/5185/72 249/1572/72
f 271/1573/75 1505/5186/75 1506/1574/75
f 257/1576/76 265/5187/76 266/1577/76
f 1509/1579/78 1512/5188/78 267/1580/78
f 270/1582/74 1511/5189/74 1510/1583/74
f 265/1585/76 1507/5190/76 260/1586/76
f 268/1581/78 267/5191/78 1501/1587/78
f 259/1589/74 270/5192/74 269/1584/74
f 1502/1591/75 271/5193/75 272/1575/75
f 287/1593/75 1517/5194/75 1518/1594/75
f 273/1596/76 281/5195/76 282/1597/76
f 1521/1599/78 1524/5196/78 283/1600/78
f 286/1602/74 1523/5197/74 1522/1603/74
f 281/1605/76 1519/5198/76 276/1606/76
f 284/1601/78 283/5199/78 1513/1607/78
f 275/1609/74 286/5200/74 285/1604/74
f 1514/1611/75 287/5201/75 288/1595/75
f 303/1613/75 1529/5202/75 1530/1614/75
f 289/1616/76 297/5203/76 298/1617/76
f 1533/1619/78 1536/5204/78 299/1620/78
f 302/1622/74 1535/5205/74 1534/1623/74
f 297/1625/76 1531/5206/76 292/1626/76
f 300/1621/78 299/5207/78 1525/1627/78
f 291/1629/74 302/5208/74 301/1624/74
f 1526/1631/75 303/5209/75 304/1615/75
f 319/1633/75 1541/5210/75 1542/1634/75
f 305/1636/76 313/5211/76 314/1637/76
f 1545/1639/78 1548/5212/78 315/1640/78
f 318/1642/74 1547/5213/74 1546/1643/74
f 313/1645/76 1543/5214/76 308/1646/76
f 316/1641/78 315/5215/78 1537/1647/78
f 307/1649/74 318/5216/74 317/1644/74
f 1538/1651/75 319/5217/75 320/1635/75
f 1581/1653/72 1563/5218/72 1569/1654/72
f 1563/5219/72 1581/5220/72 1575/5221/72
f 1578/1657/72 1579/5222/72 1571/5223/72
f 1582/5224/72 1569/5225/72 1579/5222/72
f 1563/5219/72 1575/5221/72 1574/1656/72
f 1561/1658/72 1563/5219/72 1574/1656/72
f 1579/5222/72 1569/5225/72 1571/5223/72
f 1571/5223/72 1561/1658/72 1578/1657/72
f 1570/1659/107 1564/5226/107 1566/1660/107
f 1576/1662/78 1559/5227/78 1558/1663/78
f 1580/1665/76 1577/5228/76 1551/1666/76
f 1572/1668/108 1554/5229/108 1568/1669/108
f 334/1671/74 1557/5230/74 1552/1672/74
f 1565/1674/72 1567/5231/72 1553/1675/72
f 336/1677/73 1560/5232/73 1550/1678/73
f 326/1680/109 325/5233/110 328/1681/110
f 324/5234/75 333/1685/75 337/1684/75
f 331/5235/75 321/5236/75 335/1683/75
f 335/1683/75 333/1685/75 331/5235/75
f 322/1686/111 330/5237/111 329/1687/111
f 1610/1689/72 1589/5238/72 1595/1690/72
f 1589/5239/72 1610/5240/72 1599/5241/72
f 1607/1693/72 1608/5242/72 1597/5243/72
f 1611/5244/72 1595/5245/72 1608/5242/72
f 1589/5239/72 1599/5241/72 1601/1692/72
f 1587/1694/72 1589/5239/72 1601/1692/72
f 1608/5242/72 1595/5245/72 1597/5243/72
f 1597/5243/72 1587/1694/72 1607/1693/72
f 1596/1695/107 1590/5246/107 1592/1696/107
f 1602/1698/78 1600/5247/78 2549/1699/78
f 1609/1701/76 1606/5248/76 1603/1702/76
f 1598/1704/108 1584/5249/108 1594/1705/108
f 352/1707/74 1005/5250/74 353/1708/74
f 1591/1710/72 1593/5251/72 1583/1711/72
f 2547/1713/73 1070/5252/73 1066/1714/73
f 344/1716/109 343/5253/110 346/1717/110
f 342/5254/75 351/1721/75 2550/1720/75
f 349/5255/75 339/5256/75 2545/1719/75
f 2545/1719/75 351/1721/75 349/5255/75
f 340/1722/111 348/5257/111 347/1723/111
f 1639/1725/72 1618/5258/72 1624/1726/72
f 1618/5259/72 1639/5260/72 1628/5261/72
f 1636/1729/72 1637/5262/72 1626/5263/72
f 1640/5264/72 1624/5265/72 1637/5262/72
f 1618/5259/72 1628/5261/72 1630/1728/72
f 1616/1730/72 1618/5259/72 1630/1728/72
f 1637/5262/72 1624/5265/72 1626/5263/72
f 1626/5263/72 1616/1730/72 1636/1729/72
f 1625/1731/107 1619/5266/107 1621/1732/107
f 1631/1734/78 1629/5267/78 2560/1735/78
f 1638/1737/76 1635/5268/76 1632/1738/76
f 1627/1740/108 1613/5269/108 1623/1741/108
f 367/1743/74 990/5270/74 368/1744/74
f 1620/1746/72 1622/5271/72 1612/1747/72
f 2557/1749/73 1053/5272/73 1049/1750/73
f 359/1752/109 358/5273/110 361/1753/110
f 357/5274/75 366/1757/75 2561/1756/75
f 364/5275/75 354/5276/75 2555/1755/75
f 2555/1755/75 366/1757/75 364/5275/75
f 355/1758/111 363/5277/111 362/1759/111
f 1645/1761/75 1643/5278/75 1655/1762/75
f 1664/1764/73 1652/5279/73 1644/1765/73
f 378/1767/112 1648/1770/113 1642/1768/113
f 1648/1770/113 1657/1772/114 1660/1771/114
f 1657/1772/114 1662/1774/115 1661/1773/115
f 1662/1774/115 1654/5280/116 1656/1775/116
f 376/5281/78 373/5282/78 381/1777/78
f 1651/1778/78 1649/5283/78 379/1776/78
f 1641/5284/78 379/1776/78 1649/5283/78
f 381/1777/78 383/5285/78 376/5281/78
f 373/5282/78 1651/1778/78 381/1777/78
f 1659/5286/76 1663/1780/76 380/5287/76
f 375/1781/76 374/5288/76 382/1779/76
f 384/5289/76 382/1779/76 374/5288/76
f 380/5287/76 1647/5290/76 1659/5286/76
f 1663/1780/76 382/1779/76 380/5287/76
f 1658/1782/74 1650/5291/74 372/1783/74
f 371/1785/117 378/1767/112 377/1769/112
f 1669/1787/75 1667/5292/75 1679/1788/75
f 1688/1790/73 1676/5293/73 1668/1791/73
f 394/1793/112 1672/1796/113 1666/1794/113
f 1672/1796/113 1681/1798/114 1684/1797/114
f 1681/1798/114 1686/1800/115 1685/1799/115
f 1686/1800/115 1678/5294/116 1680/1801/116
f 392/5295/78 389/5296/78 397/1803/78
f 1675/1804/78 1673/5297/78 395/1802/78
f 1665/5298/78 395/1802/78 1673/5297/78
f 397/1803/78 399/5299/78 392/5295/78
f 389/5296/78 1675/1804/78 397/1803/78
f 1683/5300/76 1687/1806/76 396/5301/76
f 391/1807/76 390/5302/76 398/1805/76
f 400/5303/76 398/1805/76 390/5302/76
f 396/5301/76 1671/5304/76 1683/5300/76
f 1687/1806/76 398/1805/76 396/5301/76
f 1682/1808/74 1674/5305/74 388/1809/74
f 387/1811/117 394/1793/112 393/1795/112
f 1693/1813/75 1691/5306/75 1703/1814/75
f 1712/1816/73 1700/5307/73 1692/1817/73
f 410/1819/112 1696/1822/113 1690/1820/113
f 1696/1822/113 1705/1824/114 1708/1823/114
f 1705/1824/114 1710/1826/115 1709/1825/115
f 1710/1826/115 1702/5308/116 1704/1827/116
f 408/5309/78 405/5310/78 413/1829/78
f 1699/1830/78 1697/5311/78 411/1828/78
f 1689/5312/78 411/1828/78 1697/5311/78
f 413/1829/78 415/5313/78 408/5309/78
f 405/5310/78 1699/1830/78 413/1829/78
f 1707/5314/76 1711/1832/76 412/5315/76
f 407/1833/76 406/5316/76 414/1831/76
f 416/5317/76 414/1831/76 406/5316/76
f 412/5315/76 1695/5318/76 1707/5314/76
f 1711/1832/76 414/1831/76 412/5315/76
f 1706/1834/74 1698/5319/74 404/1835/74
f 403/1837/117 410/1819/112 409/1821/112
f 1717/1839/75 1715/5320/75 1727/1840/75
f 1736/1842/73 1724/5321/73 1716/1843/73
f 426/1845/112 1720/1848/113 1714/1846/113
f 1720/1848/113 1729/1850/114 1732/1849/114
f 1729/1850/114 1734/1852/115 1733/1851/115
f 1734/1852/115 1726/5322/116 1728/1853/116
f 424/5323/78 421/5324/78 429/1855/78
f 1723/1856/78 1721/5325/78 427/1854/78
f 1713/5326/78 427/1854/78 1721/5325/78
f 429/1855/78 431/5327/78 424/5323/78
f 421/5324/78 1723/1856/78 429/1855/78
f 1731/5328/76 1735/1858/76 428/5329/76
f 423/1859/76 422/5330/76 430/1857/76
f 432/5331/76 430/1857/76 422/5330/76
f 428/5329/76 1719/5332/76 1731/5328/76
f 1735/1858/76 430/1857/76 428/5329/76
f 1730/1860/74 1722/5333/74 420/1861/74
f 419/1863/117 426/1845/112 425/1847/112
f 1892/1865/75 1753/5334/75 1743/1866/75
f 1739/1868/112 1740/1871/113 1738/1869/113
f 1740/1871/113 1745/1873/114 1750/1872/114
f 1745/1873/114 1752/1875/115 1751/1874/115
f 1752/1875/115 1742/5335/116 1744/1876/116
f 1748/1877/117 1739/1868/112 1737/1870/112
f 1884/1879/75 1775/5336/75 1765/1880/75
f 1761/1882/112 1762/1885/113 1760/1883/113
f 1762/1885/113 1767/1887/114 1772/1886/114
f 1767/1887/114 1774/1889/115 1773/1888/115
f 1774/1889/115 1764/5337/116 1766/1890/116
f 1770/1891/117 1761/1882/112 1759/1884/112
f 1880/1893/75 1795/5338/75 1785/1894/75
f 1781/1896/112 1782/1899/113 1780/1897/113
f 1782/1899/113 1787/1901/114 1792/1900/114
f 1787/1901/114 1794/1903/115 1793/1902/115
f 1794/1903/115 1784/5339/116 1786/1904/116
f 1790/1905/117 1781/1896/112 1779/1898/112
f 1891/1907/75 1813/5340/75 1803/1908/75
f 1799/1910/112 1800/1913/113 1798/1911/113
f 1800/1913/113 1805/1915/114 1810/1914/114
f 1805/1915/114 1812/1917/115 1811/1916/115
f 1812/1917/115 1802/5341/116 1804/1918/116
f 1808/1919/117 1799/1910/112 1797/1912/112
f 1820/1921/75 1775/5342/75 1884/1922/75
f 1818/1924/118 1819/1927/119 1817/1925/119
f 1819/1927/119 1824/1929/120 1829/1928/120
f 1824/1929/120 1831/1931/121 1830/1930/121
f 1831/1931/121 1821/5343/122 1823/1932/122
f 1827/1933/123 1818/1924/118 1816/1926/118
f 1836/1935/75 1755/5344/75 1894/1936/75
f 1834/1938/118 1835/1941/119 1833/1939/119
f 1835/1941/119 1840/1943/120 1845/1942/120
f 1840/1943/120 1847/1945/121 1846/1944/121
f 1847/1945/121 1837/5345/122 1839/1946/122
f 1843/1947/123 1834/1938/118 1832/1940/118
f 1852/1949/75 1813/5346/75 1891/1950/75
f 1850/1952/118 1851/1955/119 1849/1953/119
f 1851/1955/119 1856/1957/120 1861/1956/120
f 1856/1957/120 1863/1959/121 1862/1958/121
f 1863/1959/121 1853/5347/122 1855/1960/122
f 1859/1961/123 1850/1952/118 1848/1954/118
f 1868/1963/75 1795/5348/75 1880/1964/75
f 1866/1966/118 1867/1969/119 1865/1967/119
f 1867/1969/119 1872/1971/120 1877/1970/120
f 1872/1971/120 1879/1973/121 1878/1972/121
f 1879/1973/121 1869/5349/122 1871/1974/122
f 1875/1975/123 1866/1966/118 1864/1968/118
f 448/5350/78 1776/5351/78 453/1978/78
f 1882/1979/78 1769/5352/78 451/1977/78
f 449/5353/78 451/1977/78 1769/5352/78
f 453/1978/78 455/5354/78 448/5350/78
f 1776/5351/78 1882/1979/78 453/1978/78
f 1895/1980/74 532/5355/74 1791/1981/74
f 484/5356/76 1885/5357/76 489/1984/76
f 1778/1985/76 1826/5358/76 487/1983/76
f 485/5359/76 487/1983/76 1826/5358/76
f 489/1984/76 491/5360/76 484/5356/76
f 1885/5357/76 1778/1985/76 489/1984/76
f 1757/1986/74 1889/5361/74 1844/1987/74
f 520/5362/76 530/1993/76 525/1990/76
f 1881/1991/76 1874/5363/76 523/1989/76
f 521/5364/76 523/1989/76 1874/5363/76
f 525/1990/76 527/5365/76 520/5362/76
f 530/1993/76 1881/1991/76 525/1990/76
f 458/5366/76 1881/1991/76 464/5367/76
f 530/1993/76 459/5368/76 466/1992/76
f 468/5369/76 466/1992/76 459/5368/76
f 464/5367/76 462/5370/76 458/5366/76
f 1881/1991/76 466/1992/76 464/5367/76
f 494/5371/78 1890/1995/78 500/5372/78
f 1754/1996/78 495/5373/78 502/1994/78
f 504/5374/78 502/1994/78 495/5373/78
f 500/5372/78 498/5375/78 494/5371/78
f 1890/1995/78 502/1994/78 500/5372/78
f 1756/1997/74 1749/5376/74 1747/1998/74
f 460/5377/78 1796/5378/78 465/2001/78
f 1896/2002/78 457/5379/78 463/2000/78
f 461/5380/78 463/2000/78 457/5379/78
f 465/2001/78 467/5381/78 460/5377/78
f 1796/5378/78 1896/2002/78 465/2001/78
f 1815/2003/74 1809/5382/74 1807/2004/74
f 496/5383/76 1893/5384/76 501/2007/76
f 1758/2008/76 493/5385/76 499/2006/76
f 497/5386/76 499/2006/76 493/5385/76
f 501/2007/76 503/5387/76 496/5383/76
f 1893/5384/76 1758/2008/76 501/2007/76
f 1815/2009/74 1886/5388/74 1860/2010/74
f 434/5389/76 531/2013/76 440/5390/76
f 541/2014/76 435/5391/76 442/2012/76
f 444/5392/76 442/2012/76 435/5391/76
f 440/5390/76 438/5393/76 434/5389/76
f 531/2013/76 442/2012/76 440/5390/76
f 470/5394/76 529/2016/76 476/5395/76
f 539/2017/76 471/5396/76 478/2015/76
f 480/5397/76 478/2015/76 471/5396/76
f 476/5395/76 474/5398/76 470/5394/76
f 529/2016/76 478/2015/76 476/5395/76
f 506/5399/78 1887/2019/78 512/5400/78
f 1814/2020/78 507/5401/78 514/2018/78
f 516/5402/78 514/2018/78 507/5401/78
f 512/5400/78 510/5403/78 506/5399/78
f 1887/2019/78 514/2018/78 512/5400/78
f 436/5404/78 544/5405/78 441/2022/78
f 538/2023/78 433/5406/78 439/2021/78
f 437/5407/78 439/2021/78 433/5406/78
f 441/2022/78 443/5408/78 436/5404/78
f 544/5405/78 538/2023/78 441/2022/78
f 1777/2024/74 1771/5409/74 445/2025/74
f 472/5410/78 542/5411/78 477/2028/78
f 536/2029/78 469/5412/78 475/2027/78
f 473/5413/78 475/2027/78 469/5412/78
f 477/2028/78 479/5414/78 472/5410/78
f 542/5411/78 536/2029/78 477/2028/78
f 1777/2030/74 1883/5415/74 1828/2031/74
f 508/5416/76 539/2017/76 513/2034/76
f 529/2016/76 505/5417/76 511/2033/76
f 509/5418/76 511/2033/76 505/5417/76
f 513/2034/76 515/5419/76 508/5416/76
f 539/2017/76 529/2016/76 513/2034/76
f 1876/5420/78 543/2036/78 524/5421/78
f 533/2037/78 519/5422/78 526/2035/78
f 528/5423/78 526/2035/78 519/5422/78
f 524/5421/78 522/5424/78 1876/5420/78
f 543/2036/78 526/2035/78 524/5421/78
f 446/5425/76 540/2039/76 452/5426/76
f 535/2040/76 447/5427/76 454/2038/76
f 456/5428/76 454/2038/76 447/5427/76
f 452/5426/76 450/5429/76 446/5425/76
f 540/2039/76 454/2038/76 452/5426/76
f 532/2041/74 1895/5430/74 518/2042/74
f 482/5431/78 534/2045/78 488/5432/78
f 537/2046/78 483/5433/78 490/2044/78
f 492/5434/78 490/2044/78 483/5433/78
f 488/5432/78 486/5435/78 482/5431/78
f 534/2045/78 490/2044/78 488/5432/78
f 1899/5436/78 1907/2049/78 1905/2048/78
f 1903/5437/78 1907/2049/78 1901/5438/78
f 1910/2047/78 1909/5439/78 1905/2048/78
f 1905/2048/78 1897/5440/78 1899/5436/78
f 1901/5438/78 1907/2049/78 1899/5436/78
f 1917/5441/76 1915/5442/76 1921/2051/76
f 1913/2052/76 1911/5443/76 1919/2050/76
f 1919/2050/76 1923/5444/76 1924/5445/76
f 1924/5445/76 1921/2051/76 1919/2050/76
f 1915/5442/76 1913/2052/76 1921/2051/76
f 551/2053/124 559/2063/124 1920/2054/125
f 549/2056/74 557/5446/74 1912/2057/74
f 1902/2059/75 1916/5447/75 1918/2060/75
f 552/2062/126 560/2074/126 559/2063/124
f 548/2064/73 556/5448/73 1922/2065/73
f 1900/2067/127 1914/5449/127 555/2068/127
f 545/2070/72 553/5450/72 554/2071/72
f 550/2073/128 558/5451/128 560/2074/126
f 1927/5452/78 1935/2077/78 1933/2076/78
f 1931/5453/78 1935/2077/78 1929/5454/78
f 1938/2075/78 1937/5455/78 1933/2076/78
f 1933/2076/78 1925/5456/78 1927/5452/78
f 1929/5454/78 1935/2077/78 1927/5452/78
f 1945/5457/76 1943/5458/76 1949/2079/76
f 1941/2080/76 1939/5459/76 1947/2078/76
f 1947/2078/76 1951/5460/76 1952/5461/76
f 1952/5461/76 1949/2079/76 1947/2078/76
f 1943/5458/76 1941/2080/76 1949/2079/76
f 567/2081/124 575/2091/124 1948/2082/125
f 565/2084/74 573/5462/74 1940/2085/74
f 1930/2087/75 1944/5463/75 1946/2088/75
f 568/2090/126 576/2102/126 575/2091/124
f 564/2092/73 572/5464/73 1950/2093/73
f 1928/2095/127 1942/5465/127 571/2096/127
f 561/2098/72 569/5466/72 570/2099/72
f 566/2101/128 574/5467/128 576/2102/126
f 1955/5468/76 1963/2105/76 1961/2104/76
f 1959/5469/76 1963/2105/76 1957/5470/76
f 1966/2103/76 1965/5471/76 1961/2104/76
f 1961/2104/76 1953/5472/76 1955/5468/76
f 1957/5470/76 1963/2105/76 1955/5468/76
f 1973/5473/78 1971/5474/78 1977/2107/78
f 1969/2108/78 1967/5475/78 1975/2106/78
f 1975/2106/78 1979/5476/78 1980/5477/78
f 1980/5477/78 1977/2107/78 1975/2106/78
f 1971/5474/78 1969/2108/78 1977/2107/78
f 583/2109/129 591/2119/129 1976/2110/130
f 581/2112/75 589/5478/75 1968/2113/75
f 1958/2115/74 1972/5479/74 1974/2116/74
f 584/2118/131 592/2130/131 591/2119/129
f 580/2120/73 588/5480/73 1978/2121/73
f 1956/2123/132 1970/5481/132 587/2124/132
f 577/2126/72 585/5482/72 586/2127/72
f 582/2129/133 590/5483/133 592/2130/131
f 1983/5484/76 1991/2133/76 1989/2132/76
f 1987/5485/76 1991/2133/76 1985/5486/76
f 1994/2131/76 1993/5487/76 1989/2132/76
f 1989/2132/76 1981/5488/76 1983/5484/76
f 1985/5486/76 1991/2133/76 1983/5484/76
f 2001/5489/78 1999/5490/78 2005/2135/78
f 1997/2136/78 1995/5491/78 2003/2134/78
f 2003/2134/78 2007/5492/78 2008/5493/78
f 2008/5493/78 2005/2135/78 2003/2134/78
f 1999/5490/78 1997/2136/78 2005/2135/78
f 599/2137/129 607/2147/129 2004/2138/130
f 597/2140/75 605/5494/75 1996/2141/75
f 1986/2143/74 2000/5495/74 2002/2144/74
f 600/2146/131 608/2158/131 607/2147/129
f 596/2148/73 604/5496/73 2006/2149/73
f 595/2151/132 1984/5497/132 1998/2152/132
f 593/2154/72 601/5498/72 602/2155/72
f 598/2157/133 606/5499/133 608/2158/131
f 4497/2631/185 4225/5500/186 4129/2632/186
f 784/2634/187 4210/2640/190 4475/2635/188
f 4241/2637/190 4243/2912/315 825/2638/191
f 4210/2640/190 4212/2905/315 745/2641/191
f 4182/2642/192 4470/5501/359 4205/2643/193
f 773/2645/195 4149/2690/237 763/2646/196
f 4501/2648/198 874/5502/198 4223/2649/199
f 4156/2651/200 4158/5503/360 780/2652/201
f 891/2654/203 826/5504/361 4471/2655/204
f 750/2653/202 780/2652/201 4134/2657/206
f 887/2659/185 4460/2759/185 4142/2660/208
f 4196/2662/209 4191/5505/362 764/2663/210
f 4143/2665/212 4141/2914/301 4207/2666/213
f 4468/2670/217 4467/5506/363 4208/2668/215
f 4174/2915/267 774/2916/269 4467/5506/363
f 4209/2669/216 4477/2900/299 4468/2670/217
f 774/2916/269 4208/2668/215 4467/5506/363
f 800/5507/364 4468/2670/217 4477/2900/299
f 881/2671/218 4465/2680/227 4162/2672/219
f 777/2674/221 776/5508/365 4126/2675/222
f 4126/2675/222 776/5508/365 775/2677/224
f 4245/2679/226 834/5509/366 4465/2680/227
f 775/2677/224 773/2645/195 4140/2647/197
f 871/2681/228 4500/5510/367 4232/2682/229
f 4154/2684/231 4173/2752/266 4172/2685/232
f 4233/2687/234 4234/2713/251 849/2688/235
f 4149/2690/237 4150/5511/368 4197/2691/238
f 4232/2682/229 4487/5512/369 875/2692/239
f 4195/2693/240 785/5513/370 786/2694/241
f 893/2698/245 875/2692/239 4487/5512/369
f 4235/2696/243 4236/5514/371 896/2697/244
f 893/2698/245 4487/5512/369 4235/2696/243
f 4228/2699/209 4231/5515/362 844/2700/210
f 4202/2702/231 4483/2739/266 4492/2703/232
f 4198/2695/242 786/2694/241 4219/2705/246
f 4229/2707/240 4187/5516/370 4189/2708/241
f 4476/2664/211 764/2663/210 762/2710/248
f 851/2712/250 849/2688/235 4234/2713/251
f 4204/2715/200 4206/5517/360 860/2716/201
f 835/2718/253 836/2855/308 4128/2719/254
f 4502/2723/258 4500/5510/367 870/2721/256
f 871/2681/228 870/2721/256 4500/5510/367
f 4217/2722/257 4218/2673/220 4162/2672/219
f 4163/5518/372 4502/2723/258 4217/2722/257
f 4217/2722/257 4162/2672/219 4163/5518/372
f 4136/2724/259 777/2674/221 755/2676/223
f 850/2726/247 4246/2775/246 868/2727/261
f 4464/2729/194 4121/5519/373 4123/2730/263
f 4125/2732/253 4144/2909/308 4124/2733/254
f 4479/2735/186 4250/5520/186 884/2736/264
f 4123/2730/263 4121/5519/373 4122/2734/255
f 4203/2738/265 828/5521/374 4483/2739/266
f 4192/2740/229 767/5522/369 4216/2741/239
f 869/2743/267 4222/2904/310 4188/2744/268
f 812/2746/270 4456/2839/301 4159/2747/213
f 4251/2749/271 4505/2656/205 4471/2655/204
f 4155/2751/265 4463/5523/374 4173/2752/266
f 4472/2753/273 4473/2836/274 4221/2754/274
f 753/2725/260 752/2658/207 4134/2657/206
f 833/2756/260 4184/2918/207 859/2757/206
f 887/2659/185 4250/5520/186 4479/2735/186
f 4242/2760/187 4241/2637/190 822/2639/188
f 4127/2762/263 832/5524/373 4458/2720/255
f 4461/2731/192 748/5525/359 747/2763/193
f 863/2764/275 864/5526/375 820/5527/376
f 820/5527/376 817/2765/276 863/2764/275
f 4143/2665/212 862/2667/214 817/2765/276
f 768/2766/234 4199/2773/251 4194/2767/235
f 4469/2769/237 865/5528/368 4230/2770/238
f 771/2772/250 4194/2767/235 4199/2773/251
f 848/2709/242 4189/2708/241 4246/2775/246
f 795/2776/198 794/5529/198 793/2777/277
f 4166/2779/273 791/2799/274 789/2780/274
f 4167/2782/278 4166/2779/273 796/2781/273
f 4133/2784/279 4148/2803/279 4147/2785/280
f 4489/2787/281 4171/2801/282 4180/2788/282
f 4489/2787/281 4181/2789/281 4177/2790/264
f 738/2792/283 4132/5530/280 4147/2793/280
f 4185/2795/284 794/5529/198 795/2776/198
f 816/2797/285 815/5531/285 4185/2795/284
f 4176/2798/286 789/2780/274 791/2799/274
f 4171/2801/282 4167/2782/278 797/2783/278
f 4133/2784/279 4481/5532/287 4457/2802/287
f 801/2804/218 756/2815/227 4145/2805/219
f 4129/2632/186 4225/5500/186 804/2791/264
f 770/2706/247 4219/2705/246 788/2807/261
f 843/2701/211 844/2700/210 842/2809/248
f 4508/2811/279 892/2864/279 4179/2812/280
f 4224/2814/226 754/5533/366 756/2815/227
f 818/2818/290 823/5534/377 824/2816/288
f 824/2816/288 826/5504/361 4153/2817/289
f 891/2654/203 4153/2817/289 826/5504/361
f 751/2819/291 754/5533/366 805/2820/292
f 4224/2814/226 805/2820/292 754/5533/366
f 807/2852/271 749/2821/272 805/2820/292
f 742/2686/233 4172/2685/232 743/2822/293
f 4240/2824/295 882/2830/298 857/2825/296
f 4137/2829/258 4190/5535/367 790/2827/256
f 4168/2834/228 790/2827/256 4190/5535/367
f 798/2828/257 799/2806/220 4145/2805/219
f 759/5536/378 4137/2829/258 798/2828/257
f 798/2828/257 4145/2805/219 759/5536/378
f 830/2644/194 832/5524/373 4127/2762/263
f 882/2830/298 880/5537/364 4248/2831/299
f 4496/2704/233 4492/2703/232 4491/2832/293
f 4168/2834/228 4190/5535/367 4192/2740/229
f 873/2835/286 4221/2754/274 4473/2836/274
f 808/2838/300 4135/2910/302 4159/2747/213
f 886/2842/303 4240/2824/295 858/2826/297
f 4160/5538/379 4161/2840/302 886/2842/303
f 886/2842/303 858/2826/297 4160/5538/379
f 4507/2758/259 4249/2871/221 4459/2843/223
f 4244/2844/281 879/2917/282 4227/2845/282
f 787/2847/304 4478/5539/380 814/2848/305
f 4466/2878/309 814/2848/305 4478/5539/380
f 4186/2849/306 4220/5540/381 787/2847/304
f 4485/2850/284 874/5502/198 4501/2648/198
f 807/2852/271 4480/2857/205 4462/2853/204
f 4506/2854/307 838/2898/312 836/2855/308
f 811/2856/203 746/5541/361 4462/2853/204
f 867/2858/304 866/5542/380 894/2859/305
f 4484/2903/309 894/2859/305 866/5542/380
f 4488/2860/306 4247/5543/381 867/2858/304
f 783/2861/275 4211/5544/375 4146/5545/376
f 4146/5545/376 737/2862/276 783/2861/275
f 812/2746/270 782/2748/214 737/2862/276
f 4508/2811/279 890/5546/287 889/2863/287
f 813/2867/245 4216/2741/239 767/5522/369
f 769/2865/243 4201/5547/371 4215/2866/244
f 813/2867/245 767/5522/369 769/2865/243
f 837/2868/222 856/5548/365 4238/2869/224
f 4249/2871/221 856/5548/365 837/2868/222
f 4152/2872/283 819/5549/280 4179/2873/280
f 877/2877/217 876/5550/363 853/2875/215
f 869/2743/267 854/2745/269 876/5550/363
f 855/2876/216 4248/2831/299 877/2877/217
f 854/2745/269 853/2875/215 876/5550/363
f 880/5537/364 877/2877/217 4248/2831/299
f 4244/2844/281 4239/2846/281 883/2737/264
f 4466/2878/309 4478/5539/380 4151/2879/268
f 839/2881/311 4164/5551/382 4165/2810/249
f 4131/2884/290 4213/5552/377 744/2882/288
f 744/2882/288 746/5541/361 739/2883/289
f 811/2856/203 739/2883/289 746/5541/361
f 4494/2885/285 895/5553/285 4485/2850/284
f 757/2886/307 4139/5554/382 4138/2887/311
f 831/2889/291 834/5509/366 885/2890/292
f 4245/2679/226 885/2890/292 834/5509/366
f 4251/2749/271 829/2750/272 885/2890/292
f 4237/2891/195 4469/2769/237 4503/2771/196
f 845/2893/313 4233/2687/234 847/2689/236
f 803/2895/295 802/2899/298 4482/2896/296
f 4506/2854/307 4164/5551/382 839/2881/311
f 802/2899/298 800/5507/364 4477/2900/299
f 765/2901/313 768/2766/234 4193/2768/236
f 4484/2903/309 866/5542/380 4188/2744/268
f 4212/2905/315 781/5555/383 4157/2906/316
f 878/2907/278 4472/2753/273 4486/2755/273
f 757/2886/307 758/2888/312 4144/2909/308
f 806/2911/303 803/2895/295 778/2897/297
f 779/5556/379 4135/2910/302 806/2911/303
f 806/2911/303 778/2897/297 779/5556/379
f 4243/2912/315 861/5557/384 827/2913/316
f 4138/2887/311 4139/5554/382 761/2711/249
f 888/2841/300 4161/2840/302 4207/2666/213
f 4174/2915/267 4175/2880/310 4151/2879/268
f 879/2917/282 878/2907/278 4226/2908/278
f 4183/2717/202 860/2716/201 859/2757/206
f 4238/2869/224 4237/2891/195 841/2892/197
f 4497/2631/185 4130/2633/185 809/2919/208
f 2361/2921/73 2353/5558/73 2354/2922/73
f 2365/2924/72 2363/5559/72 2364/2925/72
f 897/2927/73 898/5560/73 2359/2928/73
f 912/2930/74 2355/5561/74 903/2931/74
f 904/2933/74 910/5562/74 2366/2934/74
f 2357/2936/75 2358/5563/75 2367/2937/75
f 2362/2939/75 2368/5564/75 902/2940/75
f 899/2942/72 906/5565/72 905/2943/72
f 928/2945/73 2381/5566/73 2371/2946/73
f 913/2948/74 921/5567/74 922/2949/74
f 2375/2951/75 919/5568/75 2377/2952/75
f 2379/2954/72 2376/5569/72 920/2955/72
f 921/2957/74 2373/5570/74 916/2958/74
f 924/2959/75 923/5571/75 2369/2960/75
f 915/2962/72 926/5572/72 2380/2963/72
f 917/2965/73 927/5573/73 2382/2966/73
f 2389/2968/73 2383/5574/73 2384/2969/73
f 2393/2971/72 2391/5575/72 2392/2972/72
f 929/2974/73 930/5576/73 2387/2975/73
f 944/2977/74 936/5577/74 935/2978/74
f 936/2980/74 942/5578/74 2394/2981/74
f 2385/2982/75 2386/5579/75 2395/2983/75
f 2390/2985/75 2396/5580/75 934/2986/75
f 931/2988/72 938/5581/72 937/2989/72
f 2398/2991/78 2401/5582/78 2404/2992/78
f 2408/2994/76 2406/5583/76 2409/2995/76
f 2424/2997/74 2410/5584/74 2405/2998/74
f 2562/3000/78 2414/5585/78 2420/3001/78
f 2423/3003/76 2417/5586/76 2563/3004/76
f 2402/3006/75 2421/5587/75 2413/3007/75
f 947/3009/78 2403/5588/78 2415/3010/78
f 2418/3012/76 2407/5589/76 951/3013/76
f 952/3015/73 948/5590/73 946/3016/73
f 957/3018/78 2422/5591/78 2400/3019/78
f 2411/3021/76 2425/5592/76 959/3022/76
f 958/3024/72 960/5593/72 955/3025/72
f 2428/3027/78 2430/5594/78 2432/3028/78
f 2433/3030/76 2434/5595/76 2436/3031/76
f 2437/3033/78 2438/5596/78 2441/3034/78
f 2443/3036/76 2564/5597/76 971/3037/76
f 2431/3039/78 2439/5598/78 969/3040/78
f 2564/3042/76 2433/5599/76 967/3043/76
f 970/3045/73 966/5600/73 964/3046/73
f 973/3048/78 2442/5601/78 2429/3049/78
f 2435/3051/76 2444/5602/76 975/3052/76
f 976/3054/72 1024/5603/72 972/3055/72
f 2446/3057/75 2448/5604/75 979/3058/75
f 2451/3060/74 2452/5605/74 981/3061/74
f 2449/3063/72 2447/5606/72 2453/3064/72
f 985/3066/75 2455/5607/75 2460/3067/75
f 2458/3069/74 2457/5608/74 1634/3070/74
f 2461/3072/73 2454/5609/73 2456/3073/73
f 979/3075/75 2448/5610/75 2455/3076/75
f 1634/3078/74 2457/5611/74 2451/3079/74
f 986/3081/78 980/5612/78 984/3082/78
f 988/3084/75 2460/5613/75 2446/3085/75
f 2452/3087/74 2458/5614/74 2556/3088/74
f 978/3090/76 989/5615/76 991/3091/76
f 2462/3093/75 2464/5616/75 994/3094/75
f 2467/3096/74 2468/5617/74 996/3097/74
f 2465/3099/72 2463/5618/72 2469/3100/72
f 1000/3102/75 2471/5619/75 2476/3103/75
f 2546/3105/74 2474/5620/74 2473/3106/74
f 2477/3108/73 2470/5621/73 2472/3109/73
f 2464/3111/75 2471/5622/75 1000/3112/75
f 1605/3114/74 2473/5623/74 2467/3115/74
f 1001/3117/78 995/5624/78 999/3118/78
f 1003/3120/75 2476/5625/75 2462/3121/75
f 2468/3123/74 2474/5626/74 2546/3124/74
f 993/3126/76 1004/5627/76 1006/3127/76
f 2478/3129/76 2480/5628/76 2483/3130/76
f 2485/3132/78 2488/5629/78 1011/3133/78
f 2498/3135/75 2481/5630/75 2479/3136/75
f 2497/3138/76 2494/5631/76 2490/3139/76
f 1017/3141/78 2493/5632/78 2499/3142/78
f 2484/3144/74 2489/5633/74 2495/3145/74
f 2482/3147/76 2496/5634/76 1019/3148/76
f 1021/3150/78 2500/5635/78 2486/3151/78
f 1010/3153/73 1014/5636/73 1012/3154/73
f 1015/3156/76 2490/5637/76 2478/3157/76
f 2488/3159/78 2493/5638/78 1017/3160/78
f 1020/3162/72 1022/5639/72 1016/3163/72
f 2502/3165/76 2503/5640/76 1025/3166/76
f 2504/3168/78 2505/5641/78 1027/3169/78
f 2508/3171/76 2506/5642/76 1031/3172/76
f 1033/3174/78 2507/5643/78 2509/3175/78
f 2503/3177/76 2508/5644/76 1035/3178/76
f 1037/3180/78 2509/5645/78 2504/3181/78
f 1028/3183/73 1030/5646/73 962/3184/73
f 1031/3186/76 2506/5647/76 2502/3187/76
f 2505/3189/78 2507/5648/78 1033/3190/78
f 1036/3192/72 1038/5649/72 1032/3193/72
f 2510/3195/74 2512/5650/74 1041/3196/74
f 2515/3198/75 2516/5651/75 1043/3199/75
f 2513/3201/72 2511/5652/72 2517/3202/72
f 2522/3204/74 2518/5653/74 1047/3205/74
f 2521/3207/75 2525/5654/75 2559/3208/75
f 2519/3210/73 2523/5655/73 2524/3211/73
f 2512/3213/74 2522/5656/74 1051/3214/74
f 2559/3216/75 2525/5657/75 2515/3217/75
f 1052/3219/76 1042/5658/76 1046/3220/76
f 1047/3222/74 2518/5659/74 2510/3223/74
f 2516/3225/75 2521/5660/75 2553/3226/75
f 1040/3228/78 1048/5661/78 1050/3229/78
f 2526/3231/74 2528/5662/74 1057/3232/74
f 2531/3234/75 2534/5663/75 1059/3235/75
f 2529/3237/72 2527/5664/72 2535/3238/72
f 2565/3240/74 2536/5665/74 1063/3241/74
f 2543/3243/75 2539/5666/75 2540/3244/75
f 2537/3246/73 2566/5667/73 2541/3247/73
f 2528/3249/74 2565/5668/74 1068/3250/74
f 2552/3252/75 2542/5669/75 2532/3253/75
f 1069/3255/76 1058/5670/76 1062/3256/76
f 1063/3258/74 2536/5671/74 2526/3259/74
f 2534/3261/75 2539/5672/75 2543/3262/75
f 1056/3264/78 1064/5673/78 1067/3265/78
f 4252/3267/317 4509/5674/317 4511/3268/317
f 4510/3273/320 4512/5675/320 4514/3274/320
f 4513/3277/322 4516/5676/385 4517/3278/322
f 1078/3281/324 4257/5677/325 4259/3282/325
f 1081/3286/329 1080/5678/329 4256/3287/329
f 4260/3289/330 1082/5679/330 1071/3290/330
f 1085/3292/317 4119/5680/386 1086/3293/317
f 4120/3298/320 4116/5681/320 1088/3299/320
f 4117/3302/322 4113/5682/322 4111/3303/322
f 4114/3306/325 4110/5683/324 4109/3307/325
f 4262/3311/329 1093/5684/329 4107/3312/329
f 1096/3314/330 1095/5685/330 1084/3315/330
f 1098/3317/317 4264/5686/334 4518/3318/317
f 4519/3323/320 4521/5687/320 4523/3324/320
f 4522/3327/322 4525/5688/332 4526/3328/332
f 1104/3331/324 4269/5689/325 4271/3332/325
f 1106/3336/329 4268/5690/329 1109/3337/329
f 4272/3339/330 1108/5691/330 1097/3340/330
f 1111/3342/317 4273/5692/334 4527/3343/317
f 1113/3348/320 4528/5693/320 4530/3349/320
f 4531/3352/322 4534/5694/332 4535/3353/322
f 1117/3356/325 4278/5695/325 4280/3357/325
f 1119/3361/329 4277/5696/329 1122/3362/329
f 4281/3364/333 1121/5697/333 1110/3365/333
f 4282/3367/317 4536/5698/317 4538/3368/317
f 4537/3373/320 4539/5699/320 4541/3374/320
f 1128/3377/322 4540/5700/322 4543/3378/322
f 1130/3381/325 4287/5701/325 4289/3382/325
f 1132/3386/329 4286/5702/329 1135/3387/329
f 4290/3389/330 1134/5703/330 1123/3390/330
f 1137/3392/334 4291/5704/334 4545/3393/317
f 1139/3398/320 4546/5705/320 4548/3399/320
f 1141/3402/322 4549/5706/322 4552/3403/322
f 1143/3406/325 4296/5707/325 4298/3407/325
f 1145/3411/329 4295/5708/329 1148/3412/329
f 4299/3414/333 1147/5709/333 1136/3415/330
f 1150/3417/317 4300/5710/334 4554/3418/317
f 1152/3423/320 4555/5711/320 4557/3424/320
f 4558/3427/322 4561/5712/332 4562/3428/322
f 1156/3431/324 4305/5713/325 4307/3432/325
f 1158/3436/329 4304/5714/329 1161/3437/329
f 4308/3439/333 1160/5715/330 1149/3440/333
f 1163/3442/317 4309/5716/334 4563/3443/317
f 4564/3448/320 4566/5717/320 4568/3449/320
f 4567/3452/322 4570/5718/332 4571/3453/332
f 1169/3456/324 4314/5719/324 4316/3457/324
f 1171/3461/329 4313/5720/329 1174/3462/329
f 4317/3464/333 1173/5721/333 1162/3465/333
f 1176/3467/317 4318/5722/334 4572/3468/317
f 1178/3473/320 4573/5723/320 4575/3474/320
f 1180/3477/322 4576/5724/322 4579/3478/322
f 1182/3481/324 4323/5725/325 4325/3482/325
f 1184/3486/329 4322/5726/329 1187/3487/329
f 4326/3489/330 1186/5727/330 1175/3490/333
f 1189/3492/317 4327/5728/386 4581/3493/317
f 4582/3498/320 4584/5729/320 4586/3499/320
f 4585/3502/322 4588/5730/322 4589/3503/322
f 1195/3506/324 4332/5731/324 4334/3507/324
f 1197/3511/329 4331/5732/329 1200/3512/329
f 4335/3514/333 1199/5733/333 1188/3515/333
f 4336/3517/317 4590/5734/334 4592/3518/334
f 4591/3523/320 4593/5735/320 4595/3524/320
f 4594/3527/322 4597/5736/332 4598/3528/322
f 1208/3531/324 4341/5737/325 4343/3532/325
f 1210/3536/329 4340/5738/329 1213/3537/329
f 4344/3539/333 1212/5739/333 1201/3540/333
f 1215/3542/317 4345/5740/386 4599/3543/317
f 4600/3548/320 4602/5741/320 4604/3549/320
f 4603/3552/322 4606/5742/322 4607/3553/322
f 1221/3556/324 4350/5743/324 4352/3557/324
f 1224/3561/329 1223/5744/329 4349/3562/329
f 4353/3564/333 1225/5745/333 1214/3565/333
f 4610/3567/335 4608/5746/335 4354/3568/335
f 4613/3573/339 4611/5747/339 4609/3574/339
f 1232/3577/341 4616/5748/387 4615/3578/341
f 4361/3581/343 4359/5749/343 1234/3582/344
f 1237/3586/347 1239/5750/347 4358/3587/347
f 4356/3589/348 1227/5751/388 1238/3590/348
f 1243/3592/335 1242/5752/335 4104/3593/335
f 4105/3598/339 1245/5753/339 1244/3599/339
f 4102/3602/341 1248/5754/389 4096/3603/341
f 4099/3606/343 1250/5755/343 4094/3607/343
f 4364/3611/347 4365/5756/347 4092/3612/347
f 1241/3614/349 1240/5757/388 1251/3615/348
f 1254/3617/335 4619/5758/335 4617/3618/335
f 4622/3623/339 4620/5759/339 4618/3624/339
f 4625/3627/351 4624/5760/351 4621/3628/341
f 4373/3631/343 4371/5761/343 1260/3632/344
f 1263/3636/347 1265/5762/347 4370/3637/347
f 4374/3639/348 4368/5763/348 1253/3640/348
f 1267/3642/335 4628/5764/335 4626/3643/335
f 1269/3648/339 4631/5765/339 4629/3649/339
f 4634/3652/341 4633/5766/351 4630/3653/341
f 4382/3656/343 4380/5767/343 1273/3657/343
f 1278/3661/347 4379/5768/347 1275/3662/347
f 4383/3664/349 4377/5769/348 1266/3665/349
f 1280/3667/335 4637/5770/335 4635/3668/335
f 4640/3673/339 4638/5771/339 4636/3674/339
f 1284/3677/341 4643/5772/341 4642/3678/341
f 1287/3681/344 4391/5773/343 4389/3682/343
f 1289/3686/347 1291/5774/347 4388/3687/347
f 4392/3689/348 4386/5775/348 1279/3690/348
f 1293/3692/350 4646/5776/335 4644/3693/335
f 1295/3698/339 4649/5777/339 4647/3699/339
f 1297/3702/341 4652/5778/341 4651/3703/341
f 4400/3706/343 4398/5779/343 1299/3707/343
f 1304/3711/347 4397/5780/347 1301/3712/347
f 4401/3714/349 4395/5781/348 1292/3715/348
f 1306/3717/335 4655/5782/335 4653/3718/335
f 1308/3723/339 4658/5783/339 4656/3724/339
f 4661/3727/341 4660/5784/351 4657/3728/341
f 4409/3731/343 4407/5785/343 1312/3732/344
f 1317/3736/347 4406/5786/347 1314/3737/347
f 4410/3739/349 4404/5787/349 1305/3740/349
f 1319/3742/335 4664/5788/335 4662/3743/335
f 4667/3748/339 4665/5789/339 4663/3749/339
f 4670/3752/351 4669/5790/351 4666/3753/341
f 4418/3756/344 4416/5791/344 1325/3757/344
f 1330/3761/347 4415/5792/347 1327/3762/347
f 4419/3764/349 4413/5793/348 1318/3765/349
f 1332/3767/335 4673/5794/335 4671/3768/335
f 1334/3773/339 4676/5795/339 4674/3774/339
f 1336/3777/341 4679/5796/341 4678/3778/341
f 4427/3781/343 4425/5797/343 1338/3782/344
f 1343/3786/347 4424/5798/347 1340/3787/347
f 4428/3789/348 4422/5799/349 1331/3790/349
f 1345/3792/335 4682/5800/335 4680/3793/335
f 4685/3798/339 4683/5801/339 4681/3799/339
f 4688/3802/341 4687/5802/341 4684/3803/351
f 4436/3806/344 4434/5803/344 1351/3807/344
f 1356/3811/347 4433/5804/347 1353/3812/347
f 4437/3814/349 4431/5805/349 1344/3815/349
f 1358/3817/335 4691/5806/335 4689/3818/335
f 4694/3823/339 4692/5807/339 4690/3824/339
f 4697/3827/341 4696/5808/351 4693/3828/341
f 4445/3831/343 4443/5809/343 1364/3832/344
f 1369/3836/347 4442/5810/347 1366/3837/347
f 4446/3839/349 4440/5811/348 1357/3840/349
f 1371/3842/335 4700/5812/335 4698/3843/335
f 4703/3848/339 4701/5813/339 4699/3849/339
f 4706/3852/341 4705/5814/341 4702/3853/351
f 4454/3856/344 4452/5815/344 1377/3857/344
f 1380/3861/347 1382/5816/347 4451/3862/347
f 4455/3864/349 4449/5817/349 1370/3865/349
f 4866/3867/353 4865/5818/353 4744/3868/353
f 4868/3873/356 4867/5819/356 4709/3874/356
f 4859/3876/357 4894/5820/357 4893/3877/357
f 4788/3879/357 4787/5821/357 2568/3880/357
f 2597/3882/75 4754/5822/75 4895/3883/75
f 4892/3885/357 4891/5823/357 4708/3886/357
f 2754/3888/74 2755/5824/74 4899/3889/74
f 4724/3891/356 4856/5825/356 4855/3892/356
f 4834/3894/354 4833/5826/354 4857/3895/354
f 4862/3897/354 4861/5827/354 4727/3898/354
f 4903/3900/74 4904/5828/74 4851/3901/74
f 4885/3905/74 4886/5829/74 4890/3903/74
f 2573/5830/74 4890/3903/74 4886/5829/74
f 4836/3906/354 4835/5831/354 4785/3907/354
f 4846/3909/357 4845/5832/357 4762/3910/357
f 4848/3912/354 4847/5833/354 4741/3913/354
f 4759/3915/357 2766/5834/357 2765/3916/357
f 4804/3918/356 4854/5835/356 4853/3919/356
f 4863/3924/353 4774/5836/353 4773/3925/353
f 4880/3927/75 2593/5837/75 4878/3928/75
f 4818/3930/353 4817/5838/353 4882/3931/353
f 4771/3933/353 4822/5839/353 4821/3934/353
f 4720/3936/356 4832/5840/356 4831/3937/356
f 4898/3939/74 2706/5841/74 2707/3940/74
f 4796/3942/354 4844/5842/354 4843/3943/354
f 4816/3948/353 4815/5843/353 2602/3949/353
f 2731/3951/74 2569/5844/74 2649/3952/74
f 4738/3954/354 4828/5845/354 4827/3955/354
f 4830/3957/356 4829/5846/356 4783/3958/356
f 2624/3960/356 2760/5847/356 2759/3961/356
f 2583/3963/74 4780/5848/74 2716/3964/74
f 4870/3966/353 4869/5849/353 2588/3967/353
f 2724/3969/75 2589/5850/75 2732/3970/75
f 2739/3972/353 4877/5851/353 4732/3973/353
f 4716/3978/356 4814/5852/356 4813/3979/356
f 2634/3981/354 4824/5853/354 4823/3982/354
f 2603/3984/75 2676/5854/75 2708/3985/75
f 4819/3987/75 4820/5855/75 2697/3988/75
f 4797/3990/74 4798/5856/74 2714/3991/74
f 2664/3993/357 2659/5857/357 2658/3994/357
f 4850/3996/357 4849/5858/357 2574/3997/357
f 4808/3999/354 4807/5859/354 4733/4000/354
f 2644/4002/357 4838/5860/357 4837/4003/357
f 2751/4005/357 4889/5861/357 4714/4006/357
f 2579/4008/74 2699/5862/74 2693/4009/74
f 4812/4011/353 4811/5863/353 2594/4012/353
f 4875/4014/75 4876/5864/75 2704/4015/75
f 4802/4017/356 4801/5865/356 4711/4018/356
f 2599/4020/75 4810/5866/75 2688/4021/75
f 2692/4023/74 4791/5867/74 4792/4024/74
f 2647/4026/353 2681/5868/353 2680/4027/353
f 4726/4029/356 4778/5869/356 4777/4030/356
f 4888/4032/357 4887/5870/357 4722/4033/357
f 4794/4035/354 4793/5871/354 4729/4036/354
f 2750/4038/357 4790/5872/357 4789/4039/357
f 4906/4041/354 4768/5873/354 4767/4042/354
f 2675/4044/74 2575/5874/74 2710/4045/74
f 4739/4047/353 4748/5875/353 4747/4048/353
f 2685/4050/75 2682/5876/75 2683/4051/75
f 2604/4053/354 4770/5877/354 4769/4054/354
f 4776/4056/356 4775/5878/356 2749/4057/356
f 2713/4059/356 2712/5879/356 2620/4060/356
f 2669/4062/75 2595/5880/75 2673/4063/75
f 2738/4068/353 2737/5881/353 2656/4069/353
f 2580/4071/356 4758/5882/356 4757/4072/356
f 2743/4077/354 4766/5883/354 4765/4078/354
f 2635/4080/353 2670/5884/353 4809/4081/353
f 2663/4083/74 2571/5885/74 4840/4084/74
f 2630/4086/75 4763/5886/75 4764/4087/75
f 4842/4089/357 4841/5887/357 4872/4090/357
f 2600/4092/354 4752/5888/354 4751/4093/354
f 2652/4095/357 2651/5889/357 2646/4096/357
f 4756/4098/356 4755/5890/356 2733/4099/356
f 2701/4101/357 4839/5891/357 2570/4102/357
f 2585/4104/74 2650/5892/74 2640/4105/74
f 2654/4107/75 2591/5893/75 4874/4108/75
f 2736/4110/353 4873/5894/353 2590/4111/353
f 4718/4113/356 4902/5895/356 4901/4114/356
f 4750/4116/354 4749/5896/354 2726/4117/354
f 2696/4119/75 4825/5897/75 4826/4120/75
f 2605/4122/75 2728/5898/75 2631/4123/75
f 2638/5899/74 2639/4127/74 2753/4126/74
f 2773/5900/74 2752/4125/74 2639/4127/74
f 2626/4128/353 2625/5901/353 2768/4129/353
f 2757/4131/354 2756/5902/354 4735/4132/354
f 2718/4134/353 2687/5903/353 2686/4135/353
f 2762/4137/356 2761/5904/356 2721/4138/356
f 2720/4140/357 4782/5905/357 4781/4141/357
f 2581/4143/74 2748/5906/74 2618/4144/74
f 2628/4146/75 2677/5907/75 2678/4147/75
f 2711/4149/353 2613/5908/353 4753/4150/353
f 2747/4152/356 2746/5909/356 2700/4153/356
f 2672/4155/353 2667/5910/353 4805/4156/353
f 2601/4158/75 2608/5911/75 2611/4159/75
f 2617/4161/74 2702/5912/74 2703/4162/74
f 2741/4164/354 2740/5913/354 2690/4165/354
f 2642/4167/357 4779/5914/357 2582/4168/357
f 2577/4170/74 2643/5915/74 2763/4171/74
f 2636/4173/75 2637/5916/75 2609/4174/75
f 5066/4176/357 5065/5917/357 4944/4177/357
f 5068/4182/354 5067/5918/354 4909/4183/354
f 5059/4185/353 5094/5919/353 5093/4186/353
f 4988/4188/353 4987/5920/353 2775/4189/353
f 5096/4191/74 2804/5921/74 4954/4192/74
f 5092/4194/353 5091/5922/353 4908/4195/353
f 2961/4197/75 2962/5923/75 5099/4198/75
f 4924/4200/354 5056/5924/354 5055/4201/354
f 5034/4203/356 5033/5925/356 5057/4204/356
f 5062/4206/356 5061/5926/356 4927/4207/356
f 5103/4209/75 5104/5927/75 5051/4210/75
f 5085/4214/75 5086/5928/75 5090/4212/75
f 2780/5929/75 5090/4212/75 5086/5928/75
f 5036/4215/356 5035/5930/356 4985/4216/356
f 5046/4218/353 5045/5931/353 4962/4219/353
f 4942/4221/356 5048/5932/356 5047/4222/356
f 4959/4224/353 2973/5933/353 2972/4225/353
f 5054/4227/354 5053/5934/354 5003/4228/354
f 4974/4233/357 4973/5935/357 5064/4234/357
f 5080/4236/74 2800/5936/74 5078/4237/74
f 5018/4239/357 5017/5937/357 5082/4240/357
f 5022/4242/357 5021/5938/357 4972/4243/357
f 4920/4245/354 5032/5939/354 5031/4246/354
f 5098/4248/75 2913/5940/75 2914/4249/75
f 5044/4251/356 5043/5941/356 4995/4252/356
f 5016/4257/357 5015/5942/357 2809/4258/357
f 2938/4260/75 2776/5943/75 2856/4261/75
f 4938/4263/356 5028/5944/356 5027/4264/356
f 5030/4266/354 5029/5945/354 4983/4267/354
f 2831/4269/354 2967/5946/354 2966/4270/354
f 2790/4272/75 4980/5947/75 2923/4273/75
f 5070/4275/357 5069/5948/357 2795/4276/357
f 2931/4278/74 2796/5949/74 2939/4279/74
f 2946/4281/357 5077/5950/357 4932/4282/357
f 5014/4287/354 5013/5951/354 4915/4288/354
f 5024/4290/356 5023/5952/356 2840/4291/356
f 2810/4293/74 2883/5953/74 2915/4294/74
f 2905/4296/74 5019/5954/74 5020/4297/74
f 2922/4299/75 4997/5955/75 4998/4300/75
f 2866/4302/353 2865/5956/353 2872/4303/353
f 5050/4305/353 5049/5957/353 2781/4306/353
f 4934/4308/356 5008/5958/356 5007/4309/356
f 2851/4311/353 5038/5959/353 5037/4312/353
f 2958/4314/353 5089/5960/353 4914/4315/353
f 2786/4317/75 2906/5961/75 2900/4318/75
f 5012/4320/357 5011/5962/357 2801/4321/357
f 5075/4323/74 5076/5963/74 2911/4324/74
f 5002/4326/354 5001/5964/354 4911/4327/354
f 2806/4329/74 5010/5965/74 2895/4330/74
f 2899/4332/75 4991/5966/75 4992/4333/75
f 2854/4335/357 2888/5967/357 2887/4336/357
f 4926/4338/354 4978/5968/354 4977/4339/354
f 5088/4341/353 5087/5969/353 4922/4342/353
f 4994/4344/356 4993/5970/356 4929/4345/356
f 2957/4347/353 4990/5971/353 4989/4348/353
f 5106/4350/356 4968/5972/356 4967/4351/356
f 2882/4353/75 2782/5973/75 2917/4354/75
f 4939/4356/357 4948/5974/357 4947/4357/357
f 2889/4359/74 2890/5975/74 2891/4360/74
f 2811/4362/356 4970/5976/356 4969/4363/356
f 4976/4365/354 4975/5977/354 2956/4366/354
f 2920/4368/354 2919/5978/354 2827/4369/354
f 2802/4371/74 2880/5979/74 2875/4372/74
f 2945/4377/357 2944/5980/357 2863/4378/357
f 2787/4380/354 4958/5981/354 4957/4381/354
f 4966/4386/356 4965/5982/356 2949/4387/356
f 2842/4389/357 2877/5983/357 5009/4390/357
f 2870/4392/75 2778/5984/75 5040/4393/75
f 2837/4395/74 4963/5985/74 4964/4396/74
f 5071/4398/353 5042/5986/353 5041/4399/353
f 2807/4401/356 4952/5987/356 4951/4402/356
f 2859/4404/353 2858/5988/353 2853/4405/353
f 4956/4407/354 4955/5989/354 2940/4408/354
f 2908/4410/353 5039/5990/353 2777/4411/353
f 2792/4413/75 2857/5991/75 2847/4414/75
f 2861/4416/74 2798/5992/74 5074/4417/74
f 2943/4419/357 5073/5993/357 2797/4420/357
f 4918/4422/354 5102/5994/354 5101/4423/354
f 4950/4425/356 4949/5995/356 2933/4426/356
f 2903/4428/74 5025/5996/74 5026/4429/74
f 2812/4431/74 2935/5997/74 2838/4432/74
f 2845/5998/75 2846/4436/75 2960/4435/75
f 2980/5999/75 2959/4434/75 2846/4436/75
f 2833/4437/357 2832/6000/357 2975/4438/357
f 4936/4440/356 2964/6001/356 2963/4441/356
f 2925/4443/357 2894/6002/357 2893/4444/357
f 2969/4446/354 2968/6003/354 2928/4447/354
f 2927/4449/353 4982/6004/353 4981/4450/353
f 2788/4452/75 2955/6005/75 2825/4453/75
f 2835/4455/74 2884/6006/74 2885/4456/74
f 2918/4458/357 2820/6007/357 4953/4459/357
f 2779/4461/354 2954/6008/354 2953/4462/354
f 2879/4464/357 2874/6009/357 5005/4465/357
f 2808/4467/74 2815/6010/74 2818/4468/74
f 2824/4470/75 2909/6011/75 2910/4471/75
f 2948/4473/356 2947/6012/356 2897/4474/356
f 2873/4476/353 2849/6013/353 4979/4477/353
f 2784/4479/75 2850/6014/75 2970/4480/75
f 2843/4482/74 2844/6015/74 2816/4483/74
f 5143/4485/353 5266/6016/353 5265/4486/353
f 5268/4491/356 5267/6017/356 5109/4492/356
f 5259/4494/357 5294/6018/357 5293/4495/357
f 5188/4497/357 5187/6019/357 2982/4498/357
f 3011/4500/75 5154/6020/75 5295/4501/75
f 5292/4503/357 5291/6021/357 5108/4504/357
f 3168/4506/74 3169/6022/74 5299/4507/74
f 5124/4509/356 5256/6023/356 5255/4510/356
f 5234/4512/354 5233/6024/354 5257/4513/354
f 5262/4515/354 5261/6025/354 5127/4516/354
f 5303/4518/74 5304/6026/74 5251/4519/74
f 5285/4523/74 5286/6027/74 5290/4521/74
f 2987/6028/74 5290/4521/74 5286/6027/74
f 5236/4524/354 5235/6029/354 5185/4525/354
f 5246/4527/357 5245/6030/357 5162/4528/357
f 5142/4530/354 5248/6031/354 5247/4531/354
f 5159/4533/357 3180/6032/357 3179/4534/357
f 5204/4536/356 5254/6033/356 5253/4537/356
f 5174/4542/353 5173/6034/353 5264/4543/353
f 5280/4545/75 3007/6035/75 5278/4546/75
f 5218/4548/353 5217/6036/353 5282/4549/353
f 5171/4551/353 5222/6037/353 5221/4552/353
f 5120/4554/356 5232/6038/356 5231/4555/356
f 5298/4557/74 3120/6039/74 3121/4558/74
f 5196/4560/354 5244/6040/354 5243/4561/354
f 5216/4566/353 5215/6041/353 3016/4567/353
f 3145/4569/74 2983/6042/74 3063/4570/74
f 5138/4572/354 5228/6043/354 5227/4573/354
f 5184/4575/356 5230/6044/356 5229/4576/356
f 3038/4578/356 3174/6045/356 3173/4579/356
f 2997/4581/74 5180/6046/74 3130/4582/74
f 5270/4584/353 5269/6047/353 3002/4585/353
f 3138/4587/75 3003/6048/75 3146/4588/75
f 3153/4590/353 5277/6049/353 5132/4591/353
f 5116/4596/356 5214/6050/356 5213/4597/356
f 3048/4599/354 5224/6051/354 5223/4600/354
f 3017/4602/75 3090/6052/75 3122/4603/75
f 5219/4605/75 5220/6053/75 3111/4606/75
f 5197/4608/74 5198/6054/74 3128/4609/74
f 3078/4611/357 3073/6055/357 3072/4612/357
f 5250/4614/357 5249/6056/357 2988/4615/357
f 5134/4617/354 5208/6057/354 5207/4618/354
f 5238/4620/357 5237/6058/357 2992/4621/357
f 3165/4623/357 5289/6059/357 5114/4624/357
f 2993/4626/74 3113/6060/74 3107/4627/74
f 5212/4629/353 5211/6061/353 3008/4630/353
f 5275/4632/75 5276/6062/75 3118/4633/75
f 5202/4635/356 5201/6063/356 5111/4636/356
f 3013/4638/75 5210/6064/75 3102/4639/75
f 3106/4641/74 5191/6065/74 5192/4642/74
f 3061/4644/353 3095/6066/353 3094/4645/353
f 5126/4647/356 5178/6067/356 5177/4648/356
f 5288/4650/357 5287/6068/357 5122/4651/357
f 5194/4653/354 5193/6069/354 5129/4654/354
f 3164/4656/357 5190/6070/357 5189/4657/357
f 5306/4659/354 5168/6071/354 5167/4660/354
f 2989/4662/74 3124/6072/74 3088/4663/74
f 5139/4665/353 5148/6073/353 5147/4666/353
f 3099/4668/75 3096/6074/75 3097/4669/75
f 3018/4671/354 5170/6075/354 5169/4672/354
f 5176/4674/356 5175/6076/356 3163/4675/356
f 3127/4677/356 3126/6077/356 3034/4678/356
f 3009/4680/75 3087/6078/75 3082/4681/75
f 3152/4686/353 3151/6079/353 3070/4687/353
f 2994/4689/356 5158/6080/356 5157/4690/356
f 5166/4695/354 5165/6081/354 3156/4696/354
f 3084/4698/353 5209/6082/353 3012/4699/353
f 3077/4701/74 2985/6083/74 5240/4702/74
f 3044/4704/75 5163/6084/75 5164/4705/75
f 5242/4707/357 5241/6085/357 5272/4708/357
f 3014/4710/354 5152/6086/354 5151/4711/354
f 3066/4713/357 3065/6087/357 3060/4714/357
f 3148/4716/356 5156/6088/356 5155/4717/356
f 3115/4719/357 5239/6089/357 2984/4720/357
f 2999/4722/74 3064/6090/74 3054/4723/74
f 3068/4725/75 3005/6091/75 5274/4726/75
f 3150/4728/353 5273/6092/353 3004/4729/353
f 5118/4731/356 5302/6093/356 5301/4732/356
f 3141/4734/354 5150/6094/354 5149/4735/354
f 3110/4737/75 5225/6095/75 5226/4738/75
f 3019/4740/75 3142/6096/75 3045/4741/75
f 3052/6097/74 3053/4745/74 3167/4744/74
f 3187/6098/74 3166/4743/74 3053/4745/74
f 3040/4746/353 3039/6099/353 3182/4747/353
f 3171/4749/354 3170/6100/354 5135/4750/354
f 3132/4752/353 3101/6101/353 3100/4753/353
f 3176/4755/356 3175/6102/356 3135/4756/356
f 5182/4758/357 5181/6103/357 2990/4759/357
f 2995/4761/74 3162/6104/74 3032/4762/74
f 3042/4764/75 3091/6105/75 3092/4765/75
f 3027/4767/353 5153/6106/353 3010/4768/353
f 3161/4770/356 3160/6107/356 3114/4771/356
f 3086/4773/353 3081/6108/353 5205/4774/353
f 3015/4776/75 3022/6109/75 3025/4777/75
f 3031/4779/74 3116/6110/74 3117/4780/74
f 3155/4782/354 3154/6111/354 3104/4783/354
f 3056/4785/357 5179/6112/357 2996/4786/357
f 2991/4788/74 3057/6113/74 3177/4789/74
f 3050/4791/75 3051/6114/75 3023/4792/75
f 5466/4794/357 5465/6115/357 5344/4795/357
f 5468/4800/354 5467/6116/354 5309/4801/354
f 5459/4803/353 5494/6117/353 5493/4804/353
f 5388/4806/353 5387/6118/353 3189/4807/353
f 3218/4809/74 5354/6119/74 5495/4810/74
f 5492/4812/353 5491/6120/353 5308/4813/353
f 3375/4815/75 3376/6121/75 5499/4816/75
f 5324/4818/354 5456/6122/354 5455/4819/354
f 5434/4821/356 5433/6123/356 5457/4822/356
f 5462/4824/356 5461/6124/356 5327/4825/356
f 5503/4827/75 5504/6125/75 5451/4828/75
f 5485/4832/75 5486/6126/75 5490/4830/75
f 3194/6127/75 5490/4830/75 5486/6126/75
f 5386/4833/356 5436/6128/356 5435/4834/356
f 5446/4836/353 5445/6129/353 5362/4837/353
f 5342/4839/356 5448/6130/356 5447/4840/356
f 5359/4842/353 3387/6131/353 3386/4843/353
f 5454/4845/354 5453/6132/354 5403/4846/354
f 5374/4851/357 5373/6133/357 5464/4852/357
f 5480/4854/74 3214/6134/74 5478/4855/74
f 5418/4857/357 5417/6135/357 5482/4858/357
f 5371/4860/357 5422/6136/357 5421/4861/357
f 5320/4863/354 5432/6137/354 5431/4864/354
f 5498/4866/75 3327/6138/75 3328/4867/75
f 5396/4869/356 5444/6139/356 5443/4870/356
f 5416/4875/357 5415/6140/357 3223/4876/357
f 3352/4878/75 3190/6141/75 3270/4879/75
f 5338/4881/356 5428/6142/356 5427/4882/356
f 5384/4884/354 5430/6143/354 5429/4885/354
f 3381/4887/354 3380/6144/354 3244/4888/354
f 3204/4890/75 5380/6145/75 3337/4891/75
f 5470/4893/357 5469/6146/357 3209/4894/357
f 3345/4896/74 3210/6147/74 3353/4897/74
f 3360/4899/357 5477/6148/357 5332/4900/357
f 5316/4905/354 5414/6149/354 5413/4906/354
f 5424/4908/356 5423/6150/356 3254/4909/356
f 3224/4911/74 3297/6151/74 3329/4912/74
f 5419/4914/74 5420/6152/74 3318/4915/74
f 3336/4917/75 5397/6153/75 5398/4918/75
f 3285/4920/353 3280/6154/353 3279/4921/353
f 5450/4923/353 5449/6155/353 3195/4924/353
f 5334/4926/356 5408/6156/356 5407/4927/356
f 5438/4929/353 5437/6157/353 3199/4930/353
f 3372/4932/353 5489/6158/353 5314/4933/353
f 3200/4935/75 3320/6159/75 3314/4936/75
f 5412/4938/357 5411/6160/357 3215/4939/357
f 5475/4941/74 5476/6161/74 3325/4942/74
f 5402/4944/354 5401/6162/354 5311/4945/354
f 3220/4947/74 5410/6163/74 3309/4948/74
f 3313/4950/75 5391/6164/75 5392/4951/75
f 3268/4953/357 3302/6165/357 3301/4954/357
f 5326/4956/354 5378/6166/354 5377/4957/354
f 5321/4959/353 5488/6167/353 5487/4960/353
f 5394/4962/356 5393/6168/356 5329/4963/356
f 3371/4965/353 5390/6169/353 5389/4966/353
f 5506/4968/356 5368/6170/356 5367/4969/356
f 3296/4971/75 3196/6171/75 3331/4972/75
f 5339/4974/357 5348/6172/357 5347/4975/357
f 3306/4977/74 3303/6173/74 3304/4978/74
f 3225/4980/356 5370/6174/356 5369/4981/356
f 5376/4983/354 5375/6175/354 3370/4984/354
f 3334/4986/354 3333/6176/354 3241/4987/354
f 3216/4989/74 3294/6177/74 3289/4990/74
f 3359/4995/357 3358/6178/357 3277/4996/357
f 3201/4998/354 5358/6179/354 5357/4999/354
f 5366/5004/356 5365/6180/356 3363/5005/356
f 3291/5007/357 5409/6181/357 3219/5008/357
f 3284/5010/75 3192/6182/75 5440/5011/75
f 3251/5013/74 5363/6183/74 5364/5014/74
f 5471/5016/353 5442/6184/353 5441/5017/353
f 5352/5019/356 5351/6185/356 3350/5020/356
f 3273/5022/353 3272/6186/353 3267/5023/353
f 5356/5025/354 5355/6187/354 3354/5026/354
f 3322/5028/353 5439/6188/353 3191/5029/353
f 3206/5031/75 3271/6189/75 3261/5032/75
f 3275/5034/74 3212/6190/74 5474/5035/74
f 3357/5037/357 5473/6191/357 3211/5038/357
f 5318/5040/354 5502/6192/354 5501/5041/354
f 5350/5043/356 5349/6193/356 3347/5044/356
f 3317/5046/74 5425/6194/74 5426/5047/74
f 3226/5049/74 3349/6195/74 3252/5050/74
f 3259/6196/75 3260/5054/75 3374/5053/75
f 3394/6197/75 3373/5052/75 3260/5054/75
f 3247/5055/357 3246/6198/357 3389/5056/357
f 3378/5058/356 3377/6199/356 5335/5059/356
f 3339/5061/357 3308/6200/357 3307/5062/357
f 3383/5064/354 3382/6201/354 3342/5065/354
f 3341/5067/353 5382/6202/353 5381/5068/353
f 3202/5070/75 3369/6203/75 3239/5071/75
f 3249/5073/74 3298/6204/74 3299/5074/74
f 3234/5076/357 5353/6205/357 3217/5077/357
f 3368/5079/354 3367/6206/354 3321/5080/354
f 3288/5082/357 5405/6207/357 3227/5083/357
f 3222/5085/74 3229/6208/74 3232/5086/74
f 3238/5088/75 3323/6209/75 3324/5089/75
f 3362/5091/356 3361/6210/356 3311/5092/356
f 3287/5094/353 3263/6211/353 5379/5095/353
f 3198/5097/75 3264/6212/75 3384/5098/75
f 3231/5100/74 3257/6213/74 3258/5101/74
f 3399/5103/74 3396/6214/74 3398/5104/74
f 3395/5106/75 3401/6215/75 3402/5107/75
f 3409/5109/75 3404/6216/75 3406/5110/75
f 3403/5112/74 3407/6217/74 3408/5113/74
l 122 1392
l 123 1386
l 135 133
l 134 136
l 154 1418
l 155 1412
l 170 1432
l 171 1426
l 183 181
l 182 184
l 202 1458
l 203 1452
l 218 1472
l 219 1466
l 231 229
l 230 232
l 250 1496
l 251 1490
l 263 261
l 262 264
l 279 277
l 278 280
l 295 293
l 294 296
l 311 309
l 310 312
o g_panel
v 0.000016 -44.999989 -19.000011
v 0.000016 -42.999989 -17.000002
v 0.000016 44.999992 -19.000011
v 0.000016 42.999996 -17.000002
v 3.700009 -44.999989 -19.000011
v 3.700009 -42.999989 -17.000002
v 3.700009 44.999992 -19.000011
v 3.700009 42.999996 -17.000002
v 0.000016 45.000004 16.000025
v 3.700009 45.000004 16.000025
v 0.000016 43.000008 14.000009
v 3.700009 43.000008 14.000009
v 0.000016 -45.000019 16.000008
v 0.000016 -42.999996 14.000009
v 3.700009 -45.000019 16.000008
v 3.700009 -42.999996 14.000009
v 4.000002 47.999985 8.499995
v 4.107109 47.707088 8.499990
v 4.000008 47.499985 7.633964
v 4.107115 47.353535 7.887623
v 4.000008 46.499985 7.633964
v 4.107115 46.646435 7.887623
v 4.000008 45.999985 8.499995
v 4.107115 46.292885 8.499990
v 3.700006 47.999985 8.499995
v 4.000008 46.499985 9.366015
v 4.107115 46.646435 9.112368
v 4.000002 47.499985 9.366015
v 4.107109 47.353535 9.112368
v 3.700012 47.499985 7.633964
v 3.700012 46.499985 7.633964
v 3.700012 45.999985 8.499995
v 3.700012 46.499985 9.366015
v 3.700006 47.499985 9.366015
v 3.700006 47.000008 11.000005
v 3.700006 45.000000 11.000005
v 3.700006 49.000008 11.000005
v 3.700006 45.000000 -9.999998
v 3.700006 48.999996 -9.999998
v 3.700006 46.999996 -9.999998
v 4.000002 47.999985 6.499998
v 4.107109 47.707088 6.499991
v 4.000008 47.499985 5.633966
v 4.107115 47.353535 5.887625
v 4.000008 46.499985 5.633966
v 4.107115 46.646435 5.887625
v 4.000008 45.999985 6.499998
v 4.107115 46.292885 6.499991
v 3.700006 47.999985 6.499998
v 4.000008 46.499985 7.366017
v 4.107115 46.646435 7.112370
v 4.000002 47.499985 7.366017
v 4.107109 47.353535 7.112370
v 3.700012 47.499985 5.633966
v 3.700012 46.499985 5.633966
v 3.700012 45.999985 6.499998
v 3.700012 46.499985 7.366017
v 3.700006 47.499985 7.366017
v 1.000000 45.000000 11.000005
v 1.000000 49.000008 11.000005
v 1.000000 48.999996 -9.999998
v 1.000000 45.000000 -9.999998
v 2.499977 43.000004 8.000003
v 2.499977 36.999996 14.000021
v 3.499976 -19.000006 14.000009
v 3.499976 12.000000 -16.999996
v 3.499976 -39.000015 14.000021
v 3.499976 -7.999990 -16.999996
v 2.499977 -8.000004 -16.999996
v 2.499977 23.000002 13.999997
v 2.499977 -42.999989 -6.999981
v 2.499977 -21.999990 14.000009
v 3.499976 -16.000002 -16.999996
v 3.499976 -42.999985 9.999989
v 3.499976 8.000004 -16.999996
v 3.499976 39.000008 14.000009
v 3.499976 -24.000011 14.000009
v 3.499976 7.000008 -16.999996
v 3.499976 -37.000000 -16.999996
v 3.499976 -5.999989 14.000021
v 3.499976 -26.000000 -16.999996
v 3.499976 -43.000000 0.000000
v 3.499976 4.000008 -16.999996
v 3.499976 -27.000008 14.000009
v 3.499976 43.000000 -11.000002
v 3.499976 17.999998 14.000009
v 3.499976 38.000000 -16.999996
v 3.499976 42.999996 -12.000000
v 2.499977 -12.000009 -16.999996
v 2.499977 -43.000000 13.999997
v 2.499977 33.000004 -16.999996
v 2.499977 1.999983 14.000009
v 2.499977 -9.999990 14.000009
v 2.499977 -41.000000 -16.999996
v 3.499976 13.000006 -16.999996
v 3.499976 42.999992 12.999998
v 3.499976 -30.999994 -17.000008
v 3.499976 -42.999996 -5.000007
v 2.499977 10.000014 14.000009
v 2.499977 -20.999994 -16.999996
v 2.499977 -24.999987 14.000009
v 2.499977 -42.999989 -3.999984
v 2.499977 -17.999994 -16.999996
v 2.499977 13.000011 14.000009
v 2.499977 -42.999996 3.000009
v 2.499977 -31.999987 14.000009
v 2.499977 -27.000004 -16.999996
v 2.499977 -42.999996 -0.999999
v 3.499976 -2.000003 -16.999996
v 3.499976 29.000011 14.000009
v 3.499976 -42.999992 -13.000000
v 3.499976 -15.999993 14.000009
v 2.499977 15.000015 14.000021
v 2.499977 -15.999996 -16.999996
v 2.499977 5.000018 14.000009
v 2.499977 -25.999987 -16.999996
v 3.499976 13.999998 -16.999996
v 3.499976 -17.000004 14.000009
v 2.499977 43.000004 -2.999997
v 2.499977 29.000000 -16.999996
v 3.499976 43.000000 -0.999999
v 3.499976 27.999985 14.000009
v 2.499977 25.000017 14.000021
v 2.499977 -6.000003 -16.999996
v 2.499977 -2.000004 -16.999996
v 2.499977 -33.000000 14.000009
v 2.499977 42.999996 -16.999996
v 2.499977 11.999986 14.000009
v 2.499977 42.999996 -13.000000
v 2.499977 39.000000 -16.999996
v 2.499977 22.000004 -16.999996
v 2.499977 43.000011 4.000008
v 2.499977 43.000011 2.000022
v 2.499977 24.000000 -16.999996
v 2.499977 -27.999996 -16.999996
v 2.499977 3.000006 14.000009
v 3.499976 35.999989 14.000009
v 3.499976 42.999996 7.000004
v 3.499976 -11.999997 -16.999996
v 3.499976 19.000002 14.000009
v 3.499976 -42.999985 -2.999973
v 3.499976 -25.999992 14.000009
v 3.499976 15.999985 14.000009
v 3.499976 42.999996 -13.000000
v 2.499977 17.000004 -16.999996
v 2.499977 43.000011 9.000002
v 3.499976 23.999990 -16.999996
v 3.499976 -7.000013 14.000009
v 3.499976 -29.000013 14.000021
v 3.499976 2.000007 -16.999996
v 3.499976 43.000000 9.000002
v 3.499976 38.000004 13.999997
v 3.499976 5.999981 14.000009
v 3.499976 36.999996 -16.999996
v 2.499977 8.000003 -16.999996
v 2.499977 -23.000011 14.000009
v 2.499977 42.999996 -6.999981
v 2.499977 21.999983 14.000021
v 3.499976 -14.000016 14.000009
v 3.499976 16.999992 -16.999996
v 3.499976 -42.999996 -1.999998
v 3.499976 -28.000004 -16.999996
v 2.499977 6.999999 -16.999996
v 2.499977 38.000011 14.000009
v 3.499976 0.999987 14.000009
v 3.499976 32.000004 -16.999996
v 2.499977 -38.000000 -16.999996
v 2.499977 -6.999996 14.000009
v 3.499976 27.999994 -16.999996
v 3.499976 43.000000 -1.999998
v 3.499976 -42.999985 -12.000012
v 3.499976 -38.000000 -16.999996
v 3.499976 -21.999987 -16.999996
v 3.499976 9.000008 14.000009
v 3.499976 -42.999992 7.000016
v 3.499976 -36.000000 14.000009
v 3.499976 -21.000004 -16.999996
v 3.499976 -42.999996 4.999983
v 3.499976 -11.000002 -16.999996
v 3.499976 -42.000004 14.000009
v 3.499976 33.999996 -16.999996
v 3.499976 2.999985 14.000009
v 3.499976 33.000011 -16.999996
v 3.499976 42.999996 -7.000005
v 2.499977 12.000000 -16.999996
v 2.499977 43.000008 14.000009
v 2.499977 17.999994 -16.999996
v 2.499977 -13.000009 14.000009
v 2.499977 -17.000000 -16.999996
v 2.499977 -42.999996 8.999990
v 2.499977 42.999996 3.000009
v 2.499977 31.999992 14.000009
v 2.499977 -4.999983 14.000009
v 2.499977 -36.000000 -16.999996
v 2.499977 -3.000008 -16.999996
v 2.499977 28.000006 14.000009
v 2.499977 -42.999985 -11.999989
v 2.499977 -16.999996 14.000009
v 2.499977 -22.000008 -16.999996
v 2.499977 -42.999989 3.999984
v 2.499977 -19.999992 14.000009
v 2.499977 -42.999981 -8.999968
v 3.499976 -32.000004 -16.999996
v 3.499976 -0.999984 14.000009
v 2.499977 35.000011 14.000009
v 2.499977 4.000008 -16.999996
v 2.499977 -32.000011 -16.999996
v 2.499977 -42.999977 -6.000030
v 3.499976 -0.999999 -16.999996
v 3.499976 -32.000004 14.000009
v 3.499976 42.999985 -15.999985
v 3.499976 12.999985 14.000009
v 2.499977 42.999992 11.999987
v 2.499977 14.000013 -16.999985
v 2.499977 27.999990 -16.999996
v 2.499977 -3.000015 14.000009
v 2.499977 42.999992 -8.000004
v 2.499977 33.999996 -16.999996
v 2.499977 30.000013 14.000021
v 2.499977 -1.000008 -16.999996
v 2.499977 -13.000001 -16.999996
v 2.499977 18.000006 14.000009
v 2.499977 -42.999992 -1.999986
v 2.499977 -26.999987 14.000009
v 2.499977 26.999998 -16.999996
v 2.499977 42.999996 -0.999999
v 3.499976 3.000002 -16.999996
v 3.499976 34.000008 14.000021
v 3.499976 -42.000000 -16.999996
v 3.499976 -10.999984 14.000021
v 3.499976 -4.000015 14.000009
v 3.499976 26.999987 -16.999996
v 2.499977 37.000000 -16.999996
v 2.499977 42.999996 -11.000002
v 3.499976 9.000004 -16.999996
v 3.499976 -22.000010 14.000009
v 3.499976 42.999996 -5.999982
v 3.499976 22.999992 14.000009
v 3.499976 10.999989 14.000009
v 3.499976 41.999996 -16.999996
v 2.499977 -7.000009 -16.999996
v 2.499977 -38.000011 14.000009
v 2.499977 38.000000 -16.999996
v 2.499977 6.999990 14.000009
v 3.499976 -34.000008 14.000009
v 3.499976 -3.000006 -16.999996
v 3.499976 -35.999985 -17.000019
v 3.499976 -42.999996 -10.000002
v 3.499976 -43.000000 12.999998
v 3.499976 -13.000003 -16.999996
v 2.499977 -22.999990 -16.999996
v 2.499977 8.000008 14.000009
v 2.499977 -42.999996 8.000014
v 2.499977 -37.000008 14.000009
v 3.499976 -42.999996 -7.000017
v 3.499976 -33.000011 -16.999996
v 3.499976 -6.999999 -16.999996
v 3.499976 24.000004 14.000009
v 3.499976 -42.999989 -7.999980
v 3.499976 -20.999987 14.000021
v 3.499976 -43.000000 7.999991
v 3.499976 -18.000000 -16.999996
v 3.499976 18.999996 -16.999996
v 3.499976 -12.000011 14.000009
v 2.499977 -14.999986 14.000009
v 2.499977 -42.999985 -13.999987
v 3.499976 42.999996 4.000008
v 3.499976 32.999992 14.000009
v 3.499976 18.000008 -16.999996
v 3.499976 43.000008 8.000003
v 2.499977 2.999997 -16.999996
v 2.499977 -28.000006 14.000009
v 2.499977 43.000000 -12.000000
v 2.499977 16.999996 14.000009
v 2.499977 -29.999996 14.000009
v 2.499977 -42.999996 1.000011
v 2.499977 -34.999992 14.000009
v 2.499977 -42.999996 6.000005
v 3.499976 23.000004 -16.999996
v 3.499976 42.999996 2.999997
v 2.499977 -33.000000 -16.999996
v 2.499977 -1.999986 14.000009
v 2.499977 0.000012 14.000009
v 2.499977 -31.000006 -16.999996
v 3.499976 -16.999990 -16.999996
v 3.499976 14.000006 14.000009
v 3.499976 -42.999996 2.000010
v 3.499976 -30.999994 14.000009
v 2.499977 20.000006 14.000009
v 2.499977 -11.000003 -16.999996
v 3.499976 28.999996 -16.999996
v 3.499976 -2.000007 14.000009
v 2.499977 40.000015 14.000021
v 2.499977 8.999994 -16.999996
v 2.499977 -37.000004 -16.999996
v 2.499977 -42.999985 -11.000013
v 2.499977 12.999995 -16.999996
v 2.499977 -18.000002 14.000009
v 2.499977 42.999996 -1.999986
v 2.499977 26.999987 14.000009
v 2.499977 42.999996 6.999980
v 2.499977 19.000004 -16.999996
v 2.499977 1.999998 -16.999996
v 2.499977 33.000000 14.000009
v 2.499977 -42.999996 -16.999996
v 2.499977 -11.999992 14.000009
v 3.499976 20.999981 14.000021
v 3.499976 42.999996 -7.999980
v 3.499976 30.999994 14.000009
v 3.499976 42.999996 2.000010
v 3.499976 -26.999998 -16.999996
v 3.499976 4.000014 14.000021
v 2.499977 32.000004 -16.999996
v 2.499977 42.999996 -6.000006
v 3.499976 -6.000007 -16.999985
v 3.499976 -37.000008 14.000009
v 3.499976 39.000000 -16.999996
v 3.499976 7.999995 14.000009
v 3.499976 -9.000015 14.000009
v 3.499976 21.999990 -16.999996
v 3.499976 25.999990 14.000009
v 3.499976 42.999992 -2.999985
v 2.499977 22.999996 -16.999996
v 2.499977 -8.000013 14.000009
v 3.499976 -43.000004 3.000009
v 3.499976 -23.000002 -16.999996
v 3.499976 42.999996 -16.999996
v 3.499976 -43.000004 14.000009
v 3.700006 -46.999992 11.000005
v 3.700006 -49.000000 11.000005
v 3.700006 -44.999992 11.000005
v 3.700006 -49.000000 -9.999998
v 3.700006 -45.000004 -9.999998
v 3.700006 -47.000004 -9.999998
v 1.000000 -49.000000 11.000005
v 1.000000 -44.999992 11.000005
v 1.000000 -49.000004 -9.999998
v 1.000000 -45.000004 -9.999998
v -0.500000 45.500000 4.500002
v -0.500000 45.500000 10.499999
v -0.500000 48.500000 4.500002
v -0.500000 48.500000 10.499999
v 1.000001 45.500000 4.500002
v 1.000001 45.500000 10.499999
v 1.000001 48.500000 4.500002
v 1.000001 48.500000 10.499999
v 0.000016 -44.999989 -58.000004
v 0.000016 -42.999989 -55.999992
v 0.000016 44.999992 -58.000004
v 0.000016 42.999996 -55.999992
v 3.700009 -44.999989 -58.000004
v 3.700009 -42.999989 -55.999992
v 3.700009 44.999992 -58.000004
v 3.700009 42.999996 -55.999992
v 0.000016 45.000004 -22.999973
v 3.700009 45.000004 -22.999973
v 0.000016 43.000008 -24.999990
v 3.700009 43.000008 -24.999990
v 0.000016 -45.000019 -22.999992
v 0.000016 -42.999996 -24.999990
v 3.700009 -45.000019 -22.999992
v 3.700009 -42.999996 -24.999990
v 3.700006 47.000008 -27.999994
v 3.700006 45.000000 -27.999994
v 3.700006 49.000008 -27.999994
v 3.700006 45.000000 -48.999996
v 3.700006 48.999996 -48.999996
v 3.700006 46.999996 -48.999996
v 1.000000 45.000000 -27.999994
v 1.000000 49.000008 -27.999994
v 1.000000 48.999996 -48.999996
v 1.000000 45.000000 -48.999996
v 2.499977 43.000004 -30.999998
v 2.499977 36.999996 -24.999977
v 3.499976 -19.000006 -24.999990
v 3.499976 12.000000 -55.999992
v 3.499976 -39.000015 -24.999977
v 3.499976 -7.999990 -55.999992
v 2.499977 -8.000004 -55.999992
v 2.499977 23.000002 -25.000000
v 2.499977 -42.999989 -45.999981
v 2.499977 -21.999990 -24.999990
v 3.499976 -16.000002 -55.999992
v 3.499976 -42.999985 -29.000011
v 3.499976 8.000004 -55.999992
v 3.499976 39.000008 -24.999990
v 3.499976 -24.000011 -24.999990
v 3.499976 7.000008 -55.999992
v 3.499976 -37.000000 -55.999992
v 3.499976 -5.999989 -24.999977
v 3.499976 -26.000000 -55.999992
v 3.499976 -43.000000 -39.000000
v 3.499976 4.000008 -55.999992
v 3.499976 -27.000008 -24.999990
v 3.499976 43.000000 -50.000000
v 3.499976 17.999998 -24.999990
v 3.499976 38.000000 -55.999992
v 3.499976 42.999996 -51.000000
v 2.499977 -12.000009 -55.999992
v 2.499977 -43.000000 -25.000000
v 2.499977 33.000004 -55.999992
v 2.499977 1.999983 -24.999990
v 2.499977 -9.999990 -24.999990
v 2.499977 -41.000000 -55.999992
v 3.499976 13.000006 -55.999992
v 3.499976 42.999992 -26.000000
v 3.499976 -30.999994 -56.000008
v 3.499976 -42.999996 -44.000008
v 2.499977 10.000014 -24.999990
v 2.499977 -20.999994 -55.999992
v 2.499977 -24.999987 -24.999990
v 2.499977 -42.999989 -42.999985
v 2.499977 -17.999994 -55.999992
v 2.499977 13.000011 -24.999990
v 2.499977 -42.999996 -35.999989
v 2.499977 -31.999987 -24.999990
v 2.499977 -27.000004 -55.999992
v 2.499977 -42.999996 -39.999996
v 3.499976 -2.000003 -55.999992
v 3.499976 29.000011 -24.999990
v 3.499976 -42.999992 -52.000000
v 3.499976 -15.999993 -24.999990
v 2.499977 15.000015 -24.999977
v 2.499977 -15.999996 -55.999992
v 2.499977 5.000018 -24.999990
v 2.499977 -25.999987 -55.999992
v 3.499976 13.999998 -55.999992
v 3.499976 -17.000004 -24.999990
v 2.499977 43.000004 -41.999996
v 2.499977 29.000000 -55.999992
v 3.499976 43.000000 -39.999996
v 3.499976 27.999985 -24.999990
v 2.499977 25.000017 -24.999977
v 2.499977 -6.000003 -55.999992
v 2.499977 -2.000004 -55.999992
v 2.499977 -33.000000 -24.999990
v 2.499977 42.999996 -55.999992
v 2.499977 11.999986 -24.999990
v 2.499977 42.999996 -52.000000
v 2.499977 39.000000 -55.999992
v 2.499977 22.000004 -55.999992
v 2.499977 43.000011 -34.999992
v 2.499977 43.000011 -36.999977
v 2.499977 24.000000 -55.999992
v 2.499977 -27.999996 -55.999992
v 2.499977 3.000006 -24.999990
v 3.499976 35.999989 -24.999990
v 3.499976 42.999996 -31.999996
v 3.499976 -11.999997 -55.999992
v 3.499976 19.000002 -24.999990
v 3.499976 -42.999985 -41.999973
v 3.499976 -25.999992 -24.999990
v 3.499976 15.999985 -24.999990
v 3.499976 42.999996 -52.000000
v 2.499977 17.000004 -55.999992
v 2.499977 43.000011 -29.999998
v 3.499976 23.999990 -55.999992
v 3.499976 -7.000013 -24.999990
v 3.499976 -29.000013 -24.999977
v 3.499976 2.000007 -55.999992
v 3.499976 43.000000 -29.999998
v 3.499976 38.000004 -25.000000
v 3.499976 5.999981 -24.999990
v 3.499976 36.999996 -55.999992
v 2.499977 8.000003 -55.999992
v 2.499977 -23.000011 -24.999990
v 2.499977 42.999996 -45.999981
v 2.499977 21.999983 -24.999977
v 3.499976 -14.000016 -24.999990
v 3.499976 16.999992 -55.999992
v 3.499976 -42.999996 -40.999996
v 3.499976 -28.000004 -55.999992
v 2.499977 6.999999 -55.999992
v 2.499977 38.000011 -24.999990
v 3.499976 0.999987 -24.999990
v 3.499976 32.000004 -55.999992
v 2.499977 -38.000000 -55.999992
v 2.499977 -6.999996 -24.999990
v 3.499976 27.999994 -55.999992
v 3.499976 43.000000 -40.999996
v 3.499976 -42.999985 -51.000011
v 3.499976 -38.000000 -55.999992
v 3.499976 -21.999987 -55.999992
v 3.499976 9.000008 -24.999990
v 3.499976 -42.999992 -31.999985
v 3.499976 -36.000000 -24.999990
v 3.499976 -21.000004 -55.999992
v 3.499976 -42.999996 -34.000015
v 3.499976 -11.000002 -55.999992
v 3.499976 -42.000004 -24.999990
v 3.499976 33.999996 -55.999992
v 3.499976 2.999985 -24.999990
v 3.499976 33.000011 -55.999992
v 3.499976 42.999996 -46.000004
v 2.499977 12.000000 -55.999992
v 2.499977 43.000008 -24.999990
v 2.499977 17.999994 -55.999992
v 2.499977 -13.000009 -24.999990
v 2.499977 -17.000000 -55.999992
v 2.499977 -42.999996 -30.000010
v 2.499977 42.999996 -35.999989
v 2.499977 31.999992 -24.999990
v 2.499977 -4.999983 -24.999990
v 2.499977 -36.000000 -55.999992
v 2.499977 -3.000008 -55.999992
v 2.499977 28.000006 -24.999990
v 2.499977 -42.999985 -50.999989
v 2.499977 -16.999996 -24.999990
v 2.499977 -22.000008 -55.999992
v 2.499977 -42.999989 -35.000015
v 2.499977 -19.999992 -24.999990
v 2.499977 -42.999981 -47.999966
v 3.499976 -32.000004 -55.999992
v 3.499976 -0.999984 -24.999990
v 2.499977 35.000011 -24.999990
v 2.499977 4.000008 -55.999992
v 2.499977 -32.000011 -55.999992
v 2.499977 -42.999977 -45.000031
v 3.499976 -0.999999 -55.999992
v 3.499976 -32.000004 -24.999990
v 3.499976 42.999985 -54.999985
v 3.499976 12.999985 -24.999990
v 2.499977 42.999992 -27.000010
v 2.499977 14.000013 -55.999981
v 2.499977 27.999990 -55.999992
v 2.499977 -3.000015 -24.999990
v 2.499977 42.999992 -47.000004
v 2.499977 33.999996 -55.999992
v 2.499977 30.000013 -24.999977
v 2.499977 -1.000008 -55.999992
v 2.499977 -13.000001 -55.999992
v 2.499977 18.000006 -24.999990
v 2.499977 -42.999992 -40.999985
v 2.499977 -26.999987 -24.999990
v 2.499977 26.999998 -55.999992
v 2.499977 42.999996 -39.999996
v 3.499976 3.000002 -55.999992
v 3.499976 34.000008 -24.999977
v 3.499976 -42.000000 -55.999992
v 3.499976 -10.999984 -24.999977
v 3.499976 -4.000015 -24.999990
v 3.499976 26.999987 -55.999992
v 2.499977 37.000000 -55.999992
v 2.499977 42.999996 -50.000000
v 3.499976 9.000004 -55.999992
v 3.499976 -22.000010 -24.999990
v 3.499976 42.999996 -44.999981
v 3.499976 22.999992 -24.999990
v 3.499976 10.999989 -24.999990
v 3.499976 41.999996 -55.999992
v 2.499977 -7.000009 -55.999992
v 2.499977 -38.000011 -24.999990
v 2.499977 38.000000 -55.999992
v 2.499977 6.999990 -24.999990
v 3.499976 -34.000008 -24.999990
v 3.499976 -3.000006 -55.999992
v 3.499976 -35.999985 -56.000019
v 3.499976 -42.999996 -49.000000
v 3.499976 -43.000000 -26.000000
v 3.499976 -13.000003 -55.999992
v 2.499977 -22.999990 -55.999992
v 2.499977 8.000008 -24.999990
v 2.499977 -42.999996 -30.999985
v 2.499977 -37.000008 -24.999990
v 3.499976 -42.999996 -46.000015
v 3.499976 -33.000011 -55.999992
v 3.499976 -6.999999 -55.999992
v 3.499976 24.000004 -24.999990
v 3.499976 -42.999989 -46.999977
v 3.499976 -20.999987 -24.999977
v 3.499976 -43.000000 -31.000010
v 3.499976 -18.000000 -55.999992
v 3.499976 18.999996 -55.999992
v 3.499976 -12.000011 -24.999990
v 2.499977 -14.999986 -24.999990
v 2.499977 -42.999985 -52.999985
v 3.499976 42.999996 -34.999992
v 3.499976 32.999992 -24.999990
v 3.499976 18.000008 -55.999992
v 3.499976 43.000008 -30.999998
v 2.499977 2.999997 -55.999992
v 2.499977 -28.000006 -24.999990
v 2.499977 43.000000 -51.000000
v 2.499977 16.999996 -24.999990
v 2.499977 -29.999996 -24.999990
v 2.499977 -42.999996 -37.999989
v 2.499977 -34.999992 -24.999990
v 2.499977 -42.999996 -32.999996
v 3.499976 23.000004 -55.999992
v 3.499976 42.999996 -36.000000
v 2.499977 -33.000000 -55.999992
v 2.499977 -1.999986 -24.999990
v 2.499977 0.000012 -24.999990
v 2.499977 -31.000006 -55.999992
v 3.499976 -16.999990 -55.999992
v 3.499976 14.000006 -24.999990
v 3.499976 -42.999996 -36.999989
v 3.499976 -30.999994 -24.999990
v 2.499977 20.000006 -24.999990
v 2.499977 -11.000003 -55.999992
v 3.499976 28.999996 -55.999992
v 3.499976 -2.000007 -24.999990
v 2.499977 40.000015 -24.999977
v 2.499977 8.999994 -55.999992
v 2.499977 -37.000004 -55.999992
v 2.499977 -42.999985 -50.000011
v 2.499977 12.999995 -55.999992
v 2.499977 -18.000002 -24.999990
v 2.499977 42.999996 -40.999985
v 2.499977 26.999987 -24.999990
v 2.499977 42.999996 -32.000019
v 2.499977 19.000004 -55.999992
v 2.499977 1.999998 -55.999992
v 2.499977 33.000000 -24.999990
v 2.499977 -42.999996 -55.999992
v 2.499977 -11.999992 -24.999990
v 3.499976 20.999981 -24.999977
v 3.499976 42.999996 -46.999977
v 3.499976 30.999994 -24.999990
v 3.499976 42.999996 -36.999989
v 3.499976 -26.999998 -55.999992
v 3.499976 4.000014 -24.999977
v 2.499977 32.000004 -55.999992
v 2.499977 42.999996 -45.000004
v 3.499976 -6.000007 -55.999981
v 3.499976 -37.000008 -24.999990
v 3.499976 39.000000 -55.999992
v 3.499976 7.999995 -24.999990
v 3.499976 -9.000015 -24.999990
v 3.499976 21.999990 -55.999992
v 3.499976 25.999990 -24.999990
v 3.499976 42.999992 -41.999985
v 2.499977 22.999996 -55.999992
v 2.499977 -8.000013 -24.999990
v 3.499976 -43.000004 -35.999989
v 3.499976 -23.000002 -55.999992
v 3.499976 42.999996 -55.999992
v 3.499976 -43.000004 -24.999990
v 3.700006 -46.999992 -27.999994
v 3.700006 -49.000000 -27.999994
v 3.700006 -44.999992 -27.999994
v 3.700006 -45.000004 -48.999996
v 3.700006 -47.000004 -48.999996
v 1.000000 -49.000000 -27.999994
v 1.000000 -44.999992 -27.999994
v 3.700006 -49.000004 -48.999996
v 1.000000 -49.000004 -48.999996
v 1.000000 -45.000004 -48.999996
v 3.000003 44.599998 -1.599997
v 4.200003 44.599998 -1.599997
v 3.000003 44.424259 -2.024263
v 4.200003 44.424259 -2.024263
v 3.000003 44.000000 -2.200001
v 4.200003 44.000000 -2.200001
v 3.000003 43.575733 -2.024263
v 4.200003 43.575733 -2.024263
v 3.000003 43.399994 -1.599997
v 4.200003 43.399994 -1.599997
v 3.000003 43.575733 -1.175737
v 4.200003 43.575733 -1.175737
v 3.000003 44.000000 -0.999999
v 4.200003 44.000000 -0.999999
v 3.000003 44.424259 -1.175737
v 4.200003 44.424259 -1.175737
v 4.616758 44.599998 -1.636463
v 4.543084 44.424259 -2.054280
v 4.512569 44.000000 -2.227348
v 4.543084 43.575733 -2.054280
v 4.616758 43.399994 -1.636463
v 4.690430 43.575733 -1.218647
v 4.720947 44.000000 -1.045578
v 4.690430 44.424259 -1.218647
v 5.020851 44.599998 -1.744741
v 4.875743 44.424259 -2.143413
v 4.815638 44.000000 -2.308553
v 4.875743 43.575733 -2.143413
v 5.020851 43.399994 -1.744741
v 5.165958 43.575733 -1.346063
v 5.226064 44.000000 -1.180923
v 5.165958 44.424259 -1.346063
v 5.400002 44.599998 -1.921540
v 5.187869 44.424259 -2.288961
v 5.100003 44.000000 -2.441156
v 5.187869 43.575733 -2.288961
v 5.400002 43.399994 -1.921540
v 5.612135 43.575733 -1.554113
v 5.700001 44.000000 -1.401925
v 5.612135 44.424259 -1.554113
v 5.742693 44.599998 -2.161497
v 5.469981 44.424259 -2.486497
v 5.357021 44.000000 -2.621120
v 5.469981 43.575733 -2.486497
v 5.742693 43.399994 -2.161497
v 6.015405 43.575733 -1.836490
v 6.128365 44.000000 -1.701867
v 6.015405 44.424259 -1.836490
v 6.038508 44.599998 -2.457314
v 5.713505 44.424259 -2.730024
v 5.578881 44.000000 -2.842980
v 5.713505 43.575733 -2.730024
v 6.038508 43.399994 -2.457314
v 6.363514 43.575733 -2.184599
v 6.498134 44.000000 -2.071637
v 6.363514 44.424259 -2.184599
v 6.278464 44.599998 -2.800005
v 5.911040 44.424259 -3.012134
v 5.758849 44.000000 -3.100003
v 5.911040 43.575733 -3.012134
v 6.278464 43.399994 -2.800005
v 6.645885 43.575733 -2.587867
v 6.798079 44.000000 -2.500003
v 6.645885 44.424259 -2.587867
v 6.455264 44.599998 -3.179152
v 6.056586 44.424259 -3.324260
v 5.891448 44.000000 -3.384371
v 6.056586 43.575733 -3.324260
v 6.455264 43.399994 -3.179152
v 6.853941 43.575733 -3.034045
v 7.019079 44.000000 -2.973944
v 6.853941 44.424259 -3.034045
v 6.563541 44.599998 -3.583248
v 6.145721 44.424259 -3.656919
v 5.972657 44.000000 -3.687437
v 6.145721 43.575733 -3.656919
v 6.563541 43.399994 -3.583248
v 6.981358 43.575733 -3.509577
v 7.154426 44.000000 -3.479059
v 6.981358 44.424259 -3.509577
v 6.600001 44.599998 -4.000004
v 6.175738 44.424259 -4.000004
v 6.000003 44.000000 -4.000004
v 6.175738 43.575733 -4.000004
v 6.600001 43.399994 -4.000004
v 7.024264 43.575733 -4.000004
v 7.200003 44.000000 -4.000004
v 7.024264 44.424259 -4.000004
v 6.600001 43.400002 -38.000004
v 7.024264 43.575733 -38.000004
v 7.200000 44.000000 -38.000004
v 3.000003 43.399994 -40.400002
v 4.200003 43.399994 -40.400002
v 3.000003 43.575733 -39.975735
v 4.200003 43.575733 -39.975735
v 3.000003 44.000000 -39.799995
v 4.200003 44.000000 -39.799995
v 3.000003 44.424259 -39.975735
v 4.200003 44.424259 -39.975735
v 3.000003 44.599998 -40.400002
v 4.200003 44.599998 -40.400002
v 3.000003 44.424259 -40.824268
v 4.200003 44.424259 -40.824268
v 3.000003 44.000000 -41.000000
v 4.200003 44.000000 -41.000000
v 3.000003 43.575733 -40.824268
v 4.200003 43.575733 -40.824268
v 4.616758 43.399994 -40.363541
v 4.543084 43.575733 -39.945724
v 4.512569 44.000000 -39.772655
v 4.543084 44.424259 -39.945724
v 4.616758 44.599998 -40.363541
v 4.690430 44.424259 -40.781357
v 4.720947 44.000000 -40.954418
v 4.690430 43.575733 -40.781357
v 5.020851 43.399994 -40.255264
v 4.875743 43.575733 -39.856586
v 4.815638 44.000000 -39.691452
v 4.875743 44.424259 -39.856586
v 5.020851 44.599998 -40.255264
v 5.165958 44.424259 -40.653942
v 5.226064 44.000000 -40.819077
v 5.165958 43.575733 -40.653942
v 5.400002 43.399994 -40.078465
v 5.187869 43.575733 -39.711037
v 5.100003 44.000000 -39.558849
v 5.187869 44.424259 -39.711037
v 5.400002 44.599998 -40.078465
v 5.612135 44.424259 -40.445885
v 5.700001 44.000000 -40.598080
v 5.612135 43.575733 -40.445885
v 5.742693 43.399994 -39.838509
v 5.469981 43.575733 -39.513500
v 5.357021 44.000000 -39.378883
v 5.469981 44.424259 -39.513500
v 5.742693 44.599998 -39.838509
v 6.015405 44.424259 -40.163513
v 6.128365 44.000000 -40.298130
v 6.015405 43.575733 -40.163513
v 6.038508 43.399994 -39.542690
v 5.713505 43.575733 -39.269981
v 5.578881 44.000000 -39.157024
v 5.713505 44.424259 -39.269981
v 6.038508 44.599998 -39.542690
v 6.363514 44.424259 -39.815407
v 6.498134 44.000000 -39.928360
v 6.363514 43.575733 -39.815407
v 6.278464 43.399994 -39.200001
v 5.911040 43.575733 -38.987873
v 5.758849 44.000000 -38.900002
v 5.911040 44.424259 -38.987873
v 6.278464 44.599998 -39.200001
v 6.645885 44.424259 -39.412132
v 6.798079 44.000000 -39.500000
v 6.645885 43.575733 -39.412132
v 6.455264 43.399994 -38.820854
v 6.056586 43.575733 -38.675739
v 5.891448 44.000000 -38.615635
v 6.056586 44.424259 -38.675739
v 6.455264 44.599998 -38.820854
v 6.853941 44.424259 -38.965954
v 7.019079 44.000000 -39.026062
v 6.853941 43.575733 -38.965954
v 6.563541 43.399994 -38.416759
v 6.145721 43.575733 -38.343086
v 5.972657 44.000000 -38.312569
v 6.145721 44.424259 -38.343086
v 6.563541 44.599998 -38.416759
v 6.981358 44.424259 -38.490429
v 7.154426 44.000000 -38.520947
v 6.981358 43.575733 -38.490429
v 6.175738 43.575733 -38.000004
v 6.000003 44.000000 -38.000004
v 6.175738 44.424259 -38.000004
v 6.600001 44.599998 -38.000004
v 7.024264 44.424259 -38.000004
v 7.024264 -43.575745 -38.000004
v 6.600001 -43.400005 -38.000004
v 6.175738 -43.575745 -38.000004
v 6.000003 -44.000004 -38.000004
v 6.175738 -44.424267 -38.000004
v 6.981358 -44.424267 -38.490429
v 7.154426 -44.000004 -38.520947
v 6.981358 -43.575745 -38.490429
v 6.563541 -43.400005 -38.416759
v 6.145721 -43.575745 -38.343086
v 5.972657 -44.000004 -38.312569
v 6.145721 -44.424267 -38.343086
v 6.563541 -44.600006 -38.416759
v 6.853941 -44.424267 -38.965954
v 7.019079 -44.000004 -39.026062
v 6.853941 -43.575745 -38.965954
v 6.455264 -43.400005 -38.820854
v 6.056586 -43.575745 -38.675739
v 5.891448 -44.000004 -38.615635
v 6.056586 -44.424267 -38.675739
v 6.455264 -44.600006 -38.820854
v 6.645885 -44.424267 -39.412132
v 6.798079 -44.000004 -39.500000
v 6.645885 -43.575745 -39.412132
v 6.278464 -43.400005 -39.200001
v 5.911040 -43.575745 -38.987873
v 5.758849 -44.000004 -38.900002
v 5.911040 -44.424267 -38.987873
v 6.278464 -44.600006 -39.200001
v 6.363514 -44.424267 -39.815407
v 6.498134 -44.000004 -39.928360
v 6.363514 -43.575745 -39.815407
v 6.038508 -43.400005 -39.542690
v 5.713505 -43.575745 -39.269981
v 5.578881 -44.000004 -39.157024
v 5.713505 -44.424267 -39.269981
v 6.038508 -44.600006 -39.542690
v 6.015405 -44.424267 -40.163513
v 6.128365 -44.000004 -40.298130
v 6.015405 -43.575745 -40.163513
v 5.742693 -43.400005 -39.838509
v 5.469981 -43.575745 -39.513500
v 5.357021 -44.000004 -39.378883
v 5.469981 -44.424267 -39.513500
v 5.742693 -44.600006 -39.838509
v 5.612135 -44.424267 -40.445885
v 5.700001 -44.000004 -40.598080
v 5.612135 -43.575745 -40.445885
v 5.400002 -43.400005 -40.078465
v 5.187869 -43.575745 -39.711037
v 5.100003 -44.000004 -39.558849
v 5.187869 -44.424267 -39.711037
v 5.400002 -44.600006 -40.078465
v 5.165958 -44.424267 -40.653942
v 5.226064 -44.000004 -40.819077
v 5.165958 -43.575745 -40.653942
v 5.020851 -43.400005 -40.255264
v 4.875743 -43.575745 -39.856586
v 4.815638 -44.000004 -39.691452
v 4.875743 -44.424267 -39.856586
v 5.020851 -44.600006 -40.255264
v 4.690430 -44.424267 -40.781357
v 4.720947 -44.000004 -40.954418
v 4.690430 -43.575745 -40.781357
v 4.616758 -43.400005 -40.363541
v 4.543084 -43.575745 -39.945724
v 4.512569 -44.000004 -39.772655
v 4.543084 -44.424267 -39.945724
v 4.616758 -44.600006 -40.363541
v 4.200003 -44.424267 -40.824268
v 3.000003 -44.424267 -40.824268
v 4.200003 -44.000004 -41.000000
v 3.000003 -44.000004 -41.000000
v 4.200003 -43.575745 -40.824268
v 3.000003 -43.575745 -40.824268
v 4.200003 -43.400005 -40.400002
v 3.000003 -43.400005 -40.400002
v 4.200003 -43.575745 -39.975735
v 3.000003 -43.575745 -39.975735
v 4.200003 -44.000004 -39.799995
v 3.000003 -44.000004 -39.799995
v 4.200003 -44.424267 -39.975735
v 3.000003 -44.424267 -39.975735
v 4.200003 -44.600006 -40.400002
v 3.000003 -44.600006 -40.400002
v 7.200000 -44.000004 -38.000004
v 7.024264 -44.424267 -38.000004
v 6.600001 -44.600002 -38.000004
v 7.024264 -43.575745 -4.000004
v 7.200003 -44.000004 -4.000004
v 7.024264 -44.424267 -4.000004
v 6.600001 -44.600006 -4.000004
v 6.175738 -44.424267 -4.000004
v 6.000003 -44.000004 -4.000004
v 6.175738 -43.575745 -4.000004
v 6.600001 -43.400005 -4.000004
v 6.981358 -43.575745 -3.509577
v 7.154426 -44.000004 -3.479059
v 6.981358 -44.424267 -3.509577
v 6.563541 -44.600006 -3.583248
v 6.145721 -44.424267 -3.656919
v 5.972657 -44.000004 -3.687437
v 6.145721 -43.575745 -3.656919
v 6.563541 -43.400005 -3.583248
v 6.853941 -43.575745 -3.034045
v 7.019079 -44.000004 -2.973944
v 6.853941 -44.424267 -3.034045
v 6.455264 -44.600006 -3.179152
v 6.056586 -44.424267 -3.324260
v 5.891448 -44.000004 -3.384371
v 6.056586 -43.575745 -3.324260
v 6.455264 -43.400005 -3.179152
v 6.645885 -43.575745 -2.587867
v 6.798079 -44.000004 -2.500003
v 6.645885 -44.424267 -2.587867
v 6.278464 -44.600006 -2.800005
v 5.911040 -44.424267 -3.012134
v 5.758849 -44.000004 -3.100003
v 5.911040 -43.575745 -3.012134
v 6.278464 -43.400005 -2.800005
v 6.363514 -43.575745 -2.184599
v 6.498134 -44.000004 -2.071637
v 6.363514 -44.424267 -2.184599
v 6.038508 -44.600006 -2.457314
v 5.713505 -44.424267 -2.730024
v 5.578881 -44.000004 -2.842980
v 5.713505 -43.575745 -2.730024
v 6.038508 -43.400005 -2.457314
v 6.015405 -43.575745 -1.836490
v 6.128365 -44.000004 -1.701867
v 6.015405 -44.424267 -1.836490
v 5.742693 -44.600006 -2.161497
v 5.469981 -44.424267 -2.486497
v 5.357021 -44.000004 -2.621120
v 5.469981 -43.575745 -2.486497
v 5.742693 -43.400005 -2.161497
v 5.612135 -43.575745 -1.554113
v 5.700001 -44.000004 -1.401925
v 5.612135 -44.424267 -1.554113
v 5.400002 -44.600006 -1.921540
v 5.187869 -44.424267 -2.288961
v 5.100003 -44.000004 -2.441156
v 5.187869 -43.575745 -2.288961
v 5.400002 -43.400005 -1.921540
v 5.165958 -43.575745 -1.346063
v 5.226064 -44.000004 -1.180923
v 5.165958 -44.424267 -1.346063
v 5.020851 -44.600006 -1.744741
v 4.875743 -44.424267 -2.143413
v 4.815638 -44.000004 -2.308553
v 4.875743 -43.575745 -2.143413
v 5.020851 -43.400005 -1.744741
v 4.690430 -43.575745 -1.218647
v 4.720947 -44.000004 -1.045578
v 4.690430 -44.424267 -1.218647
v 4.616758 -44.600006 -1.636463
v 4.543084 -44.424267 -2.054280
v 4.512569 -44.000004 -2.227348
v 4.543084 -43.575745 -2.054280
v 4.616758 -43.400005 -1.636463
v 4.200003 -43.575745 -1.175737
v 3.000003 -43.575745 -1.175737
v 4.200003 -44.000004 -0.999999
v 3.000003 -44.000004 -0.999999
v 4.200003 -44.424267 -1.175737
v 3.000003 -44.424267 -1.175737
v 4.200003 -44.600006 -1.599997
v 3.000003 -44.600006 -1.599997
v 4.200003 -44.424267 -2.024263
v 3.000003 -44.424267 -2.024263
v 4.200003 -44.000004 -2.200001
v 3.000003 -44.000004 -2.200001
v 4.200003 -43.575745 -2.024263
v 3.000003 -43.575745 -2.024263
v 4.200003 -43.400005 -1.599997
v 3.000003 -43.400005 -1.599997
v 0.000016 39.999996 -19.000011
v 0.000016 -39.999996 -19.000011
v 3.700009 -39.999992 -19.000011
v 3.700009 40.000000 -19.000011
v 0.000016 -40.000011 -22.999985
v 0.000016 39.999996 -22.999979
v 3.700009 39.999996 -22.999979
v 3.700009 -40.000008 -22.999985
v 1.000000 45.000000 11.000005
v 1.000000 49.000008 11.000005
v 1.000000 49.000008 11.000005
v 0.000016 42.999996 -17.000002
v 0.000016 42.999996 -17.000002
v 0.000016 43.000008 14.000009
v 0.000016 43.000008 14.000009
v 3.700009 43.000008 14.000009
v 3.700009 43.000008 14.000009
v 3.700009 42.999996 -17.000002
v 3.700009 42.999996 -17.000002
v 0.000016 -44.999989 -19.000011
v 0.000016 -45.000019 16.000008
v 0.000016 -45.000019 16.000008
v 0.000016 -42.999996 14.000009
v 0.000016 -42.999996 14.000009
v 0.000016 -42.999989 -17.000002
v 0.000016 -42.999989 -17.000002
v 3.700009 -45.000019 16.000008
v 3.700009 -45.000019 16.000008
v 3.700009 -44.999989 -19.000011
v 3.700009 -42.999989 -17.000002
v 3.700009 -42.999989 -17.000002
v 3.700009 -42.999996 14.000009
v 3.700009 -42.999996 14.000009
v 3.700006 45.000000 -9.999998
v 3.700006 46.999996 -9.999998
v 3.700006 49.000008 11.000005
v 3.700006 49.000008 11.000005
v 3.700006 47.000008 11.000005
v 3.700006 45.000000 11.000005
v 3.700006 48.999996 -9.999998
v 3.700006 48.999996 -9.999998
v 3.700006 -49.000000 -9.999998
v 3.700006 -49.000000 -9.999998
v 3.700006 -47.000004 -9.999998
v 3.700006 -44.999992 11.000005
v 3.700006 -46.999992 11.000005
v 3.700006 -49.000000 11.000005
v 3.700006 -49.000000 11.000005
v 3.700006 -45.000004 -9.999998
v -0.500000 48.500000 4.500002
v -0.500000 48.500000 4.500002
v -0.500000 45.500000 4.500002
v -0.500000 45.500000 4.500002
v -0.500000 45.500000 10.499999
v -0.500000 45.500000 10.499999
v -0.500000 48.500000 10.499999
v -0.500000 48.500000 10.499999
v 0.000016 45.000004 16.000025
v 0.000016 45.000004 16.000025
v 3.700009 45.000004 16.000025
v 3.700009 45.000004 16.000025
v 4.000008 46.499985 7.633964
v 4.000008 46.499985 7.633964
v 4.000008 47.499985 7.633964
v 4.000008 47.499985 7.633964
v 3.700006 47.999985 8.499995
v 4.000002 47.999985 8.499995
v 4.000002 47.999985 8.499995
v 3.700012 46.499985 7.633964
v 4.000002 47.499985 9.366015
v 4.000002 47.499985 9.366015
v 4.000008 46.499985 9.366015
v 4.000008 46.499985 9.366015
v 3.700006 47.499985 9.366015
v 4.000008 46.499985 5.633966
v 4.000008 46.499985 5.633966
v 4.000008 47.499985 5.633966
v 4.000008 47.499985 5.633966
v 3.700006 47.999985 6.499998
v 4.000002 47.999985 6.499998
v 4.000002 47.999985 6.499998
v 3.700012 46.499985 5.633966
v 4.000002 47.499985 7.366017
v 4.000002 47.499985 7.366017
v 4.000008 46.499985 7.366017
v 4.000008 46.499985 7.366017
v 3.700006 47.499985 7.366017
v 2.499977 43.000004 8.000003
v 2.499977 36.999996 14.000021
v 3.499976 -19.000006 14.000009
v 3.499976 12.000000 -16.999996
v 3.499976 -39.000015 14.000021
v 3.499976 -7.999990 -16.999996
v 2.499977 -8.000004 -16.999996
v 2.499977 23.000002 13.999997
v 2.499977 -42.999989 -6.999981
v 2.499977 -21.999990 14.000009
v 3.499976 -16.000002 -16.999996
v 3.499976 -42.999985 9.999989
v 3.499976 8.000004 -16.999996
v 3.499976 39.000008 14.000009
v 3.499976 -24.000011 14.000009
v 3.499976 7.000008 -16.999996
v 3.499976 -37.000000 -16.999996
v 3.499976 -5.999989 14.000021
v 3.499976 -26.000000 -16.999996
v 3.499976 -43.000000 0.000000
v 3.499976 4.000008 -16.999996
v 3.499976 -27.000008 14.000009
v 3.499976 43.000000 -11.000002
v 3.499976 17.999998 14.000009
v 3.499976 38.000000 -16.999996
v 3.499976 42.999996 -12.000000
v 2.499977 -12.000009 -16.999996
v 2.499977 -43.000000 13.999997
v 2.499977 33.000004 -16.999996
v 2.499977 1.999983 14.000009
v 2.499977 -9.999990 14.000009
v 2.499977 -41.000000 -16.999996
v 3.499976 13.000006 -16.999996
v 3.499976 42.999992 12.999998
v 3.499976 -30.999994 -17.000008
v 3.499976 -42.999996 -5.000007
v 2.499977 10.000014 14.000009
v 2.499977 -20.999994 -16.999996
v 2.499977 -24.999987 14.000009
v 2.499977 -42.999989 -3.999984
v 2.499977 -17.999994 -16.999996
v 2.499977 13.000011 14.000009
v 2.499977 -42.999996 3.000009
v 2.499977 -31.999987 14.000009
v 2.499977 -27.000004 -16.999996
v 2.499977 -42.999996 -0.999999
v 3.499976 -2.000003 -16.999996
v 3.499976 29.000011 14.000009
v 3.499976 -42.999992 -13.000000
v 3.499976 -15.999993 14.000009
v 2.499977 15.000015 14.000021
v 2.499977 -15.999996 -16.999996
v 2.499977 5.000018 14.000009
v 2.499977 -25.999987 -16.999996
v 3.499976 13.999998 -16.999996
v 3.499976 -17.000004 14.000009
v 2.499977 43.000004 -2.999997
v 2.499977 29.000000 -16.999996
v 3.499976 43.000000 -0.999999
v 3.499976 27.999985 14.000009
v 2.499977 25.000017 14.000021
v 2.499977 -6.000003 -16.999996
v 2.499977 -2.000004 -16.999996
v 2.499977 -33.000000 14.000009
v 2.499977 42.999996 -16.999996
v 2.499977 11.999986 14.000009
v 2.499977 42.999996 -13.000000
v 2.499977 39.000000 -16.999996
v 2.499977 22.000004 -16.999996
v 2.499977 43.000011 4.000008
v 2.499977 43.000011 2.000022
v 2.499977 24.000000 -16.999996
v 2.499977 -27.999996 -16.999996
v 2.499977 3.000006 14.000009
v 3.499976 35.999989 14.000009
v 3.499976 42.999996 7.000004
v 3.499976 -11.999997 -16.999996
v 3.499976 19.000002 14.000009
v 3.499976 -42.999985 -2.999973
v 3.499976 -25.999992 14.000009
v 3.499976 15.999985 14.000009
v 3.499976 42.999996 -13.000000
v 2.499977 17.000004 -16.999996
v 2.499977 43.000011 9.000002
v 3.499976 23.999990 -16.999996
v 3.499976 -7.000013 14.000009
v 3.499976 -29.000013 14.000021
v 3.499976 2.000007 -16.999996
v 3.499976 43.000000 9.000002
v 3.499976 38.000004 13.999997
v 3.499976 5.999981 14.000009
v 3.499976 36.999996 -16.999996
v 2.499977 8.000003 -16.999996
v 2.499977 -23.000011 14.000009
v 2.499977 42.999996 -6.999981
v 2.499977 21.999983 14.000021
v 3.499976 -14.000016 14.000009
v 3.499976 16.999992 -16.999996
v 3.499976 -42.999996 -1.999998
v 3.499976 -28.000004 -16.999996
v 2.499977 6.999999 -16.999996
v 2.499977 38.000011 14.000009
v 3.499976 0.999987 14.000009
v 3.499976 32.000004 -16.999996
v 2.499977 -38.000000 -16.999996
v 2.499977 -6.999996 14.000009
v 3.499976 27.999994 -16.999996
v 3.499976 43.000000 -1.999998
v 3.499976 -42.999985 -12.000012
v 3.499976 -38.000000 -16.999996
v 3.499976 -21.999987 -16.999996
v 3.499976 9.000008 14.000009
v 3.499976 -42.999992 7.000016
v 3.499976 -36.000000 14.000009
v 3.499976 -21.000004 -16.999996
v 3.499976 -42.999996 4.999983
v 3.499976 -11.000002 -16.999996
v 3.499976 -42.000004 14.000009
v 3.499976 33.999996 -16.999996
v 3.499976 2.999985 14.000009
v 3.499976 33.000011 -16.999996
v 3.499976 42.999996 -7.000005
v 2.499977 12.000000 -16.999996
v 2.499977 43.000008 14.000009
v 2.499977 17.999994 -16.999996
v 2.499977 -13.000009 14.000009
v 2.499977 -17.000000 -16.999996
v 2.499977 -42.999996 8.999990
v 2.499977 42.999996 3.000009
v 2.499977 31.999992 14.000009
v 2.499977 -4.999983 14.000009
v 2.499977 -36.000000 -16.999996
v 2.499977 -3.000008 -16.999996
v 2.499977 28.000006 14.000009
v 2.499977 -42.999985 -11.999989
v 2.499977 -16.999996 14.000009
v 2.499977 -22.000008 -16.999996
v 2.499977 -42.999989 3.999984
v 2.499977 -19.999992 14.000009
v 2.499977 -42.999981 -8.999968
v 3.499976 -32.000004 -16.999996
v 3.499976 -0.999984 14.000009
v 2.499977 35.000011 14.000009
v 2.499977 4.000008 -16.999996
v 2.499977 -32.000011 -16.999996
v 2.499977 -42.999977 -6.000030
v 3.499976 -0.999999 -16.999996
v 3.499976 -32.000004 14.000009
v 3.499976 42.999985 -15.999985
v 3.499976 12.999985 14.000009
v 2.499977 42.999992 11.999987
v 2.499977 14.000013 -16.999985
v 2.499977 27.999990 -16.999996
v 2.499977 -3.000015 14.000009
v 2.499977 42.999992 -8.000004
v 2.499977 33.999996 -16.999996
v 2.499977 30.000013 14.000021
v 2.499977 -1.000008 -16.999996
v 2.499977 -13.000001 -16.999996
v 2.499977 18.000006 14.000009
v 2.499977 -42.999992 -1.999986
v 2.499977 -26.999987 14.000009
v 2.499977 26.999998 -16.999996
v 2.499977 42.999996 -0.999999
v 3.499976 3.000002 -16.999996
v 3.499976 34.000008 14.000021
v 3.499976 -42.000000 -16.999996
v 3.499976 -10.999984 14.000021
v 3.499976 -4.000015 14.000009
v 3.499976 26.999987 -16.999996
v 2.499977 37.000000 -16.999996
v 2.499977 42.999996 -11.000002
v 3.499976 9.000004 -16.999996
v 3.499976 -22.000010 14.000009
v 3.499976 42.999996 -5.999982
v 3.499976 22.999992 14.000009
v 3.499976 10.999989 14.000009
v 3.499976 41.999996 -16.999996
v 2.499977 -7.000009 -16.999996
v 2.499977 -38.000011 14.000009
v 2.499977 38.000000 -16.999996
v 2.499977 6.999990 14.000009
v 3.499976 -34.000008 14.000009
v 3.499976 -3.000006 -16.999996
v 3.499976 -35.999985 -17.000019
v 3.499976 -42.999996 -10.000002
v 3.499976 -43.000000 12.999998
v 3.499976 -13.000003 -16.999996
v 2.499977 -22.999990 -16.999996
v 2.499977 8.000008 14.000009
v 2.499977 -42.999996 8.000014
v 2.499977 -37.000008 14.000009
v 3.499976 -42.999996 -7.000017
v 3.499976 -33.000011 -16.999996
v 3.499976 -6.999999 -16.999996
v 3.499976 24.000004 14.000009
v 3.499976 -42.999989 -7.999980
v 3.499976 -20.999987 14.000021
v 3.499976 -43.000000 7.999991
v 3.499976 -18.000000 -16.999996
v 3.499976 18.999996 -16.999996
v 3.499976 -12.000011 14.000009
v 2.499977 -14.999986 14.000009
v 2.499977 -42.999985 -13.999987
v 3.499976 42.999996 4.000008
v 3.499976 32.999992 14.000009
v 3.499976 18.000008 -16.999996
v 3.499976 43.000008 8.000003
v 2.499977 2.999997 -16.999996
v 2.499977 -28.000006 14.000009
v 2.499977 43.000000 -12.000000
v 2.499977 16.999996 14.000009
v 2.499977 -29.999996 14.000009
v 2.499977 -42.999996 1.000011
v 2.499977 -34.999992 14.000009
v 2.499977 -42.999996 6.000005
v 3.499976 23.000004 -16.999996
v 3.499976 42.999996 2.999997
v 2.499977 -33.000000 -16.999996
v 2.499977 -1.999986 14.000009
v 2.499977 0.000012 14.000009
v 2.499977 -31.000006 -16.999996
v 3.499976 -16.999990 -16.999996
v 3.499976 14.000006 14.000009
v 3.499976 -42.999996 2.000010
v 3.499976 -30.999994 14.000009
v 2.499977 20.000006 14.000009
v 2.499977 -11.000003 -16.999996
v 3.499976 28.999996 -16.999996
v 3.499976 -2.000007 14.000009
v 2.499977 40.000015 14.000021
v 2.499977 8.999994 -16.999996
v 2.499977 -37.000004 -16.999996
v 2.499977 -42.999985 -11.000013
v 2.499977 12.999995 -16.999996
v 2.499977 -18.000002 14.000009
v 2.499977 42.999996 -1.999986
v 2.499977 26.999987 14.000009
v 2.499977 42.999996 6.999980
v 2.499977 19.000004 -16.999996
v 2.499977 1.999998 -16.999996
v 2.499977 33.000000 14.000009
v 2.499977 -42.999996 -16.999996
v 2.499977 -11.999992 14.000009
v 3.499976 20.999981 14.000021
v 3.499976 42.999996 -7.999980
v 3.499976 30.999994 14.000009
v 3.499976 42.999996 2.000010
v 3.499976 -26.999998 -16.999996
v 3.499976 4.000014 14.000021
v 2.499977 32.000004 -16.999996
v 2.499977 42.999996 -6.000006
v 3.499976 -6.000007 -16.999985
v 3.499976 -37.000008 14.000009
v 3.499976 39.000000 -16.999996
v 3.499976 7.999995 14.000009
v 3.499976 -9.000015 14.000009
v 3.499976 21.999990 -16.999996
v 3.499976 25.999990 14.000009
v 3.499976 42.999992 -2.999985
v 2.499977 22.999996 -16.999996
v 2.499977 -8.000013 14.000009
v 3.499976 -43.000004 3.000009
v 3.499976 -23.000002 -16.999996
v 1.000000 45.000000 -27.999994
v 1.000000 49.000008 -27.999994
v 1.000000 49.000008 -27.999994
v 0.000016 -44.999989 -58.000004
v 0.000016 -44.999989 -58.000004
v 3.700009 -44.999989 -58.000004
v 3.700009 -44.999989 -58.000004
v 0.000016 44.999992 -58.000004
v 0.000016 44.999992 -58.000004
v 3.700009 44.999992 -58.000004
v 3.700009 44.999992 -58.000004
v 0.000016 42.999996 -55.999992
v 0.000016 42.999996 -55.999992
v 0.000016 43.000008 -24.999990
v 0.000016 43.000008 -24.999990
v 3.700009 43.000008 -24.999990
v 3.700009 43.000008 -24.999990
v 3.700009 42.999996 -55.999992
v 3.700009 42.999996 -55.999992
v 0.000016 -45.000019 -22.999992
v 0.000016 -42.999996 -24.999990
v 0.000016 -42.999996 -24.999990
v 0.000016 -42.999989 -55.999992
v 0.000016 -42.999989 -55.999992
v 3.700009 -45.000019 -22.999992
v 3.700009 -42.999989 -55.999992
v 3.700009 -42.999989 -55.999992
v 3.700009 -42.999996 -24.999990
v 3.700009 -42.999996 -24.999990
v 3.700006 45.000000 -48.999996
v 3.700006 46.999996 -48.999996
v 3.700006 49.000008 -27.999994
v 3.700006 49.000008 -27.999994
v 3.700006 47.000008 -27.999994
v 3.700006 45.000000 -27.999994
v 3.700006 48.999996 -48.999996
v 3.700006 48.999996 -48.999996
v 3.700006 -49.000004 -48.999996
v 3.700006 -49.000004 -48.999996
v 1.000000 -49.000004 -48.999996
v 3.700006 -44.999992 -27.999994
v 3.700006 -46.999992 -27.999994
v 3.700006 -49.000000 -27.999994
v 3.700006 -49.000000 -27.999994
v 3.700006 -47.000004 -48.999996
v 3.700006 -45.000004 -48.999996
v 4.200003 44.424259 -1.175737
v 4.690430 44.424259 -1.218647
v 4.616758 44.599998 -1.636463
v 4.200003 44.599998 -1.599997
v 4.200003 44.000000 -2.200001
v 4.512569 44.000000 -2.227348
v 4.200003 43.575733 -1.175737
v 4.690430 43.575733 -1.218647
v 4.720947 44.000000 -1.045578
v 5.226064 44.000000 -1.180923
v 4.616758 43.399994 -1.636463
v 5.020851 43.399994 -1.744741
v 4.815638 44.000000 -2.308553
v 5.165958 43.575733 -1.346063
v 5.612135 43.575733 -1.554113
v 4.875743 43.575733 -2.143413
v 5.187869 43.575733 -2.288961
v 4.875743 44.424259 -2.143413
v 5.187869 44.424259 -2.288961
v 5.612135 44.424259 -1.554113
v 6.015405 44.424259 -1.836490
v 6.015405 43.575733 -1.836490
v 5.469981 43.575733 -2.486497
v 6.128365 44.000000 -1.701867
v 6.498134 44.000000 -2.071637
v 5.742693 43.399994 -2.161497
v 6.038508 43.399994 -2.457314
v 5.357021 44.000000 -2.621120
v 5.578881 44.000000 -2.842980
v 5.713505 44.424259 -2.730024
v 5.911040 44.424259 -3.012134
v 6.798079 44.000000 -2.500003
v 6.278464 43.399994 -2.800005
v 6.645885 44.424259 -2.587867
v 6.853941 44.424259 -3.034045
v 6.455264 44.599998 -3.179152
v 6.278464 44.599998 -2.800005
v 6.645885 43.575733 -2.587867
v 6.853941 43.575733 -3.034045
v 5.911040 43.575733 -3.012134
v 6.056586 43.575733 -3.324260
v 6.056586 44.424259 -3.324260
v 5.891448 44.000000 -3.384371
v 5.972657 44.000000 -3.687437
v 6.981358 44.424259 -3.509577
v 6.981358 43.575733 -3.509577
v 7.154426 44.000000 -3.479059
v 7.200003 44.000000 -4.000004
v 6.563541 43.399994 -3.583248
v 6.600001 43.399994 -4.000004
v 6.000003 44.000000 -4.000004
v 7.200000 44.000000 -38.000004
v 4.200003 43.575733 -40.824268
v 4.690430 43.575733 -40.781357
v 4.616758 43.399994 -40.363541
v 4.200003 43.399994 -40.400002
v 4.200003 44.000000 -39.799995
v 4.512569 44.000000 -39.772655
v 4.200003 44.424259 -40.824268
v 4.690430 44.424259 -40.781357
v 4.720947 44.000000 -40.954418
v 5.226064 44.000000 -40.819077
v 4.616758 44.599998 -40.363541
v 5.020851 44.599998 -40.255264
v 4.815638 44.000000 -39.691452
v 5.165958 44.424259 -40.653942
v 5.612135 44.424259 -40.445885
v 4.875743 44.424259 -39.856586
v 5.187869 44.424259 -39.711037
v 4.875743 43.575733 -39.856586
v 5.187869 43.575733 -39.711037
v 5.612135 43.575733 -40.445885
v 6.015405 43.575733 -40.163513
v 6.015405 44.424259 -40.163513
v 5.469981 44.424259 -39.513500
v 6.128365 44.000000 -40.298130
v 6.498134 44.000000 -39.928360
v 5.742693 44.599998 -39.838509
v 6.038508 44.599998 -39.542690
v 5.357021 44.000000 -39.378883
v 5.578881 44.000000 -39.157024
v 5.713505 43.575733 -39.269981
v 5.911040 43.575733 -38.987873
v 6.798079 44.000000 -39.500000
v 6.278464 44.599998 -39.200001
v 6.645885 43.575733 -39.412132
v 6.853941 43.575733 -38.965954
v 6.455264 43.399994 -38.820854
v 6.278464 43.399994 -39.200001
v 6.645885 44.424259 -39.412132
v 6.853941 44.424259 -38.965954
v 5.911040 44.424259 -38.987873
v 6.056586 44.424259 -38.675739
v 6.056586 43.575733 -38.675739
v 5.891448 44.000000 -38.615635
v 5.972657 44.000000 -38.312569
v 6.981358 43.575733 -38.490429
v 6.981358 44.424259 -38.490429
v 6.563541 44.599998 -38.416759
v 6.600001 44.599998 -38.000004
v 6.000003 44.000000 -38.000004
v 6.175738 43.575733 -4.000004
v 6.175738 43.575733 -38.000004
v 6.563541 -44.600006 -38.416759
v 6.600001 -44.600002 -38.000004
v 7.024264 -43.575745 -38.000004
v 7.024264 -43.575745 -4.000004
v 6.000003 -44.000004 -38.000004
v 6.000003 -44.000004 -4.000004
v 5.758849 -44.000004 -38.900002
v 5.578881 -44.000004 -39.157024
v 5.469981 -44.424267 -39.513500
v 5.187869 -44.424267 -39.711037
v 5.020851 -44.600006 -40.255264
v 5.400002 -44.600006 -40.078465
v 6.145721 -43.575745 -3.656919
v 6.056586 -43.575745 -3.324260
v 6.175738 -44.424267 -4.000004
v 6.145721 -44.424267 -3.656919
v 5.100003 -44.000004 -39.558849
v 4.815638 -44.000004 -39.691452
v 5.165958 -44.424267 -40.653942
v 4.690430 -44.424267 -40.781357
v 3.000003 -44.600006 -40.400002
v 4.200003 -44.600006 -40.400002
v 5.713505 -43.575745 -2.730024
v 5.469981 -43.575745 -2.486497
v 5.713505 -44.424267 -2.730024
v 5.469981 -44.424267 -2.486497
v 5.911040 -44.424267 -3.012134
v 6.455264 -44.600006 -3.179152
v 6.278464 -44.600006 -2.800005
v 5.165958 -43.575745 -1.346063
v 4.690430 -43.575745 -1.218647
v 5.700001 -44.000004 -1.401925
v 5.226064 -44.000004 -1.180923
v 5.020851 -43.400005 -1.744741
v 5.400002 -43.400005 -1.921540
v 5.357021 -44.000004 -2.621120
v 5.100003 -44.000004 -2.441156
v 5.972657 -44.000004 -38.312569
v 4.200003 -43.575745 -2.024263
v 3.000003 -43.575745 -2.024263
v 4.543084 -44.424267 -2.054280
v 4.200003 -44.424267 -2.024263
v 5.357021 -44.000004 -39.378883
v 6.498134 -44.000004 -39.928360
v 6.798079 -44.000004 -39.500000
v 6.455264 -44.600006 -38.820854
v 6.278464 -44.600006 -39.200001
v 4.200003 -43.575745 -40.824268
v 4.690430 -43.575745 -40.781357
v 4.616758 -43.400005 -40.363541
v 5.020851 -43.400005 -40.255264
v 4.875743 -43.575745 -39.856586
v 5.187869 -43.575745 -39.711037
v 5.911040 -43.575745 -3.012134
v 4.200003 -44.000004 -39.799995
v 4.512569 -44.000004 -39.772655
v 7.200003 -44.000004 -4.000004
v 7.200000 -44.000004 -38.000004
v 4.200003 -44.424267 -40.824268
v 5.612135 -43.575745 -1.554113
v 6.015405 -43.575745 -1.836490
v 5.612135 -44.424267 -1.554113
v 6.015405 -44.424267 -1.836490
v 5.742693 -44.600006 -2.161497
v 6.038508 -44.600006 -2.457314
v 4.720947 -44.000004 -1.045578
v 5.165958 -44.424267 -1.346063
v 5.713505 -43.575745 -39.269981
v 5.469981 -43.575745 -39.513500
v 5.742693 -44.600006 -39.838509
v 2.499977 43.000004 -30.999998
v 2.499977 36.999996 -24.999977
v 3.499976 -19.000006 -24.999990
v 3.499976 12.000000 -55.999992
v 3.499976 -39.000015 -24.999977
v 3.499976 -7.999990 -55.999992
v 2.499977 -8.000004 -55.999992
v 2.499977 23.000002 -25.000000
v 2.499977 -42.999989 -45.999981
v 2.499977 -21.999990 -24.999990
v 3.499976 -16.000002 -55.999992
v 3.499976 -42.999985 -29.000011
v 3.499976 8.000004 -55.999992
v 3.499976 39.000008 -24.999990
v 3.499976 -24.000011 -24.999990
v 3.499976 7.000008 -55.999992
v 3.499976 -37.000000 -55.999992
v 3.499976 -5.999989 -24.999977
v 3.499976 -26.000000 -55.999992
v 3.499976 -43.000000 -39.000000
v 3.499976 4.000008 -55.999992
v 3.499976 -27.000008 -24.999990
v 3.499976 43.000000 -50.000000
v 3.499976 17.999998 -24.999990
v 3.499976 38.000000 -55.999992
v 3.499976 42.999996 -51.000000
v 2.499977 -12.000009 -55.999992
v 2.499977 -43.000000 -25.000000
v 2.499977 33.000004 -55.999992
v 2.499977 1.999983 -24.999990
v 2.499977 -9.999990 -24.999990
v 2.499977 -41.000000 -55.999992
v 3.499976 13.000006 -55.999992
v 3.499976 42.999992 -26.000000
v 3.499976 -30.999994 -56.000008
v 3.499976 -42.999996 -44.000008
v 2.499977 10.000014 -24.999990
v 2.499977 -20.999994 -55.999992
v 2.499977 -24.999987 -24.999990
v 2.499977 -42.999989 -42.999985
v 2.499977 -17.999994 -55.999992
v 2.499977 13.000011 -24.999990
v 2.499977 -42.999996 -35.999989
v 2.499977 -31.999987 -24.999990
v 2.499977 -27.000004 -55.999992
v 2.499977 -42.999996 -39.999996
v 3.499976 -2.000003 -55.999992
v 3.499976 29.000011 -24.999990
v 3.499976 -42.999992 -52.000000
v 3.499976 -15.999993 -24.999990
v 2.499977 15.000015 -24.999977
v 2.499977 -15.999996 -55.999992
v 2.499977 5.000018 -24.999990
v 2.499977 -25.999987 -55.999992
v 3.499976 13.999998 -55.999992
v 3.499976 -17.000004 -24.999990
v 2.499977 43.000004 -41.999996
v 2.499977 29.000000 -55.999992
v 3.499976 43.000000 -39.999996
v 3.499976 27.999985 -24.999990
v 2.499977 25.000017 -24.999977
v 2.499977 -6.000003 -55.999992
v 2.499977 -2.000004 -55.999992
v 2.499977 -33.000000 -24.999990
v 2.499977 42.999996 -55.999992
v 2.499977 11.999986 -24.999990
v 2.499977 42.999996 -52.000000
v 2.499977 39.000000 -55.999992
v 2.499977 22.000004 -55.999992
v 2.499977 43.000011 -34.999992
v 2.499977 43.000011 -36.999977
v 2.499977 24.000000 -55.999992
v 2.499977 -27.999996 -55.999992
v 2.499977 3.000006 -24.999990
v 3.499976 35.999989 -24.999990
v 3.499976 42.999996 -31.999996
v 3.499976 -11.999997 -55.999992
v 3.499976 19.000002 -24.999990
v 3.499976 -42.999985 -41.999973
v 3.499976 -25.999992 -24.999990
v 3.499976 15.999985 -24.999990
v 3.499976 42.999996 -52.000000
v 2.499977 17.000004 -55.999992
v 2.499977 43.000011 -29.999998
v 3.499976 23.999990 -55.999992
v 3.499976 -7.000013 -24.999990
v 3.499976 -29.000013 -24.999977
v 3.499976 2.000007 -55.999992
v 3.499976 43.000000 -29.999998
v 3.499976 38.000004 -25.000000
v 3.499976 5.999981 -24.999990
v 3.499976 36.999996 -55.999992
v 2.499977 8.000003 -55.999992
v 2.499977 -23.000011 -24.999990
v 2.499977 42.999996 -45.999981
v 2.499977 21.999983 -24.999977
v 3.499976 -14.000016 -24.999990
v 3.499976 16.999992 -55.999992
v 3.499976 -42.999996 -40.999996
v 3.499976 -28.000004 -55.999992
v 2.499977 6.999999 -55.999992
v 2.499977 38.000011 -24.999990
v 3.499976 0.999987 -24.999990
v 3.499976 32.000004 -55.999992
v 2.499977 -38.000000 -55.999992
v 2.499977 -6.999996 -24.999990
v 3.499976 27.999994 -55.999992
v 3.499976 43.000000 -40.999996
v 3.499976 -42.999985 -51.000011
v 3.499976 -38.000000 -55.999992
v 3.499976 -21.999987 -55.999992
v 3.499976 9.000008 -24.999990
v 3.499976 -42.999992 -31.999985
v 3.499976 -36.000000 -24.999990
v 3.499976 -21.000004 -55.999992
v 3.499976 -42.999996 -34.000015
v 3.499976 -11.000002 -55.999992
v 3.499976 -42.000004 -24.999990
v 3.499976 33.999996 -55.999992
v 3.499976 2.999985 -24.999990
v 3.499976 33.000011 -55.999992
v 3.499976 42.999996 -46.000004
v 2.499977 12.000000 -55.999992
v 2.499977 43.000008 -24.999990
v 2.499977 17.999994 -55.999992
v 2.499977 -13.000009 -24.999990
v 2.499977 -17.000000 -55.999992
v 2.499977 -42.999996 -30.000010
v 2.499977 42.999996 -35.999989
v 2.499977 31.999992 -24.999990
v 2.499977 -4.999983 -24.999990
v 2.499977 -36.000000 -55.999992
v 2.499977 -3.000008 -55.999992
v 2.499977 28.000006 -24.999990
v 2.499977 -42.999985 -50.999989
v 2.499977 -16.999996 -24.999990
v 2.499977 -22.000008 -55.999992
v 2.499977 -42.999989 -35.000015
v 2.499977 -19.999992 -24.999990
v 2.499977 -42.999981 -47.999966
v 3.499976 -32.000004 -55.999992
v 3.499976 -0.999984 -24.999990
v 2.499977 35.000011 -24.999990
v 2.499977 4.000008 -55.999992
v 2.499977 -32.000011 -55.999992
v 2.499977 -42.999977 -45.000031
v 3.499976 -0.999999 -55.999992
v 3.499976 -32.000004 -24.999990
v 3.499976 42.999985 -54.999985
v 3.499976 12.999985 -24.999990
v 2.499977 42.999992 -27.000010
v 2.499977 14.000013 -55.999981
v 2.499977 27.999990 -55.999992
v 2.499977 -3.000015 -24.999990
v 2.499977 42.999992 -47.000004
v 2.499977 33.999996 -55.999992
v 2.499977 30.000013 -24.999977
v 2.499977 -1.000008 -55.999992
v 2.499977 -13.000001 -55.999992
v 2.499977 18.000006 -24.999990
v 2.499977 -42.999992 -40.999985
v 2.499977 -26.999987 -24.999990
v 2.499977 26.999998 -55.999992
v 2.499977 42.999996 -39.999996
v 3.499976 3.000002 -55.999992
v 3.499976 34.000008 -24.999977
v 3.499976 -42.000000 -55.999992
v 3.499976 -10.999984 -24.999977
v 3.499976 -4.000015 -24.999990
v 3.499976 26.999987 -55.999992
v 2.499977 37.000000 -55.999992
v 2.499977 42.999996 -50.000000
v 3.499976 9.000004 -55.999992
v 3.499976 -22.000010 -24.999990
v 3.499976 42.999996 -44.999981
v 3.499976 22.999992 -24.999990
v 3.499976 10.999989 -24.999990
v 3.499976 41.999996 -55.999992
v 2.499977 -7.000009 -55.999992
v 2.499977 -38.000011 -24.999990
v 2.499977 38.000000 -55.999992
v 2.499977 6.999990 -24.999990
v 3.499976 -34.000008 -24.999990
v 3.499976 -3.000006 -55.999992
v 3.499976 -35.999985 -56.000019
v 3.499976 -42.999996 -49.000000
v 3.499976 -43.000000 -26.000000
v 3.499976 -13.000003 -55.999992
v 2.499977 -22.999990 -55.999992
v 2.499977 8.000008 -24.999990
v 2.499977 -42.999996 -30.999985
v 2.499977 -37.000008 -24.999990
v 3.499976 -42.999996 -46.000015
v 3.499976 -33.000011 -55.999992
v 3.499976 -6.999999 -55.999992
v 3.499976 24.000004 -24.999990
v 3.499976 -42.999989 -46.999977
v 3.499976 -20.999987 -24.999977
v 3.499976 -43.000000 -31.000010
v 3.499976 -18.000000 -55.999992
v 3.499976 18.999996 -55.999992
v 3.499976 -12.000011 -24.999990
v 2.499977 -14.999986 -24.999990
v 2.499977 -42.999985 -52.999985
v 3.499976 42.999996 -34.999992
v 3.499976 32.999992 -24.999990
v 3.499976 18.000008 -55.999992
v 3.499976 43.000008 -30.999998
v 2.499977 2.999997 -55.999992
v 2.499977 -28.000006 -24.999990
v 2.499977 43.000000 -51.000000
v 2.499977 16.999996 -24.999990
v 2.499977 -29.999996 -24.999990
v 2.499977 -42.999996 -37.999989
v 2.499977 -34.999992 -24.999990
v 2.499977 -42.999996 -32.999996
v 3.499976 23.000004 -55.999992
v 3.499976 42.999996 -36.000000
v 2.499977 -33.000000 -55.999992
v 2.499977 -1.999986 -24.999990
v 2.499977 0.000012 -24.999990
v 2.499977 -31.000006 -55.999992
v 3.499976 -16.999990 -55.999992
v 3.499976 14.000006 -24.999990
v 3.499976 -42.999996 -36.999989
v 3.499976 -30.999994 -24.999990
v 2.499977 20.000006 -24.999990
v 2.499977 -11.000003 -55.999992
v 3.499976 28.999996 -55.999992
v 3.499976 -2.000007 -24.999990
v 2.499977 40.000015 -24.999977
v 2.499977 8.999994 -55.999992
v 2.499977 -37.000004 -55.999992
v 2.499977 -42.999985 -50.000011
v 2.499977 12.999995 -55.999992
v 2.499977 -18.000002 -24.999990
v 2.499977 42.999996 -40.999985
v 2.499977 26.999987 -24.999990
v 2.499977 42.999996 -32.000019
v 2.499977 19.000004 -55.999992
v 2.499977 1.999998 -55.999992
v 2.499977 33.000000 -24.999990
v 2.499977 -42.999996 -55.999992
v 2.499977 -11.999992 -24.999990
v 3.499976 20.999981 -24.999977
v 3.499976 42.999996 -46.999977
v 3.499976 30.999994 -24.999990
v 3.499976 42.999996 -36.999989
v 3.499976 -26.999998 -55.999992
v 3.499976 4.000014 -24.999977
v 2.499977 32.000004 -55.999992
v 2.499977 42.999996 -45.000004
v 3.499976 -6.000007 -55.999981
v 3.499976 -37.000008 -24.999990
v 3.499976 39.000000 -55.999992
v 3.499976 7.999995 -24.999990
v 3.499976 -9.000015 -24.999990
v 3.499976 21.999990 -55.999992
v 3.499976 25.999990 -24.999990
v 3.499976 42.999992 -41.999985
v 2.499977 22.999996 -55.999992
v 2.499977 -8.000013 -24.999990
v 3.499976 -43.000004 -35.999989
v 3.499976 -23.000002 -55.999992
v 3.000003 44.599998 -1.599997
v 4.200003 44.424259 -2.024263
v 3.000003 44.424259 -2.024263
v 4.543084 44.424259 -2.054280
v 3.000003 44.000000 -2.200001
v 4.200003 43.575733 -2.024263
v 3.000003 43.575733 -2.024263
v 4.543084 43.575733 -2.054280
v 4.200003 43.399994 -1.599997
v 3.000003 43.399994 -1.599997
v 3.000003 43.575733 -1.175737
v 4.200003 44.000000 -0.999999
v 3.000003 44.000000 -0.999999
v 3.000003 44.424259 -1.175737
v 5.165958 44.424259 -1.346063
v 5.020851 44.599998 -1.744741
v 5.700001 44.000000 -1.401925
v 5.400002 43.399994 -1.921540
v 5.100003 44.000000 -2.441156
v 5.400002 44.599998 -1.921540
v 5.469981 44.424259 -2.486497
v 5.742693 44.599998 -2.161497
v 6.038508 44.599998 -2.457314
v 6.363514 44.424259 -2.184599
v 6.363514 43.575733 -2.184599
v 5.713505 43.575733 -2.730024
v 5.758849 44.000000 -3.100003
v 7.019079 44.000000 -2.973944
v 6.455264 43.399994 -3.179152
v 6.563541 44.599998 -3.583248
v 6.145721 43.575733 -3.656919
v 6.145721 44.424259 -3.656919
v 6.600001 44.599998 -4.000004
v 6.175738 44.424259 -4.000004
v 7.024264 44.424259 -4.000004
v 7.024264 43.575733 -4.000004
v 7.024264 43.575733 -38.000004
v 3.000003 43.399994 -40.400002
v 4.200003 43.575733 -39.975735
v 3.000003 43.575733 -39.975735
v 4.543084 43.575733 -39.945724
v 3.000003 44.000000 -39.799995
v 4.200003 44.424259 -39.975735
v 3.000003 44.424259 -39.975735
v 4.543084 44.424259 -39.945724
v 4.200003 44.599998 -40.400002
v 3.000003 44.599998 -40.400002
v 3.000003 44.424259 -40.824268
v 4.200003 44.000000 -41.000000
v 3.000003 44.000000 -41.000000
v 3.000003 43.575733 -40.824268
v 5.165958 43.575733 -40.653942
v 5.020851 43.399994 -40.255264
v 5.700001 44.000000 -40.598080
v 5.400002 44.599998 -40.078465
v 5.100003 44.000000 -39.558849
v 5.400002 43.399994 -40.078465
v 5.469981 43.575733 -39.513500
v 5.742693 43.399994 -39.838509
v 6.038508 43.399994 -39.542690
v 6.363514 43.575733 -39.815407
v 6.363514 44.424259 -39.815407
v 5.713505 44.424259 -39.269981
v 5.758849 44.000000 -38.900002
v 7.019079 44.000000 -39.026062
v 6.455264 44.599998 -38.820854
v 6.563541 43.399994 -38.416759
v 7.154426 44.000000 -38.520947
v 6.145721 44.424259 -38.343086
v 6.145721 43.575733 -38.343086
v 6.175738 44.424259 -38.000004
v 7.024264 44.424259 -38.000004
v 7.024264 -44.424267 -38.000004
v 6.981358 -44.424267 -38.490429
v 6.175738 -44.424267 -38.000004
v 6.145721 -44.424267 -38.343086
v 6.600001 -44.600006 -4.000004
v 6.038508 -44.600006 -39.542690
v 6.981358 -43.575745 -38.490429
v 5.742693 -43.400005 -39.838509
v 5.400002 -43.400005 -40.078465
v 5.612135 -44.424267 -40.445885
v 5.165958 -43.575745 -40.653942
v 4.875743 -44.424267 -39.856586
v 4.543084 -44.424267 -39.945724
v 4.720947 -44.000004 -40.954418
v 4.200003 -44.000004 -41.000000
v 3.000003 -43.575745 -40.824268
v 4.200003 -43.400005 -40.400002
v 3.000003 -43.400005 -40.400002
v 4.200003 -43.575745 -39.975735
v 3.000003 -43.575745 -39.975735
v 4.200003 -44.424267 -39.975735
v 7.024264 -44.424267 -4.000004
v 6.981358 -43.575745 -3.509577
v 6.563541 -43.400005 -3.583248
v 6.600001 -43.400005 -4.000004
v 6.363514 -43.575745 -2.184599
v 6.563541 -44.600006 -3.583248
v 7.154426 -44.000004 -3.479059
v 7.019079 -44.000004 -2.973944
v 5.891448 -44.000004 -3.384371
v 5.758849 -44.000004 -3.100003
v 6.645885 -44.424267 -2.587867
v 6.363514 -44.424267 -2.184599
v 4.875743 -44.424267 -2.143413
v 4.616758 -43.400005 -1.636463
v 5.400002 -44.600006 -1.921540
v 5.020851 -44.600006 -1.744741
v 5.742693 -43.400005 -2.161497
v 6.038508 -43.400005 -2.457314
v 4.200003 -44.000004 -2.200001
v 3.000003 -44.000004 -2.200001
v 4.200003 -44.000004 -0.999999
v 3.000003 -44.000004 -0.999999
v 4.616758 -44.600006 -1.636463
v 4.200003 -44.600006 -1.599997
v 4.200003 -43.575745 -1.175737
v 3.000003 -43.575745 -1.175737
v 6.563541 -43.400005 -38.416759
v 6.600001 -43.400005 -38.000004
v 6.853941 -44.424267 -38.965954
v 5.911040 -43.575745 -38.987873
v 6.056586 -43.575745 -38.675739
v 5.612135 -43.575745 -40.445885
v 6.015405 -43.575745 -40.163513
v 6.038508 -43.400005 -39.542690
v 6.853941 -43.575745 -3.034045
v 6.056586 -44.424267 -3.324260
v 6.498134 -44.000004 -2.071637
v 6.798079 -44.000004 -2.500003
v 6.455264 -43.400005 -3.179152
v 6.278464 -43.400005 -2.800005
v 4.512569 -44.000004 -2.227348
v 4.815638 -44.000004 -2.308553
v 3.700009 44.999992 -19.000011
v 3.700009 45.000004 -22.999973
v 4.200003 -44.424267 -1.175737
v 4.690430 -44.424267 -1.218647
v 0.000016 44.999992 -19.000011
v 0.000016 45.000004 -22.999973
v 1.000000 48.999996 -9.999998
v 1.000000 48.999996 -9.999998
v 1.000000 45.000000 -9.999998
v 4.000008 45.999985 8.499995
v 4.000008 45.999985 8.499995
v 3.700012 46.499985 9.366015
v 3.700012 47.499985 7.633964
v 3.700012 45.999985 8.499995
v 4.000008 45.999985 6.499998
v 4.000008 45.999985 6.499998
v 3.700012 46.499985 7.366017
v 3.700012 47.499985 5.633966
v 3.700012 45.999985 6.499998
v 1.000000 -49.000004 -9.999998
v 1.000000 -49.000000 11.000005
v 1.000001 48.500000 4.500002
v 1.000001 48.500000 10.499999
v 1.000001 45.500000 4.500002
v 1.000001 45.500000 10.499999
v 1.000000 48.999996 -48.999996
v 1.000000 48.999996 -48.999996
v 1.000000 45.000000 -48.999996
v 1.000000 -49.000000 -27.999994
v 6.600001 43.400002 -38.000004
v 7.154426 -44.000004 -38.520947
v 6.175738 -43.575745 -4.000004
v 6.175738 -43.575745 -38.000004
v 6.145721 -43.575745 -38.343086
v 6.056586 -44.424267 -38.675739
v 6.455264 -43.400005 -38.820854
v 6.278464 -43.400005 -39.200001
v 7.019079 -44.000004 -39.026062
v 6.645885 -43.575745 -39.412132
v 6.363514 -43.575745 -39.815407
v 5.713505 -44.424267 -39.269981
v 5.891448 -44.000004 -38.615635
v 6.128365 -44.000004 -40.298130
v 5.700001 -44.000004 -40.598080
v 5.226064 -44.000004 -40.819077
v 4.543084 -43.575745 -39.945724
v 4.616758 -44.600006 -40.363541
v 3.000003 -44.424267 -40.824268
v 3.000003 -44.000004 -41.000000
v 3.000003 -44.000004 -39.799995
v 3.000003 -44.424267 -39.975735
v 6.981358 -44.424267 -3.509577
v 5.578881 -44.000004 -2.842980
v 6.645885 -43.575745 -2.587867
v 5.187869 -43.575745 -2.288961
v 6.128365 -44.000004 -1.701867
v 4.875743 -43.575745 -2.143413
v 4.543084 -43.575745 -2.054280
v 3.000003 -44.424267 -1.175737
v 3.000003 -44.600006 -1.599997
v 3.000003 -44.424267 -2.024263
v 3.000003 -43.400005 -1.599997
v 4.200003 -43.400005 -1.599997
v 6.853941 -43.575745 -38.965954
v 5.911040 -44.424267 -38.987873
v 6.645885 -44.424267 -39.412132
v 6.015405 -44.424267 -40.163513
v 5.972657 -44.000004 -3.687437
v 6.853941 -44.424267 -3.034045
v 5.187869 -44.424267 -2.288961
v 6.363514 -44.424267 -39.815407
v 1.000000 -49.000000 11.000005
v 1.000000 -44.999992 11.000005
v 1.000000 -45.000004 -9.999998
v 1.000000 -49.000000 -9.999998
v 1.000000 -49.000000 -27.999994
v 1.000000 -44.999992 -27.999994
v 1.000000 -45.000004 -48.999996
v 1.000000 -49.000000 -48.999996
vt 0.673828 0.791504
vt 0.658203 0.791992
vt 0.673828 0.791992
vt 0.673828 0.791504
vt 0.658203 0.791992
vt 0.673828 0.791992
vt 0.673828 0.791504
vt 0.658203 0.791992
vt 0.673828 0.791992
vt 0.667969 0.791504
vt 0.662109 0.791504
vt 0.662109 0.790039
vt 0.673828 0.791504
vt 0.658203 0.791992
vt 0.673828 0.791992
vt 0.658203 0.782715
vt 0.673828 0.782715
vt 0.658203 0.782715
vt 0.658203 0.782715
vt 0.673828 0.782715
vt 0.673828 0.782715
vt 0.658203 0.782715
vt 0.673828 0.782715
vt 0.673828 0.782715
vt 0.500000 0.638184
vt 0.484375 0.639160
vt 0.501953 0.636230
vt 0.677734 0.790039
vt 0.673828 0.791992
vt 0.673828 0.790039
vt 0.492188 0.640137
vt 0.490234 0.644043
vt 0.677734 0.790039
vt 0.681641 0.791992
vt 0.677734 0.791992
vt 0.501953 0.643555
vt 0.503906 0.645508
vt 0.664062 0.790039
vt 0.660156 0.791992
vt 0.660156 0.790039
vt 0.509766 0.642090
vt 0.517578 0.643066
vt 0.667969 0.790039
vt 0.664062 0.791992
vt 0.664062 0.790039
vt 0.509766 0.639160
vt 0.517578 0.639160
vt 0.673828 0.790039
vt 0.667969 0.791992
vt 0.667969 0.790039
vt 0.660156 0.790039
vt 0.656250 0.791992
vt 0.656250 0.790039
vt 0.632812 0.782715
vt 0.648438 0.791992
vt 0.632812 0.791992
vt 0.673828 0.790039
vt 0.673828 0.791504
vt 0.667969 0.791504
vt 0.662109 0.791504
vt 0.673828 0.790039
vt 0.673828 0.791504
vt 0.632812 0.782715
vt 0.632812 0.791992
vt 0.500000 0.638184
vt 0.484375 0.639160
vt 0.501953 0.636230
vt 0.677734 0.790039
vt 0.673828 0.791992
vt 0.673828 0.790039
vt 0.492188 0.640137
vt 0.490234 0.644043
vt 0.677734 0.790039
vt 0.681641 0.791992
vt 0.677734 0.791992
vt 0.501953 0.643555
vt 0.503906 0.645508
vt 0.664062 0.790039
vt 0.660156 0.791992
vt 0.660156 0.790039
vt 0.517578 0.643066
vt 0.667969 0.790039
vt 0.664062 0.791992
vt 0.664062 0.790039
vt 0.509766 0.642090
vt 0.517578 0.639160
vt 0.673828 0.790039
vt 0.667969 0.791992
vt 0.667969 0.790039
vt 0.660156 0.790039
vt 0.656250 0.791992
vt 0.656250 0.790039
vt 0.509766 0.639160
vt 0.673828 0.791992
vt 0.673828 0.782715
vt 0.668620 0.782715
vt 0.658203 0.791992
vt 0.658203 0.782715
vt 0.663411 0.782715
vt 0.658203 0.782715
vt 0.673828 0.791992
vt 0.673828 0.782715
vt 0.673828 0.791992
vt 0.658203 0.782715
vt 0.673828 0.782715
vt 0.658203 0.782715
vt 0.673828 0.791992
vt 0.673828 0.782715
vt 0.673828 0.791992
vt 0.658203 0.782715
vt 0.673828 0.782715
vt 0.658203 0.782715
vt 0.673828 0.791992
vt 0.673828 0.782715
vt 0.673828 0.791992
vt 0.658203 0.782715
vt 0.673828 0.782715
vt 0.232422 0.541016
vt 0.316636 0.551758
vt 0.224380 0.551758
vt 0.056518 0.551758
vt 0.148667 0.541016
vt 0.140747 0.551758
vt 0.240513 0.541016
vt 0.048032 0.551758
vt 0.232639 0.551758
vt 0.056429 0.551758
vt 0.308756 0.541016
vt 0.316617 0.551758
vt 0.308789 0.541016
vt 0.265803 0.551758
vt 0.308416 0.551758
vt 0.308789 0.541016
vt 0.181641 0.551758
vt 0.308594 0.551758
vt 0.048068 0.551758
vt 0.308756 0.541016
vt 0.308757 0.551758
vt 0.308657 0.551758
vt 0.107227 0.541016
vt 0.097593 0.551758
vt 0.056429 0.541016
vt 0.308756 0.551758
vt 0.048068 0.551758
vt 0.048077 0.541016
vt 0.107422 0.551758
vt 0.056641 0.551758
vt 0.275513 0.541016
vt 0.048009 0.551758
vt 0.265877 0.551758
vt 0.056429 0.551758
vt 0.308756 0.541016
vt 0.316617 0.551758
vt 0.191495 0.541016
vt 0.047991 0.551758
vt 0.181920 0.551758
vt 0.056429 0.541016
vt 0.308756 0.551758
vt 0.056478 0.551758
vt 0.308756 0.541016
vt 0.048068 0.551758
vt 0.308756 0.551758
vt 0.048096 0.551758
vt 0.275513 0.541016
vt 0.275513 0.551758
vt 0.308594 0.551758
vt 0.265803 0.541016
vt 0.257813 0.551758
vt 0.056429 0.541016
vt 0.308756 0.551758
vt 0.048068 0.551758
vt 0.308594 0.541016
vt 0.173739 0.551758
vt 0.308682 0.551758
vt 0.056490 0.551758
vt 0.232639 0.541016
vt 0.224760 0.551758
vt 0.308657 0.541016
vt 0.089722 0.551758
vt 0.308716 0.551758
vt 0.056429 0.551758
vt 0.308756 0.541016
vt 0.316617 0.551758
vt 0.173739 0.551758
vt 0.316576 0.541016
vt 0.308682 0.551758
vt 0.089666 0.541016
vt 0.308716 0.551758
vt 0.089722 0.551758
vt 0.056429 0.541016
vt 0.308757 0.551758
vt 0.048068 0.551758
vt 0.265625 0.541016
vt 0.308416 0.551758
vt 0.265803 0.551758
vt 0.056429 0.541016
vt 0.308756 0.551758
vt 0.048068 0.551758
vt 0.308757 0.541016
vt 0.048068 0.551758
vt 0.308757 0.551758
vt 0.048064 0.541016
vt 0.191495 0.551758
vt 0.056552 0.551758
vt 0.140747 0.551758
vt 0.048024 0.541016
vt 0.048096 0.551758
vt 0.056429 0.551758
vt 0.308756 0.541016
vt 0.316617 0.551758
vt 0.308756 0.541016
vt 0.048068 0.551758
vt 0.308756 0.551758
vt 0.056285 0.541016
vt 0.098011 0.551758
vt 0.047940 0.551758
vt 0.275195 0.541016
vt 0.316406 0.551758
vt 0.265625 0.551758
vt 0.056429 0.541016
vt 0.308756 0.551758
vt 0.048068 0.551758
vt 0.308757 0.541016
vt 0.048068 0.551758
vt 0.308756 0.551758
vt 0.056429 0.541016
vt 0.308756 0.551758
vt 0.048069 0.551758
vt 0.308756 0.541016
vt 0.048068 0.551758
vt 0.308756 0.551758
vt 0.308757 0.541016
vt 0.312959 0.546387
vt 0.308756 0.551758
vt 0.308756 0.541016
vt 0.048068 0.551758
vt 0.308756 0.551758
vt 0.056429 0.551758
vt 0.308756 0.541016
vt 0.316617 0.551758
vt 0.056429 0.541016
vt 0.308757 0.551758
vt 0.048068 0.551758
vt 0.216471 0.551758
vt 0.308716 0.541016
vt 0.316732 0.551758
vt 0.056429 0.541016
vt 0.308756 0.551758
vt 0.048068 0.551758
vt 0.232639 0.541016
vt 0.048077 0.551758
vt 0.224760 0.551758
vt 0.056518 0.551758
vt 0.283381 0.541016
vt 0.275513 0.551758
vt 0.181552 0.551758
vt 0.308789 0.541016
vt 0.316495 0.551758
vt 0.056429 0.551758
vt 0.308756 0.541016
vt 0.316617 0.551758
vt 0.107227 0.541016
vt 0.316528 0.551758
vt 0.097534 0.551758
vt 0.056361 0.541016
vt 0.181920 0.551758
vt 0.047991 0.551758
vt 0.115385 0.541016
vt 0.048177 0.551758
vt 0.107422 0.551758
vt 0.056429 0.541016
vt 0.308756 0.551758
vt 0.048068 0.551758
vt 0.308672 0.541016
vt 0.140475 0.551758
vt 0.308744 0.551758
vt 0.308705 0.541016
vt 0.056478 0.551758
vt 0.308756 0.551758
vt 0.056429 0.551758
vt 0.308757 0.541016
vt 0.316617 0.551758
vt 0.308756 0.541016
vt 0.048068 0.551758
vt 0.308756 0.551758
vt 0.056429 0.551758
vt 0.308756 0.541016
vt 0.316617 0.551758
vt 0.048024 0.551758
vt 0.148667 0.541016
vt 0.148667 0.551758
vt 0.181641 0.541016
vt 0.316576 0.551758
vt 0.173658 0.551758
vt 0.056429 0.541016
vt 0.308756 0.551758
vt 0.048068 0.551758
vt 0.056285 0.551758
vt 0.107422 0.541016
vt 0.098011 0.551758
vt 0.308756 0.541016
vt 0.048068 0.551758
vt 0.308756 0.551758
vt 0.056429 0.551758
vt 0.308756 0.541016
vt 0.316617 0.551758
vt 0.308744 0.541016
vt 0.132596 0.551758
vt 0.308811 0.551758
vt 0.056478 0.541016
vt 0.308756 0.541016
vt 0.056429 0.551758
vt 0.048009 0.551758
vt 0.265877 0.541016
vt 0.265877 0.551758
vt 0.257662 0.541016
vt 0.308594 0.551758
vt 0.257813 0.551758
vt 0.056429 0.541016
vt 0.308756 0.551758
vt 0.048068 0.551758
vt 0.224380 0.541016
vt 0.308716 0.551758
vt 0.224487 0.551758
vt 0.056429 0.551758
vt 0.308756 0.541016
vt 0.316617 0.551758
vt 0.140475 0.551758
vt 0.316623 0.541016
vt 0.308744 0.551758
vt 0.056429 0.551758
vt 0.308756 0.541016
vt 0.316617 0.551758
vt 0.257662 0.551758
vt 0.308416 0.541016
vt 0.316557 0.551758
vt 0.056424 0.541016
vt 0.232639 0.551758
vt 0.048032 0.551758
vt 0.283381 0.541016
vt 0.048096 0.551758
vt 0.275513 0.551758
vt 0.056429 0.541016
vt 0.308756 0.551758
vt 0.048068 0.551758
vt 0.191495 0.551758
vt 0.048064 0.541016
vt 0.048118 0.551758
vt 0.056361 0.551758
vt 0.191495 0.541016
vt 0.181920 0.551758
vt 0.308716 0.541016
vt 0.216567 0.551758
vt 0.308823 0.551758
vt 0.056429 0.551758
vt 0.308756 0.541016
vt 0.316617 0.551758
vt 0.308756 0.541016
vt 0.048068 0.551758
vt 0.308756 0.551758
vt 0.308756 0.541016
vt 0.048068 0.551758
vt 0.308757 0.551758
vt 0.056429 0.541016
vt 0.308757 0.551758
vt 0.048068 0.551758
vt 0.308757 0.541016
vt 0.048068 0.551758
vt 0.308756 0.551758
vt 0.056429 0.541016
vt 0.308756 0.551758
vt 0.048068 0.551758
vt 0.047960 0.541016
vt 0.148667 0.551758
vt 0.056411 0.551758
vt 0.097534 0.541016
vt 0.308657 0.551758
vt 0.097593 0.551758
vt 0.056429 0.551758
vt 0.308756 0.541016
vt 0.316617 0.551758
vt 0.089666 0.551758
vt 0.308657 0.541016
vt 0.316584 0.551758
vt 0.098011 0.551758
vt 0.048177 0.541016
vt 0.047940 0.551758
vt 0.056429 0.541016
vt 0.308756 0.551758
vt 0.048068 0.551758
vt 0.056429 0.551758
vt 0.308705 0.541016
vt 0.316617 0.551758
vt 0.056429 0.541016
vt 0.308756 0.551758
vt 0.048068 0.551758
vt 0.308756 0.551758
vt 0.056478 0.541016
vt 0.048069 0.551758
vt 0.056389 0.551758
vt 0.275513 0.541016
vt 0.265877 0.551758
vt 0.308716 0.551758
vt 0.232422 0.541016
vt 0.224487 0.551758
vt 0.056429 0.551758
vt 0.308756 0.541016
vt 0.316617 0.551758
vt 0.308756 0.541016
vt 0.048068 0.551758
vt 0.308756 0.551758
vt 0.308756 0.541016
vt 0.048068 0.551758
vt 0.308756 0.551758
vt 0.056429 0.541016
vt 0.308756 0.551758
vt 0.048068 0.551758
vt 0.308756 0.541016
vt 0.048068 0.551758
vt 0.308756 0.551758
vt 0.056429 0.541016
vt 0.308756 0.551758
vt 0.048068 0.551758
vt 0.181552 0.541016
vt 0.308594 0.551758
vt 0.181641 0.551758
vt 0.056424 0.551758
vt 0.240513 0.541016
vt 0.232639 0.551758
vt 0.056429 0.551758
vt 0.308756 0.541016
vt 0.316617 0.551758
vt 0.056518 0.541016
vt 0.140747 0.551758
vt 0.048096 0.551758
vt 0.140408 0.551758
vt 0.308672 0.541016
vt 0.316623 0.551758
vt 0.056429 0.541016
vt 0.308756 0.551758
vt 0.048068 0.551758
vt 0.216567 0.551758
vt 0.316732 0.541016
vt 0.308823 0.551758
vt 0.056429 0.551758
vt 0.308757 0.541016
vt 0.316617 0.551758
vt 0.132534 0.541016
vt 0.308811 0.551758
vt 0.132596 0.551758
vt 0.056429 0.551758
vt 0.308756 0.541016
vt 0.316617 0.551758
vt 0.056641 0.541016
vt 0.107422 0.551758
vt 0.048177 0.551758
vt 0.308756 0.541016
vt 0.048068 0.551758
vt 0.308756 0.551758
vt 0.056429 0.541016
vt 0.308757 0.551758
vt 0.048068 0.551758
vt 0.308756 0.541016
vt 0.048068 0.551758
vt 0.308756 0.551758
vt 0.132534 0.551758
vt 0.308744 0.541016
vt 0.316685 0.551758
vt 0.056429 0.551758
vt 0.308756 0.541016
vt 0.316617 0.551758
vt 0.156575 0.541016
vt 0.048024 0.551758
vt 0.148667 0.551758
vt 0.056429 0.551758
vt 0.308757 0.541016
vt 0.316617 0.551758
vt 0.056490 0.541016
vt 0.224760 0.551758
vt 0.048077 0.551758
vt 0.308756 0.541016
vt 0.048068 0.551758
vt 0.308756 0.551758
vt 0.056429 0.541016
vt 0.308756 0.551758
vt 0.048068 0.551758
vt 0.308756 0.541016
vt 0.048068 0.551758
vt 0.308757 0.551758
vt 0.308757 0.541016
vt 0.048068 0.551758
vt 0.308757 0.551758
vt 0.056429 0.551758
vt 0.308757 0.541016
vt 0.316617 0.551758
vt 0.308757 0.541016
vt 0.048068 0.551758
vt 0.308757 0.551758
vt 0.056429 0.551758
vt 0.308756 0.541016
vt 0.316617 0.551758
vt 0.308756 0.541016
vt 0.048068 0.551758
vt 0.308756 0.551758
vt 0.056552 0.541016
vt 0.191495 0.551758
vt 0.048118 0.551758
vt 0.308756 0.541016
vt 0.048068 0.551758
vt 0.308756 0.551758
vt 0.056429 0.541016
vt 0.308756 0.551758
vt 0.048068 0.551758
vt 0.667969 0.791504
vt 0.662109 0.791504
vt 0.662109 0.790039
vt 0.632812 0.782715
vt 0.648438 0.791992
vt 0.632812 0.791992
vt 0.673828 0.790039
vt 0.673828 0.791504
vt 0.667969 0.791504
vt 0.673828 0.790039
vt 0.662109 0.791504
vt 0.673828 0.791504
vt 0.632812 0.782715
vt 0.632812 0.791992
vt 0.109375 0.547852
vt 0.265625 0.541992
vt 0.265625 0.547852
vt 0.105469 0.538574
vt 0.044922 0.508301
vt 0.105469 0.508301
vt 0.105469 0.584473
vt 0.044922 0.577148
vt 0.105469 0.577148
vt 0.076172 0.569336
vt 0.044922 0.538574
vt 0.076172 0.538574
vt 0.105469 0.569336
vt 0.076172 0.538574
vt 0.105469 0.538574
vt 0.105469 0.577148
vt 0.044922 0.569336
vt 0.105469 0.569336
vt 0.673828 0.791504
vt 0.658203 0.791992
vt 0.673828 0.791992
vt 0.673828 0.791504
vt 0.658203 0.791992
vt 0.673828 0.791992
vt 0.673828 0.791504
vt 0.658203 0.791992
vt 0.673828 0.791992
vt 0.667969 0.791504
vt 0.662109 0.791504
vt 0.662109 0.790039
vt 0.673828 0.791504
vt 0.658203 0.791992
vt 0.673828 0.791992
vt 0.658203 0.782715
vt 0.673828 0.782715
vt 0.658203 0.782715
vt 0.658203 0.782715
vt 0.673828 0.782715
vt 0.673828 0.782715
vt 0.658203 0.782715
vt 0.673828 0.782715
vt 0.658203 0.782715
vt 0.632812 0.791992
vt 0.648438 0.782715
vt 0.648438 0.791992
vt 0.673828 0.790039
vt 0.673828 0.791504
vt 0.667969 0.791504
vt 0.662109 0.791504
vt 0.673828 0.790039
vt 0.673828 0.791504
vt 0.632812 0.782715
vt 0.632812 0.791992
vt 0.658203 0.791992
vt 0.673828 0.782715
vt 0.658203 0.782715
vt 0.673828 0.782715
vt 0.658203 0.791992
vt 0.658203 0.782715
vt 0.673828 0.791992
vt 0.668620 0.782715
vt 0.663411 0.782715
vt 0.658203 0.791992
vt 0.658203 0.782715
vt 0.663411 0.782715
vt 0.658203 0.782715
vt 0.673828 0.791992
vt 0.673828 0.782715
vt 0.673828 0.791992
vt 0.658203 0.782715
vt 0.673828 0.782715
vt 0.658203 0.782715
vt 0.673828 0.791992
vt 0.673828 0.782715
vt 0.673828 0.791992
vt 0.658203 0.782715
vt 0.673828 0.782715
vt 0.232422 0.541016
vt 0.316636 0.551758
vt 0.224380 0.551758
vt 0.056518 0.551758
vt 0.148667 0.541016
vt 0.140747 0.551758
vt 0.232639 0.551758
vt 0.047991 0.541016
vt 0.048032 0.551758
vt 0.056429 0.551758
vt 0.308756 0.541016
vt 0.316617 0.551758
vt 0.308789 0.541016
vt 0.265803 0.551758
vt 0.308416 0.551758
vt 0.308789 0.541016
vt 0.181641 0.551758
vt 0.308594 0.551758
vt 0.048068 0.551758
vt 0.308756 0.541016
vt 0.308757 0.551758
vt 0.308657 0.551758
vt 0.107227 0.541016
vt 0.097593 0.551758
vt 0.056429 0.541016
vt 0.308756 0.551758
vt 0.048068 0.551758
vt 0.048077 0.541016
vt 0.107422 0.551758
vt 0.056641 0.551758
vt 0.265877 0.551758
vt 0.048096 0.541016
vt 0.048009 0.551758
vt 0.056429 0.551758
vt 0.308756 0.541016
vt 0.316617 0.551758
vt 0.191495 0.541016
vt 0.047991 0.551758
vt 0.181920 0.551758
vt 0.056429 0.541016
vt 0.308756 0.551758
vt 0.056478 0.551758
vt 0.308756 0.541016
vt 0.048068 0.551758
vt 0.308756 0.551758
vt 0.056518 0.541016
vt 0.275513 0.551758
vt 0.048096 0.551758
vt 0.308594 0.551758
vt 0.265803 0.541016
vt 0.257813 0.551758
vt 0.056429 0.541016
vt 0.308756 0.551758
vt 0.048068 0.551758
vt 0.308594 0.541016
vt 0.173739 0.551758
vt 0.308682 0.551758
vt 0.056490 0.551758
vt 0.232639 0.541016
vt 0.224760 0.551758
vt 0.308716 0.551758
vt 0.097593 0.541016
vt 0.089722 0.551758
vt 0.056429 0.551758
vt 0.308756 0.541016
vt 0.316617 0.551758
vt 0.173658 0.541016
vt 0.308682 0.551758
vt 0.173739 0.551758
vt 0.089666 0.541016
vt 0.308716 0.551758
vt 0.089722 0.551758
vt 0.056429 0.541016
vt 0.308757 0.551758
vt 0.048068 0.551758
vt 0.265625 0.541016
vt 0.308416 0.551758
vt 0.265803 0.551758
vt 0.056429 0.541016
vt 0.308756 0.551758
vt 0.048068 0.551758
vt 0.308757 0.541016
vt 0.048068 0.551758
vt 0.308757 0.551758
vt 0.048064 0.541016
vt 0.191495 0.551758
vt 0.056552 0.551758
vt 0.148667 0.541016
vt 0.048096 0.551758
vt 0.140747 0.551758
vt 0.056429 0.551758
vt 0.308756 0.541016
vt 0.316617 0.551758
vt 0.308756 0.541016
vt 0.048068 0.551758
vt 0.308756 0.551758
vt 0.056285 0.541016
vt 0.098011 0.551758
vt 0.047940 0.551758
vt 0.265625 0.551758
vt 0.308789 0.541016
vt 0.316406 0.551758
vt 0.056429 0.541016
vt 0.308756 0.551758
vt 0.048068 0.551758
vt 0.308757 0.541016
vt 0.048068 0.551758
vt 0.308756 0.551758
vt 0.056429 0.541016
vt 0.308756 0.551758
vt 0.048069 0.551758
vt 0.308756 0.541016
vt 0.048068 0.551758
vt 0.308756 0.551758
vt 0.308757 0.541016
vt 0.312959 0.546387
vt 0.308756 0.551758
vt 0.308756 0.541016
vt 0.048068 0.551758
vt 0.308756 0.551758
vt 0.056429 0.551758
vt 0.308756 0.541016
vt 0.316617 0.551758
vt 0.056429 0.541016
vt 0.308757 0.551758
vt 0.048068 0.551758
vt 0.216471 0.551758
vt 0.308716 0.541016
vt 0.316732 0.551758
vt 0.056429 0.541016
vt 0.308756 0.551758
vt 0.048068 0.551758
vt 0.224760 0.551758
vt 0.048032 0.541016
vt 0.048077 0.551758
vt 0.048059 0.541016
vt 0.275513 0.551758
vt 0.056518 0.551758
vt 0.181552 0.551758
vt 0.308789 0.541016
vt 0.316495 0.551758
vt 0.056429 0.551758
vt 0.308756 0.541016
vt 0.316617 0.551758
vt 0.097534 0.551758
vt 0.308789 0.541016
vt 0.316528 0.551758
vt 0.056361 0.541016
vt 0.181920 0.551758
vt 0.047991 0.551758
vt 0.107422 0.551758
vt 0.048077 0.541016
vt 0.048177 0.551758
vt 0.056429 0.541016
vt 0.308756 0.551758
vt 0.048068 0.551758
vt 0.308672 0.541016
vt 0.140475 0.551758
vt 0.308744 0.551758
vt 0.308705 0.541016
vt 0.056478 0.551758
vt 0.308756 0.551758
vt 0.056429 0.551758
vt 0.308757 0.541016
vt 0.316617 0.551758
vt 0.308756 0.541016
vt 0.048068 0.551758
vt 0.308756 0.551758
vt 0.056429 0.551758
vt 0.308756 0.541016
vt 0.316617 0.551758
vt 0.048024 0.551758
vt 0.148667 0.541016
vt 0.148667 0.551758
vt 0.181641 0.541016
vt 0.316576 0.551758
vt 0.173658 0.551758
vt 0.056429 0.541016
vt 0.308756 0.551758
vt 0.048068 0.551758
vt 0.056285 0.551758
vt 0.107422 0.541016
vt 0.098011 0.551758
vt 0.308756 0.541016
vt 0.048068 0.551758
vt 0.308756 0.551758
vt 0.056429 0.551758
vt 0.308756 0.541016
vt 0.316617 0.551758
vt 0.308744 0.541016
vt 0.132596 0.551758
vt 0.308811 0.551758
vt 0.056478 0.541016
vt 0.308756 0.541016
vt 0.056429 0.551758
vt 0.048009 0.551758
vt 0.265877 0.541016
vt 0.265877 0.551758
vt 0.257662 0.541016
vt 0.308594 0.551758
vt 0.257813 0.551758
vt 0.056429 0.541016
vt 0.308756 0.551758
vt 0.048068 0.551758
vt 0.224380 0.541016
vt 0.308716 0.551758
vt 0.224487 0.551758
vt 0.056429 0.551758
vt 0.308756 0.541016
vt 0.316617 0.551758
vt 0.140475 0.551758
vt 0.316623 0.541016
vt 0.308744 0.551758
vt 0.056429 0.551758
vt 0.308756 0.541016
vt 0.316617 0.551758
vt 0.257662 0.551758
vt 0.308416 0.541016
vt 0.316557 0.551758
vt 0.056424 0.541016
vt 0.232639 0.551758
vt 0.048032 0.551758
vt 0.275513 0.551758
vt 0.048059 0.541016
vt 0.048096 0.551758
vt 0.056429 0.541016
vt 0.308756 0.551758
vt 0.048068 0.551758
vt 0.199388 0.541016
vt 0.048118 0.551758
vt 0.191495 0.551758
vt 0.056361 0.551758
vt 0.191495 0.541016
vt 0.181920 0.551758
vt 0.308716 0.541016
vt 0.216567 0.551758
vt 0.308823 0.551758
vt 0.056429 0.551758
vt 0.308756 0.541016
vt 0.316617 0.551758
vt 0.308756 0.541016
vt 0.048068 0.551758
vt 0.308756 0.551758
vt 0.308756 0.541016
vt 0.048068 0.551758
vt 0.308757 0.551758
vt 0.056429 0.541016
vt 0.308757 0.551758
vt 0.048068 0.551758
vt 0.308757 0.541016
vt 0.048068 0.551758
vt 0.308756 0.551758
vt 0.056429 0.541016
vt 0.308756 0.551758
vt 0.048068 0.551758
vt 0.056411 0.551758
vt 0.156575 0.541016
vt 0.148667 0.551758
vt 0.097593 0.551758
vt 0.316528 0.541016
vt 0.308657 0.551758
vt 0.056429 0.551758
vt 0.308756 0.541016
vt 0.316617 0.551758
vt 0.089666 0.551758
vt 0.308657 0.541016
vt 0.316584 0.551758
vt 0.107422 0.541016
vt 0.047940 0.551758
vt 0.098011 0.551758
vt 0.056429 0.541016
vt 0.308756 0.551758
vt 0.048068 0.551758
vt 0.064341 0.541016
vt 0.316617 0.551758
vt 0.056429 0.551758
vt 0.056429 0.541016
vt 0.308756 0.551758
vt 0.048068 0.551758
vt 0.308756 0.541016
vt 0.048069 0.551758
vt 0.308756 0.551758
vt 0.056389 0.551758
vt 0.275513 0.541016
vt 0.265877 0.551758
vt 0.308716 0.551758
vt 0.232422 0.541016
vt 0.224487 0.551758
vt 0.056429 0.551758
vt 0.308756 0.541016
vt 0.316617 0.551758
vt 0.308756 0.541016
vt 0.048068 0.551758
vt 0.308756 0.551758
vt 0.308756 0.541016
vt 0.048068 0.551758
vt 0.308756 0.551758
vt 0.056429 0.541016
vt 0.308756 0.551758
vt 0.048068 0.551758
vt 0.308756 0.541016
vt 0.048068 0.551758
vt 0.308756 0.551758
vt 0.056429 0.541016
vt 0.308756 0.551758
vt 0.048068 0.551758
vt 0.181641 0.551758
vt 0.316495 0.541016
vt 0.308594 0.551758
vt 0.056424 0.551758
vt 0.240513 0.541016
vt 0.232639 0.551758
vt 0.056429 0.551758
vt 0.308756 0.541016
vt 0.316617 0.551758
vt 0.048096 0.551758
vt 0.140747 0.541016
vt 0.140747 0.551758
vt 0.148359 0.541016
vt 0.316623 0.551758
vt 0.140408 0.551758
vt 0.056429 0.541016
vt 0.308756 0.551758
vt 0.048068 0.551758
vt 0.216567 0.551758
vt 0.316732 0.541016
vt 0.308823 0.551758
vt 0.056429 0.551758
vt 0.308757 0.541016
vt 0.316617 0.551758
vt 0.132596 0.551758
vt 0.316685 0.541016
vt 0.308811 0.551758
vt 0.056429 0.551758
vt 0.308756 0.541016
vt 0.316617 0.551758
vt 0.056641 0.541016
vt 0.107422 0.551758
vt 0.048177 0.551758
vt 0.308756 0.541016
vt 0.048068 0.551758
vt 0.308756 0.551758
vt 0.056429 0.541016
vt 0.308757 0.551758
vt 0.048068 0.551758
vt 0.308756 0.541016
vt 0.048068 0.551758
vt 0.308756 0.551758
vt 0.132534 0.551758
vt 0.308744 0.541016
vt 0.316685 0.551758
vt 0.056429 0.551758
vt 0.308756 0.541016
vt 0.316617 0.551758
vt 0.148667 0.551758
vt 0.047960 0.541016
vt 0.048024 0.551758
vt 0.056429 0.551758
vt 0.308757 0.541016
vt 0.316617 0.551758
vt 0.056490 0.541016
vt 0.224760 0.551758
vt 0.048077 0.551758
vt 0.308756 0.541016
vt 0.048068 0.551758
vt 0.308756 0.551758
vt 0.056429 0.541016
vt 0.308756 0.551758
vt 0.048068 0.551758
vt 0.308756 0.541016
vt 0.048068 0.551758
vt 0.308757 0.551758
vt 0.308757 0.541016
vt 0.048068 0.551758
vt 0.308757 0.551758
vt 0.056429 0.551758
vt 0.308757 0.541016
vt 0.316617 0.551758
vt 0.308757 0.541016
vt 0.048068 0.551758
vt 0.308757 0.551758
vt 0.056429 0.551758
vt 0.308756 0.541016
vt 0.316617 0.551758
vt 0.308756 0.541016
vt 0.048068 0.551758
vt 0.308756 0.551758
vt 0.056552 0.541016
vt 0.191495 0.551758
vt 0.048118 0.551758
vt 0.308756 0.541016
vt 0.048068 0.551758
vt 0.308756 0.551758
vt 0.056429 0.541016
vt 0.308756 0.551758
vt 0.048068 0.551758
vt 0.667969 0.791504
vt 0.662109 0.791504
vt 0.662109 0.790039
vt 0.632812 0.791992
vt 0.648438 0.782715
vt 0.648438 0.791992
vt 0.673828 0.790039
vt 0.673828 0.791504
vt 0.667969 0.791504
vt 0.673828 0.790039
vt 0.662109 0.791504
vt 0.673828 0.791504
vt 0.632812 0.782715
vt 0.632812 0.791992
vt 0.322266 0.606445
vt 0.333984 0.604980
vt 0.333984 0.606445
vt 0.322266 0.604980
vt 0.333984 0.603516
vt 0.333984 0.604980
vt 0.322266 0.614258
vt 0.333984 0.612793
vt 0.333984 0.614258
vt 0.322266 0.612793
vt 0.333984 0.611816
vt 0.333984 0.612793
vt 0.322266 0.611816
vt 0.333984 0.610352
vt 0.333984 0.611816
vt 0.322266 0.610352
vt 0.333984 0.609375
vt 0.333984 0.610352
vt 0.322266 0.606445
vt 0.314453 0.607910
vt 0.314453 0.606445
vt 0.322266 0.609375
vt 0.333984 0.607910
vt 0.333984 0.609375
vt 0.322266 0.607910
vt 0.333984 0.606445
vt 0.333984 0.607910
vt 0.035156 0.611816
vt 0.023438 0.612793
vt 0.023438 0.611816
vt 0.314453 0.607910
vt 0.310547 0.609375
vt 0.310547 0.607910
vt 0.322266 0.604980
vt 0.314453 0.606445
vt 0.314453 0.604980
vt 0.314453 0.612793
vt 0.322266 0.612793
vt 0.322266 0.609375
vt 0.314453 0.610352
vt 0.314453 0.609375
vt 0.314453 0.611816
vt 0.322266 0.611816
vt 0.322266 0.607910
vt 0.314453 0.609375
vt 0.314453 0.603516
vt 0.322266 0.603516
vt 0.314453 0.610352
vt 0.322266 0.610352
vt 0.310547 0.610352
vt 0.306641 0.609375
vt 0.310547 0.609375
vt 0.310547 0.611816
vt 0.310547 0.610352
vt 0.314453 0.614258
vt 0.310547 0.612793
vt 0.310547 0.604980
vt 0.310547 0.607910
vt 0.310547 0.606445
vt 0.310547 0.612793
vt 0.310547 0.611816
vt 0.310547 0.604980
vt 0.310547 0.603516
vt 0.306641 0.606445
vt 0.300781 0.604980
vt 0.306641 0.604980
vt 0.306641 0.612793
vt 0.306641 0.611816
vt 0.306641 0.604980
vt 0.306641 0.603516
vt 0.306641 0.609375
vt 0.306641 0.607910
vt 0.306641 0.611816
vt 0.306641 0.610352
vt 0.310547 0.614258
vt 0.306641 0.612793
vt 0.310547 0.606445
vt 0.306641 0.606445
vt 0.300781 0.607910
vt 0.292969 0.609375
vt 0.292969 0.607910
vt 0.300781 0.607910
vt 0.300781 0.606445
vt 0.306641 0.610352
vt 0.300781 0.609375
vt 0.300781 0.612793
vt 0.300781 0.611816
vt 0.300781 0.604980
vt 0.300781 0.603516
vt 0.300781 0.609375
vt 0.300781 0.610352
vt 0.306641 0.614258
vt 0.300781 0.612793
vt 0.292969 0.604980
vt 0.289062 0.603516
vt 0.292969 0.603516
vt 0.300781 0.611816
vt 0.292969 0.610352
vt 0.292969 0.614258
vt 0.292969 0.612793
vt 0.292969 0.606445
vt 0.292969 0.604980
vt 0.292969 0.607910
vt 0.292969 0.606445
vt 0.300781 0.610352
vt 0.292969 0.609375
vt 0.292969 0.612793
vt 0.292969 0.611816
vt 0.289062 0.606445
vt 0.285156 0.607910
vt 0.285156 0.606445
vt 0.289062 0.607910
vt 0.292969 0.611816
vt 0.289062 0.610352
vt 0.289062 0.614258
vt 0.289062 0.612793
vt 0.289062 0.604980
vt 0.289062 0.607910
vt 0.292969 0.610352
vt 0.289062 0.609375
vt 0.289062 0.612793
vt 0.289062 0.611816
vt 0.285156 0.614258
vt 0.279297 0.612793
vt 0.285156 0.612793
vt 0.285156 0.610352
vt 0.285156 0.609375
vt 0.285156 0.612793
vt 0.285156 0.611816
vt 0.285156 0.604980
vt 0.285156 0.603516
vt 0.289062 0.609375
vt 0.285156 0.607910
vt 0.289062 0.611816
vt 0.285156 0.610352
vt 0.289062 0.606445
vt 0.285156 0.604980
vt 0.279297 0.607910
vt 0.275391 0.609375
vt 0.275391 0.607910
vt 0.285156 0.606445
vt 0.279297 0.604980
vt 0.279297 0.607910
vt 0.279297 0.606445
vt 0.279297 0.610352
vt 0.279297 0.609375
vt 0.279297 0.612793
vt 0.279297 0.611816
vt 0.279297 0.604980
vt 0.279297 0.603516
vt 0.285156 0.609375
vt 0.285156 0.611816
vt 0.279297 0.610352
vt 0.275391 0.612793
vt 0.082031 0.611816
vt 0.275391 0.611816
vt 0.279297 0.611816
vt 0.275391 0.610352
vt 0.275391 0.614258
vt 0.275391 0.612793
vt 0.275391 0.606445
vt 0.275391 0.604980
vt 0.275391 0.607910
vt 0.275391 0.606445
vt 0.275391 0.609375
vt 0.275391 0.603516
vt 0.275391 0.604980
vt 0.082031 0.603516
vt 0.082031 0.607910
vt 0.275391 0.611816
vt 0.082031 0.610352
vt 0.082031 0.612793
vt 0.082031 0.604980
vt 0.082031 0.606445
vt 0.275391 0.610352
vt 0.082031 0.609375
vt 0.035156 0.612793
vt 0.023438 0.614258
vt 0.023438 0.612793
vt 0.035156 0.603516
vt 0.023438 0.604980
vt 0.023438 0.603516
vt 0.035156 0.604980
vt 0.023438 0.606445
vt 0.023438 0.604980
vt 0.035156 0.606445
vt 0.023438 0.607910
vt 0.023438 0.606445
vt 0.035156 0.607910
vt 0.023438 0.609375
vt 0.023438 0.607910
vt 0.035156 0.611816
vt 0.041016 0.610352
vt 0.041016 0.611816
vt 0.035156 0.609375
vt 0.023438 0.610352
vt 0.023438 0.609375
vt 0.035156 0.610352
vt 0.023438 0.611816
vt 0.023438 0.610352
vt 0.041016 0.609375
vt 0.044922 0.610352
vt 0.041016 0.610352
vt 0.041016 0.612793
vt 0.035156 0.612793
vt 0.035156 0.604980
vt 0.041016 0.603516
vt 0.041016 0.604980
vt 0.041016 0.609375
vt 0.035156 0.609375
vt 0.035156 0.606445
vt 0.041016 0.604980
vt 0.041016 0.606445
vt 0.035156 0.610352
vt 0.041016 0.614258
vt 0.035156 0.614258
vt 0.041016 0.607910
vt 0.035156 0.607910
vt 0.044922 0.609375
vt 0.050781 0.607910
vt 0.050781 0.609375
vt 0.044922 0.606445
vt 0.044922 0.607910
vt 0.044922 0.604980
vt 0.041016 0.611816
vt 0.044922 0.612793
vt 0.044922 0.611816
vt 0.044922 0.607910
vt 0.044922 0.606445
vt 0.044922 0.612793
vt 0.044922 0.614258
vt 0.050781 0.612793
vt 0.056641 0.611816
vt 0.056641 0.612793
vt 0.044922 0.604980
vt 0.050781 0.606445
vt 0.050781 0.614258
vt 0.044922 0.609375
vt 0.050781 0.610352
vt 0.050781 0.607910
vt 0.050781 0.603516
vt 0.050781 0.604980
vt 0.050781 0.611816
vt 0.044922 0.610352
vt 0.050781 0.611816
vt 0.056641 0.609375
vt 0.062500 0.610352
vt 0.056641 0.610352
vt 0.050781 0.610352
vt 0.056641 0.611816
vt 0.056641 0.609375
vt 0.050781 0.604980
vt 0.056641 0.606445
vt 0.050781 0.612793
vt 0.056641 0.614258
vt 0.056641 0.606445
vt 0.056641 0.607910
vt 0.056641 0.603516
vt 0.056641 0.604980
vt 0.062500 0.614258
vt 0.066406 0.612793
vt 0.066406 0.614258
vt 0.062500 0.607910
vt 0.062500 0.603516
vt 0.062500 0.604980
vt 0.062500 0.611816
vt 0.062500 0.612793
vt 0.062500 0.610352
vt 0.062500 0.611816
vt 0.062500 0.607910
vt 0.062500 0.609375
vt 0.062500 0.604980
vt 0.062500 0.606445
vt 0.056641 0.612793
vt 0.066406 0.610352
vt 0.070312 0.611816
vt 0.066406 0.611816
vt 0.062500 0.609375
vt 0.066406 0.610352
vt 0.062500 0.606445
vt 0.066406 0.607910
vt 0.066406 0.603516
vt 0.066406 0.604980
vt 0.066406 0.612793
vt 0.066406 0.607910
vt 0.066406 0.609375
vt 0.066406 0.604980
vt 0.066406 0.606445
vt 0.070312 0.604980
vt 0.078125 0.603516
vt 0.078125 0.604980
vt 0.070312 0.609375
vt 0.070312 0.606445
vt 0.070312 0.612793
vt 0.070312 0.614258
vt 0.070312 0.609375
vt 0.070312 0.610352
vt 0.070312 0.606445
vt 0.070312 0.607910
vt 0.070312 0.611816
vt 0.070312 0.612793
vt 0.078125 0.610352
vt 0.082031 0.610352
vt 0.078125 0.611816
vt 0.078125 0.612793
vt 0.070312 0.610352
vt 0.078125 0.611816
vt 0.070312 0.607910
vt 0.078125 0.609375
vt 0.070312 0.604980
vt 0.078125 0.606445
vt 0.078125 0.614258
vt 0.078125 0.609375
vt 0.078125 0.606445
vt 0.078125 0.607910
vt 0.082031 0.607910
vt 0.082031 0.604980
vt 0.082031 0.612793
vt 0.078125 0.610352
vt 0.082031 0.611816
vt 0.082031 0.609375
vt 0.078125 0.604980
vt 0.082031 0.606445
vt 0.082031 0.614258
vt 0.078125 0.604980
vt 0.082031 0.606445
vt 0.078125 0.606445
vt 0.078125 0.612793
vt 0.082031 0.611816
vt 0.082031 0.612793
vt 0.078125 0.607910
vt 0.082031 0.606445
vt 0.082031 0.607910
vt 0.070312 0.610352
vt 0.078125 0.609375
vt 0.078125 0.610352
vt 0.070312 0.604980
vt 0.070312 0.606445
vt 0.070312 0.610352
vt 0.078125 0.611816
vt 0.070312 0.611816
vt 0.078125 0.609375
vt 0.082031 0.607910
vt 0.082031 0.609375
vt 0.082031 0.609375
vt 0.082031 0.610352
vt 0.078125 0.614258
vt 0.082031 0.612793
vt 0.082031 0.614258
vt 0.275391 0.612793
vt 0.275391 0.611816
vt 0.062500 0.606445
vt 0.066406 0.604980
vt 0.066406 0.606445
vt 0.078125 0.610352
vt 0.082031 0.611816
vt 0.070312 0.607910
vt 0.078125 0.606445
vt 0.070312 0.612793
vt 0.078125 0.611816
vt 0.070312 0.614258
vt 0.078125 0.612793
vt 0.066406 0.612793
vt 0.070312 0.611816
vt 0.078125 0.604980
vt 0.082031 0.603516
vt 0.082031 0.604980
vt 0.070312 0.607910
vt 0.070312 0.609375
vt 0.066406 0.610352
vt 0.066406 0.611816
vt 0.066406 0.607910
vt 0.066406 0.609375
vt 0.066406 0.614258
vt 0.070312 0.612793
vt 0.066406 0.607910
vt 0.070312 0.606445
vt 0.066406 0.603516
vt 0.070312 0.604980
vt 0.066406 0.604980
vt 0.078125 0.603516
vt 0.066406 0.610352
vt 0.070312 0.609375
vt 0.056641 0.609375
vt 0.062500 0.607910
vt 0.062500 0.609375
vt 0.062500 0.606445
vt 0.062500 0.607910
vt 0.062500 0.611816
vt 0.062500 0.612793
vt 0.056641 0.614258
vt 0.062500 0.612793
vt 0.062500 0.614258
vt 0.062500 0.609375
vt 0.062500 0.610352
vt 0.062500 0.604980
vt 0.062500 0.611816
vt 0.044922 0.610352
vt 0.050781 0.611816
vt 0.044922 0.611816
vt 0.056641 0.604980
vt 0.056641 0.606445
vt 0.056641 0.604980
vt 0.062500 0.603516
vt 0.056641 0.611816
vt 0.062500 0.610352
vt 0.050781 0.604980
vt 0.056641 0.603516
vt 0.056641 0.606445
vt 0.056641 0.607910
vt 0.056641 0.611816
vt 0.056641 0.612793
vt 0.044922 0.606445
vt 0.050781 0.607910
vt 0.044922 0.607910
vt 0.050781 0.610352
vt 0.050781 0.604980
vt 0.050781 0.606445
vt 0.050781 0.610352
vt 0.056641 0.609375
vt 0.056641 0.610352
vt 0.050781 0.607910
vt 0.050781 0.609375
vt 0.050781 0.612793
vt 0.050781 0.614258
vt 0.041016 0.604980
vt 0.044922 0.606445
vt 0.041016 0.606445
vt 0.041016 0.612793
vt 0.044922 0.614258
vt 0.041016 0.614258
vt 0.044922 0.604980
vt 0.044922 0.610352
vt 0.050781 0.609375
vt 0.044922 0.603516
vt 0.044922 0.604980
vt 0.044922 0.612793
vt 0.050781 0.611816
vt 0.050781 0.612793
vt 0.035156 0.609375
vt 0.041016 0.607910
vt 0.041016 0.609375
vt 0.044922 0.607910
vt 0.044922 0.609375
vt 0.041016 0.603516
vt 0.041016 0.604980
vt 0.041016 0.610352
vt 0.041016 0.611816
vt 0.035156 0.606445
vt 0.041016 0.607910
vt 0.035156 0.607910
vt 0.041016 0.606445
vt 0.041016 0.611816
vt 0.041016 0.612793
vt 0.275391 0.610352
vt 0.275391 0.609375
vt 0.035156 0.610352
vt 0.041016 0.609375
vt 0.041016 0.610352
vt 0.035156 0.612793
vt 0.035156 0.614258
vt 0.035156 0.604980
vt 0.035156 0.606445
vt 0.035156 0.610352
vt 0.023438 0.611816
vt 0.023438 0.610352
vt 0.035156 0.611816
vt 0.035156 0.612793
vt 0.275391 0.609375
vt 0.275391 0.607910
vt 0.035156 0.603516
vt 0.023438 0.604980
vt 0.023438 0.603516
vt 0.023438 0.607910
vt 0.023438 0.606445
vt 0.035156 0.611816
vt 0.035156 0.609375
vt 0.023438 0.610352
vt 0.023438 0.609375
vt 0.023438 0.614258
vt 0.023438 0.612793
vt 0.035156 0.604980
vt 0.023438 0.606445
vt 0.023438 0.604980
vt 0.035156 0.607910
vt 0.023438 0.609375
vt 0.023438 0.607910
vt 0.275391 0.614258
vt 0.275391 0.612793
vt 0.279297 0.611816
vt 0.275391 0.604980
vt 0.275391 0.603516
vt 0.275391 0.611816
vt 0.082031 0.610352
vt 0.275391 0.610352
vt 0.275391 0.606445
vt 0.082031 0.604980
vt 0.275391 0.604980
vt 0.275391 0.607910
vt 0.275391 0.606445
vt 0.279297 0.604980
vt 0.279297 0.603516
vt 0.285156 0.603516
vt 0.285156 0.609375
vt 0.279297 0.610352
vt 0.279297 0.609375
vt 0.285156 0.606445
vt 0.279297 0.604980
vt 0.285156 0.604980
vt 0.289062 0.606445
vt 0.289062 0.604980
vt 0.289062 0.611816
vt 0.285156 0.610352
vt 0.289062 0.610352
vt 0.285156 0.611816
vt 0.279297 0.610352
vt 0.289062 0.603516
vt 0.285156 0.604980
vt 0.279297 0.611816
vt 0.292969 0.611816
vt 0.292969 0.610352
vt 0.285156 0.609375
vt 0.279297 0.607910
vt 0.285156 0.607910
vt 0.285156 0.606445
vt 0.279297 0.607910
vt 0.279297 0.606445
vt 0.289062 0.609375
vt 0.289062 0.607910
vt 0.279297 0.609375
vt 0.289062 0.611816
vt 0.285156 0.612793
vt 0.285156 0.611816
vt 0.279297 0.612793
vt 0.289062 0.614258
vt 0.285156 0.612793
vt 0.289062 0.612793
vt 0.300781 0.606445
vt 0.292969 0.604980
vt 0.300781 0.604980
vt 0.292969 0.606445
vt 0.292969 0.609375
vt 0.289062 0.610352
vt 0.289062 0.609375
vt 0.285156 0.614258
vt 0.279297 0.612793
vt 0.285156 0.610352
vt 0.292969 0.612793
vt 0.292969 0.606445
vt 0.289062 0.607910
vt 0.289062 0.606445
vt 0.292969 0.611816
vt 0.289062 0.612793
vt 0.292969 0.604980
vt 0.292969 0.603516
vt 0.300781 0.610352
vt 0.300781 0.609375
vt 0.300781 0.604980
vt 0.300781 0.603516
vt 0.300781 0.612793
vt 0.292969 0.614258
vt 0.300781 0.606445
vt 0.292969 0.607910
vt 0.300781 0.611816
vt 0.292969 0.612793
vt 0.285156 0.607910
vt 0.292969 0.609375
vt 0.292969 0.607910
vt 0.310547 0.603516
vt 0.306641 0.604980
vt 0.306641 0.603516
vt 0.300781 0.611816
vt 0.300781 0.610352
vt 0.306641 0.611816
vt 0.300781 0.612793
vt 0.306641 0.607910
vt 0.300781 0.609375
vt 0.300781 0.607910
vt 0.306641 0.614258
vt 0.306641 0.612793
vt 0.306641 0.610352
vt 0.306641 0.609375
vt 0.306641 0.611816
vt 0.306641 0.610352
vt 0.314453 0.604980
vt 0.314453 0.603516
vt 0.310547 0.610352
vt 0.310547 0.606445
vt 0.306641 0.604980
vt 0.310547 0.604980
vt 0.306641 0.606445
vt 0.300781 0.607910
vt 0.310547 0.609375
vt 0.310547 0.607910
vt 0.310547 0.614258
vt 0.310547 0.612793
vt 0.310547 0.607910
vt 0.310547 0.606445
vt 0.314453 0.611816
vt 0.314453 0.610352
vt 0.314453 0.614258
vt 0.314453 0.612793
vt 0.314453 0.606445
vt 0.314453 0.611816
vt 0.310547 0.612793
vt 0.310547 0.611816
vt 0.306641 0.606445
vt 0.306641 0.612793
vt 0.314453 0.606445
vt 0.314453 0.604980
vt 0.314453 0.609375
vt 0.310547 0.610352
vt 0.310547 0.609375
vt 0.322266 0.607910
vt 0.333984 0.606445
vt 0.333984 0.607910
vt 0.322266 0.609375
vt 0.314453 0.610352
vt 0.322266 0.607910
vt 0.314453 0.609375
vt 0.314453 0.607910
vt 0.322266 0.611816
vt 0.322266 0.610352
vt 0.322266 0.612793
vt 0.322266 0.612793
vt 0.322266 0.611816
vt 0.322266 0.604980
vt 0.322266 0.603516
vt 0.279297 0.606445
vt 0.322266 0.604980
vt 0.322266 0.610352
vt 0.333984 0.609375
vt 0.333984 0.610352
vt 0.322266 0.609375
vt 0.333984 0.607910
vt 0.333984 0.609375
vt 0.023438 0.612793
vt 0.023438 0.611816
vt 0.333984 0.610352
vt 0.333984 0.611816
vt 0.322266 0.606445
vt 0.314453 0.607910
vt 0.322266 0.606445
vt 0.333984 0.604980
vt 0.333984 0.606445
vt 0.322266 0.614258
vt 0.333984 0.612793
vt 0.333984 0.614258
vt 0.333984 0.603516
vt 0.333984 0.604980
vt 0.333984 0.611816
vt 0.333984 0.612793
vt 0.109375 0.547852
vt 0.265625 0.541992
vt 0.265625 0.547852
vt 0.673828 0.788574
vt 0.658203 0.788574
vt 0.673828 0.782715
vt 0.666016 0.782715
vt 0.632812 0.791992
vt 0.666016 0.791992
vt 0.666016 0.782715
vt 0.632812 0.791992
vt 0.632812 0.782715
vt 0.632812 0.782715
vt 0.666016 0.791992
vt 0.632812 0.791992
vt 0.666016 0.782715
vt 0.701172 0.791992
vt 0.666016 0.791992
vt 0.632812 0.782715
vt 0.632812 0.791992
vt 0.701172 0.791992
vt 0.666016 0.782715
vt 0.109375 0.547852
vt 0.265625 0.541992
vt 0.265625 0.547852
vt 0.109375 0.547852
vt 0.265625 0.541992
vt 0.265625 0.547852
vt 0.658203 0.791504
vt 0.658203 0.791504
vt 0.658203 0.791504
vt 0.673828 0.790039
vt 0.673828 0.791504
vt 0.658203 0.791504
vt 0.673828 0.782715
vt 0.673828 0.782715
vt 0.673828 0.782715
vt 0.677734 0.791992
vt 0.492188 0.642578
vt 0.681641 0.790039
vt 0.664062 0.791992
vt 0.667969 0.791992
vt 0.673828 0.791992
vt 0.660156 0.791992
vt 0.648438 0.782715
vt 0.662109 0.791504
vt 0.662109 0.790039
vt 0.662109 0.790039
vt 0.677734 0.791992
vt 0.492188 0.642578
vt 0.681641 0.790039
vt 0.664062 0.791992
vt 0.667969 0.791992
vt 0.673828 0.791992
vt 0.660156 0.791992
vt 0.663411 0.782715
vt 0.658203 0.782715
vt 0.658203 0.791992
vt 0.668620 0.782715
vt 0.673828 0.782715
vt 0.673828 0.791992
vt 0.658203 0.791992
vt 0.658203 0.791992
vt 0.658203 0.791992
vt 0.658203 0.791992
vt 0.658203 0.791992
vt 0.658203 0.791992
vt 0.308594 0.541016
vt 0.048024 0.541016
vt 0.047991 0.541016
vt 0.048068 0.541016
vt 0.275195 0.541016
vt 0.191211 0.541016
vt 0.056478 0.541016
vt 0.308789 0.541016
vt 0.316617 0.541016
vt 0.115385 0.541016
vt 0.048096 0.541016
vt 0.048068 0.541016
vt 0.048118 0.541016
vt 0.316617 0.541016
vt 0.048068 0.541016
vt 0.056518 0.541016
vt 0.308416 0.541016
vt 0.316617 0.541016
vt 0.181641 0.541016
vt 0.048032 0.541016
vt 0.097593 0.541016
vt 0.048068 0.541016
vt 0.173658 0.541016
vt 0.316584 0.541016
vt 0.316617 0.541016
vt 0.316406 0.541016
vt 0.316617 0.541016
vt 0.048068 0.541016
vt 0.199388 0.541016
vt 0.148667 0.541016
vt 0.048068 0.541016
vt 0.048068 0.541016
vt 0.098011 0.541016
vt 0.308789 0.541016
vt 0.316617 0.541016
vt 0.048068 0.541016
vt 0.316617 0.541016
vt 0.048068 0.541016
vt 0.056478 0.551758
vt 0.048068 0.541016
vt 0.048068 0.541016
vt 0.048068 0.541016
vt 0.316617 0.541016
vt 0.224487 0.541016
vt 0.316617 0.541016
vt 0.048032 0.541016
vt 0.048059 0.541016
vt 0.191211 0.541016
vt 0.048068 0.541016
vt 0.308789 0.541016
vt 0.181920 0.541016
vt 0.048077 0.541016
vt 0.316617 0.541016
vt 0.148359 0.541016
vt 0.064341 0.541016
vt 0.048068 0.541016
vt 0.048068 0.541016
vt 0.048068 0.541016
vt 0.056411 0.541016
vt 0.308594 0.541016
vt 0.316617 0.541016
vt 0.048177 0.541016
vt 0.048068 0.541016
vt 0.048068 0.541016
vt 0.140475 0.541016
vt 0.316617 0.551758
vt 0.052253 0.546387
vt 0.056389 0.541016
vt 0.316557 0.541016
vt 0.316617 0.541016
vt 0.316636 0.541016
vt 0.048068 0.541016
vt 0.140408 0.541016
vt 0.048068 0.541016
vt 0.265803 0.541016
vt 0.232639 0.541016
vt 0.048059 0.541016
vt 0.316617 0.541016
vt 0.199388 0.541016
vt 0.048118 0.541016
vt 0.224487 0.541016
vt 0.048068 0.541016
vt 0.048068 0.541016
vt 0.048068 0.541016
vt 0.316617 0.541016
vt 0.048068 0.541016
vt 0.316617 0.541016
vt 0.156575 0.541016
vt 0.316528 0.541016
vt 0.048068 0.541016
vt 0.097593 0.541016
vt 0.107422 0.541016
vt 0.316617 0.541016
vt 0.064341 0.541016
vt 0.316617 0.541016
vt 0.308756 0.541016
vt 0.048096 0.541016
vt 0.308594 0.541016
vt 0.048068 0.541016
vt 0.048068 0.541016
vt 0.048068 0.541016
vt 0.316617 0.541016
vt 0.048068 0.541016
vt 0.316617 0.541016
vt 0.316495 0.541016
vt 0.047991 0.541016
vt 0.048068 0.541016
vt 0.140747 0.541016
vt 0.148359 0.541016
vt 0.316617 0.541016
vt 0.216471 0.541016
vt 0.048068 0.541016
vt 0.316685 0.541016
vt 0.048068 0.541016
vt 0.107422 0.541016
vt 0.048068 0.541016
vt 0.316617 0.541016
vt 0.048068 0.541016
vt 0.140475 0.541016
vt 0.048068 0.541016
vt 0.047960 0.541016
vt 0.048068 0.541016
vt 0.224760 0.541016
vt 0.048068 0.541016
vt 0.316617 0.541016
vt 0.048068 0.541016
vt 0.048068 0.541016
vt 0.048068 0.541016
vt 0.048068 0.541016
vt 0.048068 0.541016
vt 0.048068 0.541016
vt 0.191495 0.541016
vt 0.048068 0.541016
vt 0.316617 0.541016
vt 0.673828 0.790039
vt 0.673828 0.791504
vt 0.648438 0.782715
vt 0.662109 0.791504
vt 0.662109 0.790039
vt 0.662109 0.790039
vt 0.109375 0.541992
vt 0.044922 0.538574
vt 0.044922 0.584473
vt 0.044922 0.569336
vt 0.076172 0.569336
vt 0.044922 0.577148
vt 0.658203 0.791504
vt 0.658203 0.791504
vt 0.658203 0.791504
vt 0.673828 0.790039
vt 0.673828 0.791504
vt 0.658203 0.791504
vt 0.673828 0.782715
vt 0.658203 0.782715
vt 0.632812 0.782715
vt 0.662109 0.791504
vt 0.662109 0.790039
vt 0.662109 0.790039
vt 0.673828 0.791992
vt 0.673828 0.791992
vt 0.658203 0.782715
vt 0.658203 0.791992
vt 0.673828 0.782715
vt 0.668620 0.782715
vt 0.673828 0.782715
vt 0.673828 0.791992
vt 0.658203 0.791992
vt 0.658203 0.791992
vt 0.658203 0.791992
vt 0.658203 0.791992
vt 0.308594 0.541016
vt 0.048024 0.541016
vt 0.240513 0.541016
vt 0.048068 0.541016
vt 0.275195 0.541016
vt 0.191211 0.541016
vt 0.056478 0.541016
vt 0.308789 0.541016
vt 0.316617 0.541016
vt 0.115385 0.541016
vt 0.275513 0.541016
vt 0.048068 0.541016
vt 0.048118 0.541016
vt 0.316617 0.541016
vt 0.048068 0.541016
vt 0.275513 0.541016
vt 0.308416 0.541016
vt 0.316617 0.541016
vt 0.181641 0.541016
vt 0.048032 0.541016
vt 0.308657 0.541016
vt 0.048068 0.541016
vt 0.316576 0.541016
vt 0.316584 0.541016
vt 0.316617 0.541016
vt 0.316406 0.541016
vt 0.316617 0.541016
vt 0.048068 0.541016
vt 0.199388 0.541016
vt 0.048024 0.541016
vt 0.048068 0.541016
vt 0.048068 0.541016
vt 0.098011 0.541016
vt 0.275195 0.541016
vt 0.316617 0.541016
vt 0.048068 0.541016
vt 0.316617 0.541016
vt 0.048068 0.541016
vt 0.056478 0.551758
vt 0.048068 0.541016
vt 0.048068 0.541016
vt 0.048068 0.541016
vt 0.316617 0.541016
vt 0.224487 0.541016
vt 0.316617 0.541016
vt 0.232639 0.541016
vt 0.283381 0.541016
vt 0.191211 0.541016
vt 0.048068 0.541016
vt 0.107227 0.541016
vt 0.181920 0.541016
vt 0.115385 0.541016
vt 0.316617 0.541016
vt 0.148359 0.541016
vt 0.064341 0.541016
vt 0.048068 0.541016
vt 0.048068 0.541016
vt 0.048068 0.541016
vt 0.056411 0.541016
vt 0.308594 0.541016
vt 0.316617 0.541016
vt 0.048177 0.541016
vt 0.048068 0.541016
vt 0.048068 0.541016
vt 0.140475 0.541016
vt 0.316617 0.551758
vt 0.052253 0.546387
vt 0.056389 0.541016
vt 0.316557 0.541016
vt 0.316617 0.541016
vt 0.316636 0.541016
vt 0.048068 0.541016
vt 0.140408 0.541016
vt 0.048068 0.541016
vt 0.265803 0.541016
vt 0.232639 0.541016
vt 0.283381 0.541016
vt 0.316617 0.541016
vt 0.048064 0.541016
vt 0.048118 0.541016
vt 0.224487 0.541016
vt 0.048068 0.541016
vt 0.048068 0.541016
vt 0.048068 0.541016
vt 0.316617 0.541016
vt 0.048068 0.541016
vt 0.316617 0.541016
vt 0.047960 0.541016
vt 0.097534 0.541016
vt 0.048068 0.541016
vt 0.097593 0.541016
vt 0.048177 0.541016
vt 0.316617 0.541016
vt 0.308705 0.541016
vt 0.316617 0.541016
vt 0.056478 0.541016
vt 0.048096 0.541016
vt 0.308594 0.541016
vt 0.048068 0.541016
vt 0.048068 0.541016
vt 0.048068 0.541016
vt 0.316617 0.541016
vt 0.048068 0.541016
vt 0.316617 0.541016
vt 0.181552 0.541016
vt 0.047991 0.541016
vt 0.048068 0.541016
vt 0.056518 0.541016
vt 0.308672 0.541016
vt 0.316617 0.541016
vt 0.216471 0.541016
vt 0.048068 0.541016
vt 0.132534 0.541016
vt 0.048068 0.541016
vt 0.107422 0.541016
vt 0.048068 0.541016
vt 0.316617 0.541016
vt 0.048068 0.541016
vt 0.140475 0.541016
vt 0.048068 0.541016
vt 0.156575 0.541016
vt 0.048068 0.541016
vt 0.224760 0.541016
vt 0.048068 0.541016
vt 0.316617 0.541016
vt 0.048068 0.541016
vt 0.048068 0.541016
vt 0.048068 0.541016
vt 0.048068 0.541016
vt 0.048068 0.541016
vt 0.048068 0.541016
vt 0.191495 0.541016
vt 0.048068 0.541016
vt 0.316617 0.541016
vt 0.673828 0.790039
vt 0.673828 0.791504
vt 0.632812 0.782715
vt 0.662109 0.791504
vt 0.662109 0.790039
vt 0.662109 0.790039
vt 0.314453 0.612793
vt 0.314453 0.604980
vt 0.314453 0.611816
vt 0.300781 0.606445
vt 0.306641 0.607910
vt 0.300781 0.614258
vt 0.289062 0.604980
vt 0.289062 0.610352
vt 0.279297 0.614258
vt 0.279297 0.609375
vt 0.279297 0.606445
vt 0.041016 0.607910
vt 0.041016 0.612793
vt 0.041016 0.606445
vt 0.044922 0.603516
vt 0.044922 0.611816
vt 0.050781 0.609375
vt 0.050781 0.606445
vt 0.056641 0.610352
vt 0.056641 0.607910
vt 0.056641 0.604980
vt 0.062500 0.612793
vt 0.066406 0.609375
vt 0.066406 0.606445
vt 0.066406 0.611816
vt 0.070312 0.603516
vt 0.078125 0.607910
vt 0.078125 0.612793
vt 0.078125 0.607910
vt 0.062500 0.604980
vt 0.066406 0.611816
vt 0.066406 0.612793
vt 0.066406 0.606445
vt 0.070312 0.603516
vt 0.066406 0.609375
vt 0.056641 0.607910
vt 0.056641 0.612793
vt 0.056641 0.610352
vt 0.050781 0.603516
vt 0.050781 0.606445
vt 0.044922 0.612793
vt 0.044922 0.609375
vt 0.044922 0.611816
vt 0.289062 0.604980
vt 0.292969 0.610352
vt 0.279297 0.614258
vt 0.300781 0.614258
vt 0.310547 0.604980
vt 0.306641 0.609375
vt 0.310547 0.611816
vt 0.306641 0.607910
vt 0.314453 0.612793
vt 0.109375 0.541992
vt 0.632812 0.782715
vt 0.666016 0.791992
vt 0.701172 0.782715
vt 0.701172 0.782715
vt 0.109375 0.541992
vt 0.109375 0.541992
vn 0.0000 0.0000 1.0000
vn 0.0000 0.0000 -1.0000
vn 0.0000 -1.0000 0.0000
vn 0.0000 1.0000 0.0000
vn 0.9212 0.3369 -0.1945
vn 0.0000 0.8660 0.5000
vn 0.9212 0.0000 -0.3890
vn 0.0000 0.8660 -0.5000
vn 0.9212 -0.3369 -0.1945
vn 0.0000 -0.8660 -0.5000
vn 0.9212 -0.3369 0.1945
vn 0.0000 -0.8660 0.5000
vn 0.9212 0.0000 0.3890
vn 0.9212 0.3369 0.1945
vn 1.0000 0.0000 0.0000
vn -1.0000 0.0000 0.0000
vn 0.5773 0.5774 -0.5774
vn 0.5774 0.5773 -0.5774
vn 0.5774 0.5773 -0.5773
vn -0.5774 0.5774 0.5774
vn 0.5773 -0.5774 0.5774
vn -0.5774 -0.5773 -0.5773
vn 0.5774 -0.5773 0.5773
vn -0.5773 -0.5774 -0.5774
vn -0.5773 0.5774 0.5774
vn -0.5774 -0.5774 -0.5773
vn -0.5774 -0.5774 -0.5774
vn -0.5774 0.5773 0.5773
vn 0.5774 -0.5774 0.5773
vn 0.5774 0.5774 -0.5774
vn 0.5774 -0.5774 0.5774
vn -0.5774 -0.5773 -0.5774
vn -0.5774 0.5774 0.5773
vn 0.5774 -0.5773 0.5774
vn -0.5774 0.5773 0.5774
vn 0.0000 0.9239 -0.3827
vn 0.0000 0.3827 -0.9239
vn 0.0000 -0.3827 -0.9239
vn 0.0000 -0.9239 -0.3827
vn 0.0000 -0.9239 0.3827
vn 0.0000 -0.3827 0.9239
vn 0.0335 0.9234 0.3825
vn 0.0000 0.3827 0.9239
vn 0.0000 0.9239 0.3827
vn 0.2392 0.3814 0.8929
vn -0.0335 0.9234 -0.3825
vn -0.0806 -0.3814 -0.9209
vn 0.0806 -0.3814 0.9209
vn -0.0335 -0.9234 -0.3825
vn 0.0806 0.3814 0.9209
vn -0.0806 0.3814 -0.9209
vn 0.0335 -0.9234 0.3825
vn 0.3907 -0.3814 0.8378
vn 0.0994 -0.9234 0.3709
vn -0.2392 -0.3814 -0.8929
vn -0.0994 0.9234 -0.3709
vn 0.0994 0.9234 0.3709
vn 0.2392 -0.3814 0.8929
vn -0.0994 -0.9234 -0.3709
vn -0.2392 0.3814 -0.8929
vn -0.2202 0.9234 -0.3145
vn -0.1623 -0.9234 -0.3480
vn -0.3907 0.3814 -0.8378
vn 0.3907 0.3814 0.8378
vn 0.1623 -0.9234 0.3480
vn -0.3907 -0.3814 -0.8378
vn -0.1623 0.9234 -0.3480
vn 0.1623 0.9234 0.3480
vn 0.6536 0.3814 0.6536
vn 0.2202 0.9234 0.3145
vn 0.5302 -0.3814 0.7572
vn -0.2202 -0.9234 -0.3145
vn -0.5302 0.3814 -0.7572
vn 0.5302 0.3814 0.7572
vn 0.2202 -0.9234 0.3145
vn -0.5302 -0.3814 -0.7572
vn -0.7572 0.3814 -0.5302
vn 0.2715 -0.9234 0.2715
vn -0.6537 -0.3814 -0.6536
vn -0.2715 0.9234 -0.2715
vn 0.2715 0.9234 0.2715
vn 0.6536 -0.3814 0.6537
vn -0.2715 -0.9234 -0.2715
vn -0.6536 0.3814 -0.6536
vn 0.3480 0.9234 0.1622
vn 0.7572 0.3814 0.5302
vn 0.3145 -0.9234 0.2202
vn -0.7572 -0.3814 -0.5302
vn -0.3145 0.9234 -0.2202
vn 0.3145 0.9234 0.2202
vn 0.7572 -0.3814 0.5302
vn -0.3145 -0.9234 -0.2202
vn -0.8929 -0.3814 -0.2392
vn 0.8378 -0.3814 0.3907
vn -0.3480 -0.9234 -0.1623
vn -0.8378 0.3814 -0.3906
vn 0.8378 0.3814 0.3907
vn 0.3480 -0.9234 0.1623
vn -0.8378 -0.3814 -0.3907
vn -0.3480 0.9234 -0.1623
vn 0.9209 0.3814 0.0806
vn -0.3709 0.9234 -0.0994
vn 0.3709 0.9234 0.0994
vn 0.8929 -0.3814 0.2393
vn -0.3709 -0.9234 -0.0994
vn -0.8929 0.3814 -0.2393
vn 0.8929 0.3814 0.2392
vn 0.3709 -0.9234 0.0994
vn -0.3827 -0.9239 -0.0000
vn 0.3825 -0.9234 0.0335
vn -0.9209 -0.3814 -0.0806
vn -0.3825 0.9234 -0.0335
vn 0.3825 0.9234 0.0334
vn 0.9209 -0.3814 0.0806
vn -0.3825 -0.9234 -0.0334
vn -0.9209 0.3814 -0.0806
vn -0.9239 0.3827 0.0000
vn 0.9239 0.3827 0.0000
vn 0.3827 -0.9239 0.0000
vn -0.9239 -0.3827 0.0000
vn -0.3827 0.9239 0.0000
vn 0.3827 0.9239 0.0000
vn 0.9239 -0.3827 -0.0000
vn 0.0335 -0.9234 -0.3825
vn 0.2393 -0.3814 -0.8929
vn -0.0334 -0.9234 0.3825
vn -0.0806 0.3814 0.9209
vn 0.0806 0.3814 -0.9209
vn -0.0335 0.9234 0.3825
vn 0.0806 -0.3814 -0.9209
vn -0.0806 -0.3814 0.9209
vn 0.0335 0.9234 -0.3825
vn 0.3907 0.3814 -0.8378
vn 0.0994 0.9234 -0.3709
vn -0.2393 0.3814 0.8929
vn -0.0994 -0.9234 0.3709
vn 0.0994 -0.9234 -0.3709
vn 0.2392 0.3814 -0.8929
vn -0.0994 0.9234 0.3709
vn -0.2393 -0.3814 0.8929
vn -0.2202 -0.9234 0.3145
vn -0.1623 0.9234 0.3479
vn -0.3907 -0.3814 0.8378
vn 0.3907 -0.3814 -0.8378
vn 0.1623 0.9234 -0.3480
vn -0.3907 0.3814 0.8378
vn -0.1623 -0.9234 0.3480
vn 0.1623 -0.9234 -0.3480
vn 0.6536 -0.3814 -0.6537
vn 0.2202 -0.9234 -0.3145
vn 0.5302 0.3815 -0.7572
vn -0.2202 0.9234 0.3145
vn -0.5302 -0.3814 0.7572
vn 0.5302 -0.3814 -0.7572
vn 0.2202 0.9234 -0.3145
vn -0.5302 0.3814 0.7572
vn -0.7572 -0.3814 0.5302
vn 0.2715 0.9234 -0.2715
vn -0.6536 0.3814 0.6536
vn -0.2715 -0.9234 0.2715
vn 0.2715 -0.9234 -0.2715
vn 0.6537 0.3814 -0.6536
vn -0.2715 0.9234 0.2715
vn -0.6536 -0.3814 0.6536
vn 0.3480 -0.9234 -0.1623
vn 0.7572 -0.3814 -0.5302
vn 0.3145 0.9234 -0.2202
vn -0.7572 0.3814 0.5302
vn -0.3145 -0.9234 0.2202
vn 0.3145 -0.9234 -0.2202
vn 0.7572 0.3814 -0.5302
vn -0.3145 0.9234 0.2202
vn -0.8929 0.3814 0.2393
vn 0.8378 0.3814 -0.3907
vn -0.3480 0.9234 0.1623
vn -0.8378 -0.3814 0.3907
vn 0.8378 -0.3814 -0.3907
vn 0.3480 0.9234 -0.1623
vn -0.8378 0.3814 0.3907
vn -0.3480 -0.9234 0.1622
vn 0.9209 -0.3814 -0.0806
vn -0.3709 -0.9234 0.0994
vn 0.3709 -0.9234 -0.0994
vn 0.8929 0.3814 -0.2393
vn -0.3709 0.9234 0.0994
vn -0.8929 -0.3814 0.2393
vn 0.8929 -0.3814 -0.2393
vn 0.3709 0.9234 -0.0994
vn 0.3825 0.9234 -0.0335
vn -0.9209 0.3814 0.0806
vn -0.3825 -0.9234 0.0335
vn 0.3825 -0.9234 -0.0334
vn 0.9209 0.3814 -0.0806
vn -0.3825 0.9234 0.0335
vn -0.9209 -0.3814 0.0806
vn 0.3825 -0.9234 -0.0335
vn 0.3480 0.9234 -0.1622
vn 0.6536 0.3814 -0.6537
vn -0.7572 0.3815 0.5302
vn 0.5302 0.3814 -0.7572
vn -0.1623 0.9234 0.3480
vn 0.0994 0.9234 -0.3708
vn 0.2392 -0.3814 -0.8929
vn -0.8378 0.3814 -0.3907
vn 0.6536 -0.3814 0.6536
vn -0.6536 -0.3814 -0.6536
vn 0.3480 0.9234 0.1623
vn 0.3907 0.3815 0.8378
vn -0.0994 0.9234 -0.3708
vn 0.3825 0.9234 0.0335
vn 0.5774 0.5774 -0.5773
vn -0.5773 0.5774 0.5773
vn 0.2392 0.3815 0.8929
vn 0.0806 0.3815 0.9209
vn -0.8929 -0.3814 -0.2393
vn 0.8929 -0.3814 0.2392
vn -0.8929 0.3814 -0.2392
vn 0.8929 0.3814 0.2393
vn 0.3825 -0.9234 0.0334
vn -0.3825 -0.9234 -0.0335
vn -0.0335 -0.9234 0.3825
vn -0.0805 0.3815 0.9209
vn -0.0334 0.9234 0.3825
vn -0.0805 -0.3814 0.9209
vn -0.2392 0.3814 0.8929
vn 0.6536 -0.3814 -0.6536
vn -0.6536 0.3814 0.6537
vn -0.3480 0.9234 0.1622
vn -0.8378 -0.3814 0.3906
vn -0.8378 0.3814 0.3906
vn -0.3480 -0.9234 0.1623
vn 0.8929 0.3814 -0.2392
vn -0.8929 -0.3814 0.2392
vn -0.3825 0.9234 0.0334
vn 0.6537 -0.3814 -0.6536
vn -0.0994 0.9234 0.3708
vn 0.2393 0.3814 -0.8929
vn -0.0805 0.3814 0.9209
vn -0.6537 0.3814 -0.6536
vn -0.3907 0.3815 -0.8378
vn -0.2392 0.3815 -0.8929
vn 0.0994 -0.9234 0.3708
vn 0.0994 0.9234 0.3708
vn -0.3825 0.9234 -0.0334
usemtl mtl_bnk_int_1
s off
f 7145/6218/390 7163/6219/390 7151/6220/390
f 7156/6221/391 7149/6222/391 7165/6223/391
f 7146/6224/392 7150/6225/392 7148/6226/392
f 7170/6227/390 7168/6228/390 7142/6229/390
f 7157/6230/393 7164/6231/393 7162/6232/393
f 8106/6233/393 7192/6234/393 8102/6235/393
f 7193/6236/390 7154/6237/390 7160/6238/390
f 7159/6239/392 7152/6240/392 7161/6241/392
f 6150/6242/394 7196/6243/394 7200/6244/394
f 7199/6245/395 7206/6246/395 7203/6247/395
f 6152/6248/396 7194/6249/396 7196/6243/396
f 6149/6250/397 8114/6251/397 7198/6252/397
f 7194/6249/398 6156/6253/398 8111/6254/398
f 8112/6255/399 7201/6256/399 7195/6257/399
f 8111/6254/400 6159/6258/400 7204/6259/400
f 7205/6260/401 8115/6261/401 6155/6262/401
f 7204/6259/402 6161/6263/402 7202/6264/402
f 6160/6265/390 8113/6266/390 6158/6267/390
f 6161/6263/403 7200/6244/403 7202/6264/403
f 6153/6268/391 6162/6269/391 6151/6270/391
f 6156/6253/404 6150/6242/404 6161/6263/404
f 7169/6271/404 6172/6272/404 7172/6273/404
f 8108/6274/391 7173/6275/391 7167/6276/391
f 6171/6277/393 7143/6278/393 6169/6279/393
f 6172/6272/404 6168/6280/404 6170/6281/404
f 6174/6282/394 7209/6283/394 7213/6284/394
f 7212/6285/395 7219/6286/395 7216/6287/395
f 6176/6288/396 7207/6289/396 7209/6283/396
f 6173/6290/397 8119/6291/397 7211/6292/397
f 7207/6289/398 6180/6293/398 8116/6294/398
f 8117/6295/399 7214/6296/399 7208/6297/399
f 6180/6293/400 7217/6298/400 8116/6294/400
f 7218/6299/401 8120/6300/401 6179/6301/401
f 6183/6302/402 7215/6303/402 7217/6298/402
f 6184/6304/390 8118/6305/390 6182/6306/390
f 7215/6303/403 6174/6282/403 7213/6284/403
f 6177/6307/391 6186/6308/391 6175/6309/391
f 6180/6293/404 6174/6282/404 6185/6310/404
f 6136/6311/405 6135/6312/405 7133/6313/405
f 6138/6314/404 6137/6315/404 7135/6316/404
f 6141/6317/405 6146/6318/405 6145/6319/405
f 6148/6320/404 6142/6321/404 6147/6322/404
f 6135/6323/405 6143/6324/405 6141/6325/405
f 6144/6326/404 6139/6327/404 6142/6328/404
f 6145/6329/405 6134/6330/405 6133/6331/405
f 6138/6332/404 6147/6333/404 6137/6334/404
f 6349/6335/405 7470/6336/405 7471/6337/405
f 6400/6338/404 7467/6339/404 6399/6340/404
f 6334/6341/406 7417/6342/406 7416/6343/406
f 7439/6344/405 6416/6345/405 7438/6346/405
f 6262/6347/407 7245/6348/407 7244/6349/407
f 7277/6350/408 6302/6351/408 6301/6352/408
f 6260/6353/409 6343/6354/409 6259/6355/409
f 6401/6356/408 7458/6357/408 6402/6358/408
f 7379/6359/410 6271/6360/410 6272/6361/410
f 7434/6362/405 6385/6363/405 6386/6364/405
f 6276/6365/411 7431/6366/411 7430/6367/411
f 6396/6368/404 7317/6369/404 6395/6370/404
f 6454/6371/411 7457/6372/411 7456/6373/411
f 6318/6374/410 7252/6375/410 7253/6376/410
f 7257/6377/406 6306/6378/406 6305/6379/406
f 6244/6380/412 7354/6381/412 6243/6382/412
f 7452/6383/413 6303/6384/413 7453/6385/413
f 7367/6386/414 6257/6387/414 6258/6388/414
f 6294/6389/415 7265/6390/415 7264/6391/415
f 6370/6392/404 7465/6393/404 6369/6394/404
f 6394/6395/416 7347/6396/416 7346/6397/416
f 6384/6398/405 6232/6399/405 6383/6400/405
f 6240/6401/417 6213/6402/417 6239/6403/417
f 6206/6404/417 6321/6405/417 6322/6406/417
f 7339/6407/417 6223/6408/417 6224/6409/417
f 6366/6410/418 6219/6411/418 6220/6412/418
f 7353/6413/412 6241/6414/412 6242/6415/412
f 6286/6416/411 7401/6417/411 7400/6418/411
f 7258/6419/405 6355/6420/405 6356/6421/405
f 6323/6422/413 6441/6423/413 6324/6424/413
f 6368/6425/404 7235/6426/404 6367/6427/404
f 6226/6428/419 7387/6429/419 7386/6430/419
f 7309/6431/414 6195/6432/414 6196/6433/414
f 7286/6434/405 7390/6435/405 7391/6436/405
f 6300/6437/410 7236/6438/410 7237/6439/410
f 6200/6440/413 7399/6441/413 7398/6442/413
f 6312/6443/417 6221/6444/417 6222/6445/417
f 6282/6446/413 7429/6447/413 7428/6448/413
f 6372/6449/404 6459/6450/404 7368/6451/404
f 6198/6452/413 7455/6453/413 7454/6454/413
f 6354/6455/405 6422/6456/405 6353/6457/405
f 7305/6458/409 6455/6459/409 6456/6460/409
f 6230/6461/404 7413/6462/404 6229/6463/404
f 7321/6464/410 6207/6465/410 6208/6466/410
f 6440/6467/416 6290/6468/416 6289/6469/416
f 6330/6470/405 6398/6471/405 6329/6472/405
f 6358/6473/405 6252/6474/405 6357/6475/405
f 6342/6476/404 6378/6477/404 6341/6478/404
f 6433/6479/405 6277/6480/405 6278/6481/405
f 6254/6482/414 6431/6483/414 6432/6484/414
f 6410/6485/408 6308/6486/408 6307/6487/408
f 7293/6488/410 6443/6489/410 6444/6490/410
f 6266/6491/406 7437/6492/406 7436/6493/406
f 6346/6494/406 6228/6495/406 6227/6496/406
f 6314/6497/404 6298/6498/404 6313/6499/404
f 6338/6500/408 7385/6501/408 7384/6502/408
f 6328/6503/405 6352/6504/405 6327/6505/405
f 6420/6506/420 7262/6507/420 6419/6508/420
f 7318/6509/404 7238/6510/404 7239/6511/404
f 6250/6512/414 6429/6513/414 6430/6514/414
f 6284/6515/404 6270/6516/404 6283/6517/404
f 6326/6518/419 6212/6519/419 6211/6520/419
f 7325/6521/405 7351/6522/405 7324/6523/405
f 6458/6524/413 7357/6525/413 7356/6526/413
f 6381/6527/404 6382/6528/404 7337/6529/404
f 6406/6530/414 6217/6531/414 6405/6532/414
f 6380/6533/409 6427/6534/409 6428/6535/409
f 7261/6536/410 6417/6537/410 6418/6538/410
f 6446/6539/420 6315/6540/420 6316/6541/420
f 6280/6542/404 6452/6543/404 6279/6544/404
f 6412/6545/420 6263/6546/420 6411/6547/420
f 6296/6548/405 6426/6549/405 6295/6550/405
f 7405/6551/404 7329/6552/404 7404/6553/404
f 6204/6554/410 6391/6555/410 6392/6556/410
f 7423/6557/406 7269/6558/406 7268/6559/406
f 6216/6560/414 6403/6561/414 6404/6562/414
f 6273/6563/408 6233/6564/408 6274/6565/408
f 7279/6566/404 7479/6567/404 7278/6568/404
f 6388/6569/411 6340/6570/411 6339/6571/411
f 6268/6572/405 6248/6573/405 6267/6574/405
f 6210/6575/413 6288/6576/413 6287/6577/413
f 6292/6578/411 6320/6579/411 6319/6580/411
f 6450/6581/417 6375/6582/417 6376/6583/417
f 6364/6584/411 7373/6585/411 7372/6586/411
f 7227/6587/410 6389/6588/410 6390/6589/410
f 6407/6590/405 6237/6591/405 6238/6592/405
f 7303/6593/410 7426/6594/410 7427/6595/410
f 7275/6596/404 7223/6597/404 7274/6598/404
f 7231/6599/404 7419/6600/404 7230/6601/404
f 7220/6602/411 7294/6603/411 7221/6604/411
f 6438/6605/410 6361/6606/410 6362/6607/410
f 7343/6608/405 7371/6609/405 7342/6610/405
f 6448/6611/417 6373/6612/417 6374/6613/417
f 7246/6614/416 7406/6615/416 7247/6616/416
f 7243/6617/404 7301/6618/404 7242/6619/404
f 7340/6620/406 7374/6621/406 7341/6622/406
f 6236/6623/405 6246/6624/405 6235/6625/405
f 7451/6626/406 7233/6627/406 7232/6628/406
f 7377/6629/406 7267/6630/406 7266/6631/406
f 6424/6632/417 6347/6633/417 6348/6634/417
f 7447/6635/406 7297/6636/406 7296/6637/406
f 6436/6638/410 6359/6639/410 6360/6640/410
f 7383/6641/412 7326/6642/412 7327/6643/412
f 7229/6644/405 7359/6645/405 7228/6646/405
f 7241/6647/404 7307/6648/404 7240/6649/404
f 7425/6650/409 7348/6651/409 7349/6652/409
f 7289/6653/405 7291/6654/405 7288/6655/405
f 6414/6656/412 6335/6657/412 6336/6658/412
f 7365/6659/417 7254/6660/417 7364/6661/417
f 7475/6662/404 7311/6663/404 7474/6664/404
f 6310/6665/414 6331/6666/414 6332/6667/414
f 6202/6668/405 6256/6669/405 6201/6670/405
f 7411/6671/412 7332/6672/412 7333/6673/412
f 7271/6674/406 7443/6675/406 7442/6676/406
f 7421/6677/414 7344/6678/414 7345/6679/414
f 7273/6680/408 7469/6681/408 7468/6682/408
f 7335/6683/404 7483/6684/404 7334/6685/404
f 7463/6686/405 7251/6687/405 7462/6688/405
f 7433/6689/419 7445/6690/419 7444/6691/419
f 7473/6692/404 7225/6693/404 7472/6694/404
f 7395/6695/414 7314/6696/414 7315/6697/414
f 7403/6698/411 7283/6699/411 7282/6700/411
f 7409/6701/420 7330/6702/420 7331/6703/420
f 7477/6704/411 7481/6705/411 7480/6706/411
f 7323/6707/416 7249/6708/416 7248/6709/416
f 7449/6710/404 7389/6711/404 7448/6712/404
f 7397/6713/416 7285/6714/416 7284/6715/416
f 7461/6716/405 7363/6717/405 7460/6718/405
f 7281/6719/406 7415/6720/406 7414/6721/406
f 7381/6722/410 7298/6723/410 7299/6724/410
f 7441/6725/406 7361/6726/406 7360/6727/406
f 7393/6728/417 7312/6729/417 7313/6730/417
f 7178/6731/390 7177/6732/390 6468/6733/390
f 6463/6734/404 6466/6735/404 7181/6736/404
f 6470/6737/391 6465/6738/391 7176/6739/391
f 6467/6740/392 7175/6741/392 7180/6742/392
f 6466/6735/404 6462/6743/404 6464/6744/404
f 6193/6745/405 6191/6746/405 6192/6747/405
f 7186/6748/405 7182/6749/405 7184/6750/405
f 8123/6751/391 7185/6752/391 7183/6753/391
f 6476/6754/392 6471/6755/392 6475/6756/392
f 7189/6757/393 6477/6758/393 6473/6759/393
f 6474/6760/390 8126/6761/390 8124/6762/390
f 7496/6763/390 7510/6764/390 7502/6765/390
f 7505/6766/391 7500/6767/391 7512/6768/391
f 7497/6769/392 7501/6770/392 7499/6771/392
f 7517/6772/390 7515/6773/390 7485/6774/390
f 7506/6775/393 7511/6776/393 7509/6777/393
f 7491/6778/393 8103/6779/393 7493/6780/393
f 7508/6781/392 7487/6782/392 7489/6783/392
f 7494/6784/391 7488/6785/391 7492/6786/391
f 7519/6787/404 6495/6788/404 6500/6789/404
f 8127/6790/391 7520/6791/391 7514/6792/391
f 6499/6793/393 7486/6794/393 6497/6795/393
f 6500/6789/404 6496/6796/404 6498/6797/404
f 6480/6798/405 6481/6799/405 6479/6800/405
f 6485/6801/404 6484/6802/404 6483/6803/404
f 6492/6804/405 7137/6805/405 7138/6806/405
f 6490/6807/404 6488/6808/404 7139/6809/404
f 6481/6810/405 6489/6811/405 6487/6812/405
f 6490/6813/404 6485/6814/404 6488/6815/404
f 6491/6816/405 6480/6817/405 6479/6818/405
f 6484/6819/404 6493/6820/404 6483/6821/404
f 6659/6822/405 7953/6823/405 7954/6824/405
f 6710/6825/404 7950/6826/404 6709/6827/404
f 7899/6828/408 6643/6829/408 7900/6830/408
f 7922/6831/405 6726/6832/405 7921/6833/405
f 6572/6834/407 7728/6835/407 7727/6836/407
f 7760/6837/407 6612/6838/407 6611/6839/407
f 6570/6840/414 6653/6841/414 6569/6842/414
f 6711/6843/408 7941/6844/408 6712/6845/408
f 7862/6846/420 6581/6847/420 6582/6848/420
f 7917/6849/405 6695/6850/405 6696/6851/405
f 7913/6852/411 6585/6853/411 7914/6854/411
f 6706/6855/404 7800/6856/404 6705/6857/404
f 6764/6858/411 7940/6859/411 7939/6860/411
f 6628/6861/410 7735/6862/410 7736/6863/410
f 7740/6864/406 6616/6865/406 6615/6866/406
f 7838/6867/412 6553/6868/412 6554/6869/412
f 7935/6870/411 6613/6871/411 7936/6872/411
f 7850/6873/409 6567/6874/409 6568/6875/409
f 6604/6876/416 7748/6877/416 7747/6878/416
f 6680/6879/404 7948/6880/404 6679/6881/404
f 7829/6882/421 6703/6883/421 7830/6884/421
f 6694/6885/405 6542/6886/405 6693/6887/405
f 6524/6888/414 6549/6889/414 6550/6890/414
f 6516/6891/417 6631/6892/417 6632/6893/417
f 7822/6894/417 6533/6895/417 6534/6896/417
f 6676/6897/412 6529/6898/412 6530/6899/412
f 7836/6900/412 6551/6901/412 6552/6902/412
f 6596/6903/411 7884/6904/411 7883/6905/411
f 7741/6906/405 6665/6907/405 6666/6908/405
f 6752/6909/416 6634/6910/416 6633/6911/416
f 6678/6912/404 7718/6913/404 6677/6914/404
f 6536/6915/419 7870/6916/419 7869/6917/419
f 7792/6918/414 6505/6919/414 6506/6920/414
f 7874/6921/405 7770/6922/405 7873/6923/405
f 6610/6924/420 7719/6925/420 7720/6926/420
f 6510/6927/413 7882/6928/413 7881/6929/413
f 6622/6930/417 6531/6931/417 6532/6932/417
f 6592/6933/413 7912/6934/413 7911/6935/413
f 6682/6936/404 6769/6937/404 7851/6938/404
f 6508/6939/416 7938/6940/416 7937/6941/416
f 6664/6942/405 6732/6943/405 6663/6944/405
f 7788/6945/409 6765/6946/409 6766/6947/409
f 6540/6948/404 7896/6949/404 6539/6950/404
f 7804/6951/410 6517/6952/410 6518/6953/410
f 6599/6954/411 6749/6955/411 6600/6956/411
f 6707/6957/405 6639/6958/405 6640/6959/405
f 6668/6960/405 6562/6961/405 6667/6962/405
f 6652/6963/404 6688/6964/404 6651/6965/404
f 6588/6966/405 6744/6967/405 6587/6968/405
f 6564/6969/414 6741/6970/414 6742/6971/414
f 6617/6972/408 6719/6973/408 6618/6974/408
f 7776/6975/410 6753/6976/410 6754/6977/410
f 6576/6978/406 7920/6979/406 7919/6980/406
f 6656/6981/406 6538/6982/406 6537/6983/406
f 6624/6984/404 6608/6985/404 6623/6986/404
f 6648/6987/408 7868/6988/408 7867/6989/408
f 6638/6990/405 6662/6991/405 6637/6992/405
f 6730/6993/418 7745/6994/418 6729/6995/418
f 7801/6996/404 7721/6997/404 7722/6998/404
f 6560/6999/414 6739/7000/414 6740/7001/414
f 6594/7002/404 6580/7003/404 6593/7004/404
f 6636/7005/419 6522/7006/419 6521/7007/419
f 7808/7008/405 7834/7009/405 7807/7010/405
f 6768/7011/413 7840/7012/413 7839/7013/413
f 6691/7014/404 6692/7015/404 7820/7016/404
f 6716/7017/422 6527/7018/422 6715/7019/422
f 6690/7020/417 6737/7021/417 6738/7022/417
f 7744/7023/410 6727/7024/410 6728/7025/410
f 6756/7026/410 6625/7027/410 6626/7028/410
f 6590/7029/404 6762/7030/404 6589/7031/404
f 6722/7032/420 6573/7033/420 6721/7034/420
f 6606/7035/405 6736/7036/405 6605/7037/405
f 7888/7038/404 7812/7039/404 7887/7040/404
f 6514/7041/410 6701/7042/410 6702/7043/410
f 7751/7044/408 7905/7045/408 7752/7046/408
f 6526/7047/414 6713/7048/414 6714/7049/414
f 6544/7050/408 6584/7051/408 6583/7052/408
f 7762/7053/404 7962/7054/404 7761/7055/404
f 6698/7056/413 6650/7057/413 6649/7058/413
f 6578/7059/405 6558/7060/405 6577/7061/405
f 6520/7062/413 6598/7063/413 6597/7064/413
f 6602/7065/416 6630/7066/416 6629/7067/416
f 6760/7068/417 6685/7069/417 6686/7070/417
f 6674/7071/411 7856/7072/411 7855/7073/411
f 7710/7074/420 6699/7075/420 6700/7076/420
f 6548/7077/405 6718/7078/405 6547/7079/405
f 7910/7080/410 7785/7081/410 7909/7082/410
f 7758/7083/404 7706/7084/404 7757/7085/404
f 7714/7086/404 7902/7087/404 7713/7088/404
f 7778/7089/411 7704/7090/411 7703/7091/411
f 6748/7092/410 6671/7093/410 6672/7094/410
f 7853/7095/405 7825/7096/405 7826/7097/405
f 6758/7098/417 6683/7099/417 6684/7100/417
f 7890/7101/413 7730/7102/413 7729/7103/413
f 7726/7104/404 7784/7105/404 7725/7106/404
f 7823/7107/419 7857/7108/419 7824/7109/419
f 6546/7110/405 6556/7111/405 6545/7112/405
f 7934/7113/419 7716/7114/419 7715/7115/419
f 7860/7116/406 7750/7117/406 7749/7118/406
f 6734/7119/417 6657/7120/417 6658/7121/417
f 7930/7122/406 7780/7123/406 7779/7124/406
f 6746/7125/420 6669/7126/420 6670/7127/420
f 7810/7128/410 7865/7129/410 7809/7130/410
f 7712/7131/405 7842/7132/405 7711/7133/405
f 7724/7134/404 7790/7135/404 7723/7136/404
f 7832/7137/414 7907/7138/414 7831/7139/414
f 7773/7140/405 7771/7141/405 7772/7142/405
f 6724/7143/423 6645/7144/423 6646/7145/423
f 7848/7146/424 7737/7147/424 7847/7148/424
f 7958/7149/404 7794/7150/404 7957/7151/404
f 6642/7152/417 6619/7153/417 6641/7154/417
f 6512/7155/405 6566/7156/405 6511/7157/405
f 7894/7158/412 7815/7159/412 7816/7160/412
f 7754/7161/406 7926/7162/406 7925/7163/406
f 7904/7164/409 7827/7165/409 7828/7166/409
f 7756/7167/408 7952/7168/408 7951/7169/408
f 7818/7170/404 7966/7171/404 7817/7172/404
f 7946/7173/405 7734/7174/405 7945/7175/405
f 7927/7176/419 7915/7177/419 7928/7178/419
f 7956/7179/404 7708/7180/404 7955/7181/404
f 7878/7182/414 7797/7183/414 7798/7184/414
f 7886/7185/416 7766/7186/416 7765/7187/416
f 7892/7188/420 7813/7189/420 7814/7190/420
f 7960/7191/411 7964/7192/411 7963/7193/411
f 7806/7194/421 7732/7195/421 7731/7196/421
f 7932/7197/404 7872/7198/404 7931/7199/404
f 7880/7200/416 7768/7201/416 7767/7202/416
f 7944/7203/405 7846/7204/405 7943/7205/405
f 7764/7206/419 7898/7207/419 7897/7208/419
f 7864/7209/410 7781/7210/410 7782/7211/410
f 7924/7212/419 7844/7213/419 7843/7214/419
f 7876/7215/417 7795/7216/417 7796/7217/417
f 7525/7218/390 7524/7219/390 6777/7220/390
f 7529/7221/404 6771/7222/404 7528/7223/404
f 6780/7224/391 6774/7225/391 6775/7226/391
f 6776/7227/392 7522/7228/392 7527/7229/392
f 7528/7223/404 6772/7230/404 6778/7231/404
f 6782/7232/425 7969/7233/425 6781/7234/425
f 6784/7235/426 7971/7236/426 6783/7237/426
f 7534/7238/427 7973/7239/427 6785/7240/427
f 6788/7241/428 7976/7242/428 6787/7243/428
f 6790/7244/429 7977/7245/429 6789/7246/429
f 7536/7247/430 7979/7248/430 6791/7249/430
f 7533/7250/431 7531/7251/431 7532/7252/431
f 6794/7253/432 6795/7254/432 6793/7255/432
f 7530/7256/433 7967/7257/433 7980/7258/433
f 6873/7259/429 8006/7260/429 6872/7261/429
f 6804/7262/434 7539/7263/434 6812/7264/434
f 7968/7265/435 6797/7266/435 7970/7267/435
f 7534/7238/436 7974/7268/436 7972/7269/436
f 7978/7270/437 7537/7271/437 6803/7272/437
f 6788/7241/438 6801/7273/438 7975/7274/438
f 6796/7275/439 7538/7276/439 6804/7262/439
f 6784/7235/440 6799/7277/440 6786/7278/440
f 6790/7244/441 6802/7279/441 6792/7280/441
f 7543/7281/442 7983/7282/442 6811/7283/442
f 6802/7279/443 7541/7284/443 6810/7285/443
f 7535/7286/444 6808/7287/444 7974/7268/444
f 6797/7266/445 6806/7288/445 7970/7267/445
f 7532/7252/446 7981/7289/446 7982/7290/446
f 6803/7272/447 7543/7281/447 6811/7283/447
f 6801/7273/448 7545/7291/448 6809/7292/448
f 6799/7277/449 7547/7293/449 6807/7294/449
f 6813/7295/450 7987/7296/450 6814/7297/450
f 6809/7292/451 7546/7298/451 7984/7299/451
f 6807/7294/452 7548/7300/452 7985/7301/452
f 6812/7264/453 6819/7302/453 6820/7303/453
f 6810/7285/454 6817/7304/454 6818/7305/454
f 7542/7306/455 6816/7307/455 6808/7287/455
f 6805/7308/456 6814/7297/456 6806/7288/456
f 7981/7289/457 7986/7309/457 7982/7290/457
f 6828/7310/458 7554/7311/458 6836/7312/458
f 7986/7309/459 7550/7313/459 7988/7314/459
f 7544/7315/460 6827/7316/460 7983/7282/460
f 7984/7299/461 7552/7317/461 6825/7318/461
f 7985/7301/462 6822/7319/462 6823/7320/462
f 6820/7303/463 7553/7321/463 6828/7310/463
f 6817/7304/464 6826/7322/464 6818/7305/464
f 6815/7323/465 6824/7324/465 6816/7307/465
f 7559/7325/466 7993/7326/466 6831/7327/466
f 7555/7328/467 7991/7329/467 6826/7322/467
f 6824/7324/468 7558/7330/468 7992/7331/468
f 7987/7296/469 6829/7332/469 6830/7333/469
f 7988/7314/470 7990/7334/470 7989/7335/470
f 7551/7336/471 6835/7337/471 6827/7316/471
f 6825/7318/472 6832/7338/472 6833/7339/472
f 6822/7319/473 6831/7327/473 6823/7320/473
f 7566/7340/474 7564/7341/474 7565/7342/474
f 7554/7311/475 6844/7343/475 6836/7312/475
f 7556/7344/476 6842/7345/476 7991/7329/476
f 7992/7331/477 6839/7346/477 6840/7347/477
f 6829/7332/478 6838/7348/478 6830/7333/478
f 7989/7335/479 7563/7349/479 7566/7340/479
f 6834/7350/480 6843/7351/480 6835/7337/480
f 6833/7339/481 7569/7352/481 6841/7353/481
f 7572/7354/482 7997/7355/482 6848/7356/482
f 6843/7351/483 7568/7357/483 7994/7358/483
f 6841/7353/484 7570/7359/484 7995/7360/484
f 7993/7326/485 7571/7361/485 6847/7362/485
f 7561/7363/486 6852/7364/486 6844/7343/486
f 7562/7365/487 6850/7366/487 6842/7345/487
f 6839/7346/488 6848/7356/488 6840/7347/488
f 6837/7367/489 6846/7368/489 6838/7348/489
f 6860/7369/490 7577/7370/490 6868/7371/490
f 6845/7372/491 7998/7373/491 6846/7368/491
f 7565/7342/492 7574/7374/492 7996/7375/492
f 7994/7358/493 7575/7376/493 6859/7377/493
f 7995/7360/494 6856/7378/494 6857/7379/494
f 6847/7362/495 6854/7380/495 6855/7381/495
f 6851/7382/496 6860/7369/496 6852/7364/496
f 6849/7383/497 6858/7384/497 6850/7366/497
f 7631/7385/498 8131/7386/498 6865/7387/498
f 7578/7388/499 8002/7389/499 6858/7384/499
f 7997/7355/500 7580/7390/500 6864/7391/500
f 7998/7373/501 6861/7392/501 8000/7393/501
f 7996/7375/502 8001/7394/502 7999/7395/502
f 7575/7376/503 6867/7396/503 6859/7377/503
f 6857/7379/504 7631/7385/504 6865/7387/504
f 6854/7380/505 6863/7397/505 6855/7381/505
f 6862/7398/506 7630/7399/506 6863/7397/506
f 7577/7370/507 8038/7400/507 6868/7371/507
f 7579/7401/508 8003/7402/508 8002/7389/508
f 7580/7390/509 6952/7403/509 6864/7391/509
f 6861/7392/510 6954/7404/510 8000/7393/510
f 8001/7394/511 7629/7405/511 7999/7395/511
f 6866/7406/512 6871/7407/512 6867/7396/512
f 6875/7408/430 8008/7409/430 6874/7410/430
f 7586/7411/432 8010/7412/432 6876/7413/432
f 6879/7414/433 8013/7415/433 6878/7416/433
f 6881/7417/425 8014/7418/425 6880/7419/425
f 7588/7420/426 8016/7421/426 6882/7422/426
f 7585/7423/513 7583/7424/513 7584/7425/513
f 6885/7426/427 6886/7427/427 6884/7428/427
f 7582/7429/428 8004/7430/428 8017/7431/428
f 7590/7432/514 6903/7433/514 6895/7434/514
f 6873/7259/515 8007/7435/515 8005/7436/515
f 8009/7437/516 7587/7438/516 8011/7439/516
f 7588/7420/517 6894/7440/517 8015/7441/517
f 8012/7442/518 6891/7443/518 6892/7444/518
f 6885/7426/519 6895/7434/519 6887/7445/519
f 6875/7408/520 6890/7446/520 6877/7447/520
f 6881/7417/521 6893/7448/521 6883/7449/521
f 6902/7450/522 7596/7451/522 8020/7452/522
f 6893/7448/523 7593/7453/523 6901/7454/523
f 7587/7438/524 6899/7455/524 8011/7439/524
f 6888/7456/525 6897/7457/525 8007/7435/525
f 7583/7424/526 8019/7458/526 7584/7425/526
f 6894/7440/527 7595/7459/527 6902/7450/527
f 6891/7443/528 6900/7460/528 6892/7444/528
f 6890/7446/529 7599/7461/529 6898/7462/529
f 6905/7463/530 6912/7464/530 8024/7465/530
f 7597/7466/531 8021/7467/531 6900/7460/531
f 7599/7461/532 8022/7468/532 6898/7462/532
f 7591/7469/533 6911/7470/533 6903/7433/533
f 7593/7453/534 6909/7471/534 6901/7454/534
f 6899/7455/535 6906/7472/535 6907/7473/535
f 6897/7457/536 6904/7474/536 6905/7463/536
f 8018/7475/537 8023/7476/537 8019/7458/537
f 7605/7477/538 6927/7478/538 6919/7479/538
f 7601/7480/539 8025/7481/539 8023/7476/539
f 7596/7451/540 6918/7482/540 8020/7452/540
f 7598/7483/541 6916/7484/541 8021/7467/541
f 7600/7485/542 6914/7486/542 8022/7468/542
f 6911/7470/543 7605/7477/543 6919/7479/543
f 6909/7471/544 7607/7487/544 6917/7488/544
f 6907/7473/545 7609/7489/545 6915/7490/545
f 6922/7491/546 7612/7492/546 8030/7493/546
f 7607/7487/547 8028/7494/547 6917/7488/547
f 6915/7490/548 7610/7495/548 8029/7496/548
f 8024/7465/549 6920/7497/549 6921/7498/549
f 8025/7481/550 8027/7499/550 8026/7500/550
f 6918/7482/551 6925/7501/551 6926/7502/551
f 6916/7484/552 6923/7503/552 6924/7504/552
f 6913/7505/553 6922/7491/553 6914/7486/553
f 7615/7506/554 7617/7507/554 7618/7508/554
f 7606/7509/555 6935/7510/555 6927/7478/555
f 7608/7511/556 6933/7512/556 8028/7494/556
f 8029/7496/557 6930/7513/557 6931/7514/557
f 6920/7497/558 6929/7515/558 6921/7498/558
f 8027/7499/559 7618/7508/559 8026/7500/559
f 6926/7502/560 7619/7516/560 6934/7517/560
f 6924/7504/561 7621/7518/561 6932/7519/561
f 6939/7520/562 7625/7521/562 8035/7522/562
f 7619/7516/563 8031/7523/563 6934/7517/563
f 7621/7518/564 8032/7524/564 6932/7519/564
f 8030/7493/565 7623/7525/565 6938/7526/565
f 6935/7510/566 6942/7527/566 6943/7528/566
f 6933/7512/567 6940/7529/567 6941/7530/567
f 6930/7513/568 6939/7520/568 6931/7514/568
f 6929/7515/569 6936/7531/569 6937/7532/569
f 6951/7533/570 6871/7407/570 6870/7534/570
f 6937/7532/571 6944/7535/571 8036/7536/571
f 7616/7537/572 8033/7538/572 7617/7507/572
f 7620/7539/573 8034/7540/573 8031/7523/573
f 7622/7541/574 6948/7542/574 8032/7524/574
f 7623/7525/575 6946/7543/575 6938/7526/575
f 6943/7528/576 6950/7544/576 6951/7533/576
f 6941/7530/577 7628/7545/577 6949/7546/577
f 6949/7546/578 7629/7405/578 6956/7547/578
f 8035/7522/579 7630/7399/579 8037/7548/579
f 8036/7536/580 8131/7386/580 7632/7549/580
f 7626/7550/581 6869/7551/581 8033/7538/581
f 8034/7540/582 8038/7400/582 7581/7552/582
f 6947/7553/583 6955/7554/583 6948/7542/583
f 6946/7543/584 6952/7403/584 6953/7555/584
f 8135/7556/583 8087/7557/583 8086/7558/583
f 8042/7559/580 7634/7560/580 8041/7561/580
f 6964/7562/578 6958/7563/578 6957/7564/578
f 8088/7565/576 6963/7566/576 6962/7567/576
f 6974/7568/574 8086/7558/574 6973/7569/574
f 6970/7570/572 6969/7571/572 6977/7572/572
f 8132/7573/582 7635/7574/582 7042/7575/582
f 6962/7567/570 7690/7576/570 8039/7577/570
f 7670/7578/584 6961/7579/584 7637/7580/584
f 7647/7581/498 7634/7560/498 8043/7582/498
f 8093/7583/561 8089/7584/561 8138/7585/561
f 8040/7586/585 7044/7587/585 6969/7571/585
f 8165/7588/577 6965/7589/577 6964/7562/577
f 8136/7590/571 7633/7591/571 8042/7559/571
f 6975/7592/575 6968/7593/575 7670/7578/575
f 8166/7594/569 7678/7595/569 8136/7590/569
f 6966/7596/579 6960/7597/579 6959/7598/579
f 6972/7599/573 8132/7573/573 6971/7600/573
f 8167/7601/554 6977/7572/554 6985/7602/554
f 8140/7603/563 6971/7600/563 6979/7604/563
f 6983/7605/565 6976/7606/565 6975/7592/565
f 6980/7607/586 8137/7608/586 8165/7588/586
f 7639/7609/568 8090/7610/568 6982/7611/568
f 8090/7610/562 6967/7612/562 6966/7596/562
f 8089/7584/564 6973/7569/564 8138/7585/564
f 6978/7613/566 8139/7614/566 8088/7565/566
f 6995/7615/587 8141/7616/587 6987/7617/587
f 6989/7618/556 6980/7607/556 6988/7619/556
f 6993/7620/558 8166/7594/558 6992/7621/558
f 7675/7622/553 8142/7623/553 7640/7624/553
f 7676/7625/555 6978/7613/555 8172/7626/555
f 6990/7627/588 7639/7609/588 6982/7611/588
f 8044/7628/559 8167/7601/559 6985/7602/559
f 8141/7616/560 6979/7604/560 6987/7617/560
f 7651/7629/537 7644/7630/537 7017/7631/537
f 7701/7632/552 8093/7583/552 6997/7633/552
f 8142/7623/546 6983/7605/546 7640/7624/546
f 6998/7634/548 6991/7635/548 6990/7627/548
f 7001/7636/550 6986/7637/550 8044/7628/550
f 7006/7638/545 6999/7639/545 6998/7634/545
f 8046/7640/547 6988/7619/547 8092/7641/547
f 7702/7642/549 6992/7621/549 7641/7643/549
f 7683/7644/534 8091/7645/534 8049/7646/534
f 8048/7647/539 7001/7636/539 7644/7630/539
f 7685/7648/541 6997/7633/541 7005/7649/541
f 7002/7650/543 8144/7651/543 8168/7652/543
f 8091/7645/544 8046/7640/544 8092/7641/544
f 8144/7651/538 8172/7626/538 8168/7652/538
f 7004/7653/589 6995/7615/589 8145/7654/589
f 7642/7655/542 7675/7622/542 7649/7656/542
f 7022/7657/528 7013/7658/528 7682/7659/528
f 8051/7660/529 7015/7661/529 7023/7662/529
f 7684/7663/590 7005/7649/590 7013/7658/590
f 7010/7664/533 7003/7665/533 7002/7650/533
f 7650/7666/535 7006/7638/535 7014/7667/535
f 8050/7668/536 7009/7669/536 7008/7670/536
f 7008/7670/530 7702/7642/530 7641/7643/530
f 7015/7661/532 7642/7655/532 7649/7656/532
f 7028/7671/517 7681/7672/517 8052/7673/517
f 7012/7674/522 8145/7654/522 7011/7675/522
f 7688/7676/524 7014/7667/524 8147/7677/524
f 7652/7678/526 7017/7631/526 7025/7679/526
f 8055/7680/521 7020/7681/521 7680/7682/521
f 7021/7683/591 8049/7646/591 7020/7681/591
f 8148/7684/525 8050/7668/525 7024/7685/525
f 8052/7673/527 7012/7674/527 7011/7675/527
f 8060/7686/512 7690/7576/512 7689/7687/512
f 7691/7688/519 7019/7689/519 7018/7690/519
f 7038/7691/520 7023/7662/520 7036/7692/520
f 7019/7689/592 7010/7664/592 7018/7690/592
f 8057/7693/516 7688/7676/516 8147/7677/516
f 7032/7694/518 7022/7657/518 7682/7659/518
f 7026/7695/428 7041/7696/428 7027/7697/428
f 7654/7698/515 7024/7685/515 8059/7699/515
f 7046/7700/507 7635/7574/507 7636/7701/507
f 7687/7702/432 8058/7703/432 8151/7704/432
f 8055/7680/425 8054/7705/425 8056/7706/425
f 7040/7707/513 7652/7678/513 7025/7679/513
f 8053/7708/427 8149/7709/427 8150/7710/427
f 7038/7691/430 7037/7711/430 7039/7712/430
f 7034/7713/433 7033/7714/433 7035/7715/433
f 7030/7716/426 7029/7717/426 7031/7718/426
f 7638/7719/509 6961/7579/509 7049/7720/509
f 7056/7721/504 7647/7581/504 8043/7582/504
f 8133/7722/506 6960/7597/506 7050/7723/506
f 7048/7724/508 7043/7725/508 7047/7726/508
f 7052/7727/510 8134/7728/510 7051/7729/510
f 7045/7730/511 6958/7563/511 8063/7731/511
f 7645/7732/505 7050/7723/505 8169/7733/505
f 8068/7734/495 7645/7732/495 8169/7733/495
f 8067/7735/493 7055/7736/493 7054/7737/493
f 7068/7738/491 7059/7739/491 7067/7740/491
f 8099/7741/489 7067/7740/489 7686/7742/489
f 7661/7743/487 7063/7744/487 8070/7745/487
f 7660/7746/497 8153/7747/497 7063/7744/497
f 7074/7748/593 7646/7749/593 8068/7734/593
f 8065/7750/499 7047/7726/499 8153/7747/499
f 7080/7751/476 8070/7745/476 7079/7752/476
f 7062/7753/496 7053/7754/496 7061/7755/496
f 8098/7756/492 8061/7757/492 8062/7758/492
f 8097/7759/486 7061/7755/486 8155/7760/486
f 8066/7761/490 7636/7701/490 7053/7754/490
f 7072/7762/484 8095/7763/484 7064/7764/484
f 7064/7764/494 7648/7765/494 7056/7721/494
f 8069/7766/488 7065/7767/488 7659/7768/488
f 8076/7769/469 7655/7770/469 7656/7771/469
f 8077/7772/478 7686/7742/478 7655/7770/478
f 7078/7773/480 7071/7774/480 7070/7775/480
f 7066/7776/482 7057/7777/482 7065/7767/482
f 7070/7775/483 8170/7778/483 8067/7735/483
f 7081/7779/477 8069/7766/477 7659/7768/477
f 7084/7780/479 7069/7781/479 7076/7782/479
f 7697/7783/481 7073/7784/481 7072/7762/481
f 7083/7785/466 7074/7748/466 8154/7786/466
f 7695/7787/594 7078/7773/594 7086/7788/594
f 7091/7789/473 8154/7786/473 7090/7790/473
f 7658/7791/595 7082/7792/595 7081/7779/595
f 7092/7793/470 7077/7794/470 7084/7780/470
f 7696/7795/472 7657/7796/472 7697/7783/472
f 7076/7782/596 8094/7797/596 8098/7756/596
f 8096/7798/475 8155/7760/475 8064/7799/475
f 7106/7800/452 8156/7801/452 7098/7802/452
f 7088/7803/467 7079/7752/467 7087/7804/467
f 7096/7805/461 7089/7806/461 7696/7795/461
f 7692/7807/463 8157/7808/463 7693/7809/463
f 7669/7810/465 7658/7791/465 7097/7811/465
f 7095/7812/460 7086/7788/460 7664/7813/460
f 7098/7802/462 7091/7789/462 7090/7790/462
f 8074/7814/464 7087/7804/464 7694/7815/464
f 8159/7816/449 7106/7800/449 7114/7817/449
f 7699/7818/454 8074/7814/454 7694/7815/454
f 7666/7819/456 7099/7820/456 8158/7821/456
f 7693/7809/458 8096/7798/458 8064/7799/458
f 7100/7822/459 7085/7823/459 7092/7793/459
f 7665/7824/597 7692/7807/597 7662/7825/597
f 8101/7826/455 7097/7811/455 8072/7827/455
f 7101/7828/457 7100/7822/457 7108/7829/457
f 7112/7830/443 7699/7818/443 7111/7831/443
f 8100/7832/444 8072/7827/444 7673/7833/444
f 8073/7834/446 7101/7828/446 7108/7829/446
f 8082/7835/448 7105/7836/448 7104/7837/448
f 7667/7838/450 7656/7771/450 7099/7820/450
f 7104/7837/451 8171/7839/451 7096/7805/451
f 7116/7840/598 8158/7821/598 7115/7841/598
f 7698/7842/447 7103/7843/447 7102/7844/447
f 7117/7845/433 7132/7846/433 8085/7847/433
f 8080/7848/437 8105/7849/437 7698/7842/437
f 8084/7850/439 7110/7851/439 7109/7852/439
f 7123/7853/441 7111/7831/441 7121/7854/441
f 7125/7855/436 8100/7832/436 7673/7833/436
f 7674/7856/438 8082/7835/438 8083/7857/438
f 7671/7858/440 7114/7817/440 8078/7859/440
f 7102/7844/442 7095/7812/442 7664/7813/442
f 7060/7860/501 7051/7729/501 7059/7739/501
f 7110/7851/434 7662/7825/434 7109/7852/434
f 7129/7861/435 7116/7840/435 7115/7841/435
f 8104/7862/430 8081/7863/430 8160/7864/430
f 7119/7865/432 7118/7866/432 7120/7867/432
f 7654/7698/429 8152/7868/429 7653/7869/429
f 7123/7853/429 7122/7870/429 8161/7871/429
f 7131/7872/431 7663/7873/431 8073/7834/431
f 8164/7874/425 7672/7875/425 8163/7876/425
f 7127/7877/427 7126/7878/427 8079/7879/427
f 7055/7736/503 7689/7687/503 7054/7737/503
f 8062/7758/599 7045/7730/599 8063/7731/599
f 7057/7777/500 7638/7719/500 7049/7720/500
f 7671/7858/426 7128/7880/426 7130/7881/426
f 7674/7856/428 7124/7882/428 8162/7883/428
f 6503/7884/405 6501/7885/405 6502/7886/405
f 8103/7887/393 8106/6233/393 8102/7888/393
f 7503/7889/392 7161/6241/392 7152/6240/392
f 7139/7890/404 6139/7891/404 7136/7892/404
f 7138/7893/405 6135/7894/405 6487/7895/405
f 6133/7896/405 7137/7897/405 6491/7898/405
f 7134/7899/405 7138/7900/405 7137/7897/405
f 7140/7901/404 6137/7902/404 6493/7903/404
f 7139/7904/404 7135/7905/404 7140/7901/404
f 8175/7906/405 8173/7907/405 8174/7908/405
f 8179/7909/405 8177/7910/405 8178/7911/405
f 7145/6218/390 7158/7912/390 7163/6219/390
f 7156/6221/391 7147/7913/391 7149/6222/391
f 7146/6224/392 7144/7914/392 7150/6225/392
f 7142/6229/390 7141/7915/390 7170/6227/390
f 7171/7916/390 7170/6227/390 7141/7915/390
f 7157/6230/393 7155/7917/393 7164/6231/393
f 8106/6233/393 7190/7918/393 7192/6234/393
f 7193/6236/390 7191/7919/390 7154/6237/390
f 7159/6239/392 7153/7920/392 7152/6240/392
f 6150/6242/394 6152/6248/394 7196/6243/394
f 7199/6245/395 6157/7921/395 7206/6246/395
f 6152/6248/396 6154/7922/396 7194/6249/396
f 6149/6250/397 7197/7923/397 8114/6251/397
f 7194/6249/398 6154/7922/398 6156/6253/398
f 8112/6255/399 6164/7924/399 7201/6256/399
f 8111/6254/400 6156/6253/400 6159/6258/400
f 7205/6260/401 6165/7925/401 8115/6261/401
f 7204/6259/402 6159/6258/402 6161/6263/402
f 6160/6265/390 6166/7926/390 8113/6266/390
f 6161/6263/403 6150/6242/403 7200/6244/403
f 6153/6268/391 6163/7927/391 6162/6269/391
f 6161/6263/404 6159/6258/404 6156/6253/404
f 6156/6253/404 6154/7922/404 6152/6248/404
f 6152/6248/404 6150/6242/404 6156/6253/404
f 7169/6271/404 6167/7928/404 6172/6272/404
f 7167/6276/391 7166/7929/391 8110/7930/391
f 8110/7930/391 8108/6274/391 7167/6276/391
f 6171/6277/393 8109/7931/393 7143/6278/393
f 6172/6272/404 6167/7928/404 6168/6280/404
f 6174/6282/394 6176/6288/394 7209/6283/394
f 7212/6285/395 6181/7932/395 7219/6286/395
f 6176/6288/396 6178/7933/396 7207/6289/396
f 6173/6290/397 7210/7934/397 8119/6291/397
f 7207/6289/398 6178/7933/398 6180/6293/398
f 8117/6295/399 6188/7935/399 7214/6296/399
f 6180/6293/400 6183/6302/400 7217/6298/400
f 7218/6299/401 6189/7936/401 8120/6300/401
f 6183/6302/402 6185/6310/402 7215/6303/402
f 6184/6304/390 6190/7937/390 8118/6305/390
f 7215/6303/403 6185/6310/403 6174/6282/403
f 6177/6307/391 6187/7938/391 6186/6308/391
f 6185/6310/404 6183/6302/404 6180/6293/404
f 6180/6293/404 6178/7933/404 6176/6288/404
f 6176/6288/404 6174/6282/404 6180/6293/404
f 7134/7939/405 6133/7940/405 6134/7941/405
f 6134/7941/405 6136/6311/405 7133/6313/405
f 7133/6313/405 7134/7939/405 6134/7941/405
f 7136/7942/404 6139/7943/404 6140/7944/404
f 6140/7944/404 6138/6314/404 7135/6316/404
f 7135/6316/404 7136/7942/404 6140/7944/404
f 6141/6317/405 6143/7945/405 6146/6318/405
f 6148/6320/404 6144/7946/404 6142/6321/404
f 6135/6323/405 6136/7947/405 6143/6324/405
f 6144/6326/404 6140/7948/404 6139/6327/404
f 6145/6329/405 6146/7949/405 6134/6330/405
f 6138/6332/404 6148/7950/404 6147/6333/404
f 6349/6335/405 6350/7951/405 7470/6336/405
f 6400/6338/404 7466/7952/404 7467/6339/404
f 6334/6341/408 6333/7953/408 7417/6342/408
f 7439/6344/405 6415/7954/405 6416/6345/405
f 6262/6347/600 6261/7955/600 7245/6348/600
f 7277/6350/408 7276/7956/408 6302/6351/408
f 6260/6353/409 7369/7957/409 6343/6354/409
f 6401/6356/406 7459/7958/406 7458/6357/406
f 7379/6359/412 7378/7959/412 6271/6360/412
f 7434/6362/405 7435/7960/405 6385/6363/405
f 6276/6365/411 6275/7961/411 7431/6366/411
f 6396/6368/404 7316/7962/404 7317/6369/404
f 6454/6371/413 6453/7963/413 7457/6372/413
f 6318/6374/412 6317/7964/412 7252/6375/412
f 7257/6377/408 7256/7965/408 6306/6378/408
f 6244/6380/412 7355/7966/412 7354/6381/412
f 7452/6383/413 6304/7967/413 6303/6384/413
f 7367/6386/417 7366/7968/417 6257/6387/417
f 6294/6389/413 6293/7969/413 7265/6390/413
f 6370/6392/404 7464/7970/404 7465/6393/404
f 6394/6395/411 6393/7971/411 7347/6396/411
f 6384/6398/405 6231/7972/405 6232/6399/405
f 6240/6401/414 6214/7973/414 6213/6402/414
f 6206/6404/414 6205/7974/414 6321/6405/414
f 7339/6407/414 7338/7975/414 6223/6408/414
f 6366/6410/420 6365/7976/420 6219/6411/420
f 7353/6413/412 7352/7977/412 6241/6414/412
f 6286/6416/411 6285/7978/411 7401/6417/411
f 7258/6419/405 7259/7979/405 6355/6420/405
f 6323/6422/416 6442/7980/416 6441/6423/416
f 6368/6425/404 7234/7981/404 7235/6426/404
f 6226/6428/408 6225/7982/408 7387/6429/408
f 7309/6431/414 7308/7983/414 6195/6432/414
f 7286/6434/405 7287/7984/405 7390/6435/405
f 6300/6437/420 6299/7985/420 7236/6438/420
f 6200/6440/413 6199/7986/413 7399/6441/413
f 6312/6443/417 7336/7987/417 6221/6444/417
f 6282/6446/413 6281/7988/413 7429/6447/413
f 7368/6451/404 6344/7989/404 6372/6449/404
f 6371/7990/404 6372/6449/404 6344/7989/404
f 6198/6452/411 6197/7991/411 7455/6453/411
f 6354/6455/405 6421/7992/405 6422/6456/405
f 7305/6458/414 7304/7993/414 6455/6459/414
f 6230/6461/404 7412/7994/404 7413/6462/404
f 7321/6464/412 7320/7995/412 6207/6465/412
f 6440/6467/411 6439/7996/411 6290/6468/411
f 6330/6470/405 6397/7997/405 6398/6471/405
f 6358/6473/405 6251/7998/405 6252/6474/405
f 6342/6476/404 6377/7999/404 6378/6477/404
f 6433/6479/405 6434/8000/405 6277/6480/405
f 6254/6482/414 6253/8001/414 6431/6483/414
f 6410/6485/408 6409/8002/408 6308/6486/408
f 7293/6488/410 7292/8003/410 6443/6489/410
f 6266/6491/406 6265/8004/406 7437/6492/406
f 6346/6494/408 6345/8005/408 6228/6495/408
f 6314/6497/404 6297/8006/404 6298/6498/404
f 6338/6500/408 6337/8007/408 7385/6501/408
f 6328/6503/405 6351/8008/405 6352/6504/405
f 6420/6506/410 7263/8009/410 7262/6507/410
f 7318/6509/404 7319/8010/404 7238/6510/404
f 6250/6512/417 6249/8011/417 6429/6513/417
f 6284/6515/404 6269/8012/404 6270/6516/404
f 6326/6518/408 6325/8013/408 6212/6519/408
f 7325/6521/405 7350/8014/405 7351/6522/405
f 6458/6524/413 6457/8015/413 7357/6525/413
f 6311/8016/404 7337/6529/404 6382/6528/404
f 6460/8017/404 6381/6527/404 7337/6529/404
f 6406/6530/417 6218/8018/417 6217/6531/417
f 6380/6533/414 6379/8019/414 6427/6534/414
f 7261/6536/412 7260/8020/412 6417/6537/412
f 6446/6539/412 6445/8021/412 6315/6540/412
f 6280/6542/404 6451/8022/404 6452/6543/404
f 6412/6545/410 6264/8023/410 6263/6546/410
f 6296/6548/405 6425/8024/405 6426/6549/405
f 7405/6551/404 7328/8025/404 7329/6552/404
f 6204/6554/420 6203/8026/420 6391/6555/420
f 7423/6557/408 7422/8027/408 7269/6558/408
f 6216/6560/417 6215/8028/417 6403/6561/417
f 6273/6563/408 6234/8029/408 6233/6564/408
f 7279/6566/404 7478/8030/404 7479/6567/404
f 6388/6569/411 6387/8031/411 6340/6570/411
f 6268/6572/405 6247/8032/405 6248/6573/405
f 6210/6575/421 6209/8033/421 6288/6576/421
f 6292/6578/411 6291/8034/411 6320/6579/411
f 6450/6581/409 6449/8035/409 6375/6582/409
f 6364/6584/416 6363/8036/416 7373/6585/416
f 7227/6587/412 7226/8037/412 6389/6588/412
f 6407/6590/405 6408/8038/405 6237/6591/405
f 7303/6593/412 7302/8039/412 7426/6594/412
f 7275/6596/404 7222/8040/404 7223/6597/404
f 7231/6599/404 7418/8041/404 7419/6600/404
f 7220/6602/411 7295/8042/411 7294/6603/411
f 6438/6605/410 6437/8043/410 6361/6606/410
f 7343/6608/405 7370/8044/405 7371/6609/405
f 6448/6611/417 6447/8045/417 6373/6612/417
f 7246/6614/413 7407/8046/413 7406/6615/413
f 7243/6617/404 7300/8047/404 7301/6618/404
f 7340/6620/406 7375/8048/406 7374/6621/406
f 6236/6623/405 6245/8049/405 6246/6624/405
f 7451/6626/406 7450/8050/406 7233/6627/406
f 7377/6629/406 7376/8051/406 7267/6630/406
f 6424/6632/417 6423/8052/417 6347/6633/417
f 7447/6635/408 7446/8053/408 7297/6636/408
f 6436/6638/412 6435/8054/412 6359/6639/412
f 7383/6641/410 7382/8055/410 7326/6642/410
f 7229/6644/405 7358/8056/405 7359/6645/405
f 7241/6647/404 7306/8057/404 7307/6648/404
f 7425/6650/424 7424/8058/424 7348/6651/424
f 7289/6653/405 7290/8059/405 7291/6654/405
f 6414/6656/410 6413/8060/410 6335/6657/410
f 7365/6659/417 7255/8061/417 7254/6660/417
f 7475/6662/404 7310/8062/404 7311/6663/404
f 6310/6665/417 6309/8063/417 6331/6666/417
f 6202/6668/405 6255/8064/405 6256/6669/405
f 7411/6671/418 7410/8065/418 7332/6672/418
f 7271/6674/406 7270/8066/406 7443/6675/406
f 7421/6677/417 7420/8067/417 7344/6678/417
f 7273/6680/408 7272/8068/408 7469/6681/408
f 7335/6683/404 7482/8069/404 7483/6684/404
f 7463/6686/405 7250/8070/405 7251/6687/405
f 7433/6689/419 7432/8071/419 7445/6690/419
f 7473/6692/404 7224/8072/404 7225/6693/404
f 7395/6695/424 7394/8073/424 7314/6696/424
f 7403/6698/411 7402/8074/411 7283/6699/411
f 7409/6701/412 7408/8075/412 7330/6702/412
f 7477/6704/411 7476/8076/411 7481/6705/411
f 7323/6707/413 7322/8077/413 7249/6708/413
f 7449/6710/404 7388/8078/404 7389/6711/404
f 7397/6713/413 7396/8079/413 7285/6714/413
f 7461/6716/405 7362/8080/405 7363/6717/405
f 7281/6719/407 7280/8081/407 7415/6720/407
f 7381/6722/410 7380/8082/410 7298/6723/410
f 7441/6725/406 7440/8083/406 7361/6726/406
f 7393/6728/424 7392/8084/424 7312/6729/424
f 6468/6733/390 8122/8085/390 7178/6731/390
f 7179/8086/390 7178/6731/390 8122/8085/390
f 6463/6734/404 6461/8087/404 6466/6735/404
f 7176/6739/391 7174/8088/391 8121/8089/391
f 8121/8089/391 6470/6737/391 7176/6739/391
f 6467/6740/392 6469/8090/392 7175/6741/392
f 6466/6735/404 6461/8087/404 6462/6743/404
f 6193/6745/405 6194/8091/405 6191/6746/405
f 7186/6748/405 7188/8092/405 7182/6749/405
f 8123/6751/391 8125/8093/391 7185/6752/391
f 6476/6754/392 7187/8094/392 6471/6755/392
f 7189/6757/393 6478/8095/393 6477/6758/393
f 6474/6760/390 6472/8096/390 8126/6761/390
f 7496/6763/390 7507/8097/390 7510/6764/390
f 7505/6766/391 7498/8098/391 7500/6767/391
f 7497/6769/392 7495/8099/392 7501/6770/392
f 7485/6774/390 7484/8100/390 7517/6772/390
f 7518/8101/390 7517/6772/390 7484/8100/390
f 7506/6775/393 7504/8102/393 7511/6776/393
f 7491/6778/393 8107/8103/393 8103/6779/393
f 7508/6781/392 7503/7889/392 7487/6782/392
f 7494/6784/391 7490/8104/391 7488/6785/391
f 7519/6787/404 7516/8105/404 6495/6788/404
f 7514/6792/391 7513/8106/391 8129/8107/391
f 8129/8107/391 8127/6790/391 7514/6792/391
f 6499/6793/393 8128/8108/393 7486/6794/393
f 6500/6789/404 6495/6788/404 6496/6796/404
f 6480/6798/405 6482/8109/405 6481/6799/405
f 6485/6801/404 6486/8110/404 6484/6802/404
f 7138/6806/405 6487/8111/405 6489/8112/405
f 6489/8112/405 6492/6804/405 7138/6806/405
f 6491/8113/405 7137/6805/405 6492/6804/405
f 7140/8114/404 6493/8115/404 6494/8116/404
f 6494/8116/404 6490/6807/404 7139/6809/404
f 7139/6809/404 7140/8114/404 6494/8116/404
f 6481/6810/405 6482/8117/405 6489/6811/405
f 6490/6813/404 6486/8118/404 6485/6814/404
f 6491/6816/405 6492/8119/405 6480/6817/405
f 6484/6819/404 6494/8120/404 6493/6820/404
f 6659/6822/405 6660/8121/405 7953/6823/405
f 6710/6825/404 7949/8122/404 7950/6826/404
f 7899/6828/406 6644/8123/406 6643/6829/406
f 7922/6831/405 6725/8124/405 6726/6832/405
f 6572/6834/408 6571/8125/408 7728/6835/408
f 7760/6837/408 7759/8126/408 6612/6838/408
f 6570/6840/409 7852/8127/409 6653/6841/409
f 6711/6843/407 7942/8128/407 7941/6844/407
f 7862/6846/410 7861/8129/410 6581/6847/410
f 7917/6849/405 7918/8130/405 6695/6850/405
f 7913/6852/411 6586/8131/411 6585/6853/411
f 6706/6855/404 7799/8132/404 7800/6856/404
f 6764/6858/413 6763/8133/413 7940/6859/413
f 6628/6861/412 6627/8134/412 7735/6862/412
f 7740/6864/408 7739/8135/408 6616/6865/408
f 7838/6867/412 7837/8136/412 6553/6868/412
f 7935/6870/413 6614/8137/413 6613/6871/413
f 7850/6873/417 7849/8138/417 6567/6874/417
f 6604/6876/415 6603/8139/415 7748/6877/415
f 6680/6879/404 7947/8140/404 7948/6880/404
f 7829/6882/421 6704/8141/421 6703/6883/421
f 6694/6885/405 6541/8142/405 6542/6886/405
f 6524/6888/417 6523/8143/417 6549/6889/417
f 6516/6891/417 6515/8144/417 6631/6892/417
f 7822/6894/414 7821/8145/414 6533/6895/414
f 6676/6897/410 6675/8146/410 6529/6898/410
f 7836/6900/412 7835/8147/412 6551/6901/412
f 6596/6903/411 6595/8148/411 7884/6904/411
f 7741/6906/405 7742/8149/405 6665/6907/405
f 6752/6909/413 6751/8150/413 6634/6910/413
f 6678/6912/404 7717/8151/404 7718/6913/404
f 6536/6915/408 6535/8152/408 7870/6916/408
f 7792/6918/601 7791/8153/601 6505/6919/601
f 7874/6921/405 7769/8154/405 7770/6922/405
f 6610/6924/420 6609/8155/420 7719/6925/420
f 6510/6927/413 6509/8156/413 7882/6928/413
f 6622/6930/417 7819/8157/417 6531/6931/417
f 6592/6933/413 6591/8158/413 7912/6934/413
f 7851/6938/404 6654/8159/404 6682/6936/404
f 6681/8160/404 6682/6936/404 6654/8159/404
f 6508/6939/411 6507/8161/411 7938/6940/411
f 6664/6942/405 6731/8162/405 6732/6943/405
f 7788/6945/414 7787/8163/414 6765/6946/414
f 6540/6948/404 7895/8164/404 7896/6949/404
f 7804/6951/412 7803/8165/412 6517/6952/412
f 6599/6954/416 6750/8166/416 6749/6955/416
f 6707/6957/405 6708/8167/405 6639/6958/405
f 6668/6960/405 6561/8168/405 6562/6961/405
f 6652/6963/404 6687/8169/404 6688/6964/404
f 6588/6966/405 6743/8170/405 6744/6967/405
f 6564/6969/424 6563/8171/424 6741/6970/424
f 6617/6972/408 6720/8172/408 6719/6973/408
f 7776/6975/410 7775/8173/410 6753/6976/410
f 6576/6978/406 6575/8174/406 7920/6979/406
f 6656/6981/408 6655/8175/408 6538/6982/408
f 6624/6984/404 6607/8176/404 6608/6985/404
f 6648/6987/408 6647/8177/408 7868/6988/408
f 6638/6990/405 6661/8178/405 6662/6991/405
f 6730/6993/410 7746/8179/410 7745/6994/410
f 7801/6996/404 7802/8180/404 7721/6997/404
f 6560/6999/417 6559/8181/417 6739/7000/417
f 6594/7002/404 6579/8182/404 6580/7003/404
f 6636/7005/408 6635/8183/408 6522/7006/408
f 7808/7008/405 7833/8184/405 7834/7009/405
f 6768/7011/413 6767/8185/413 7840/7012/413
f 6621/8186/404 7820/7016/404 6692/7015/404
f 6770/8187/404 6691/7014/404 7820/7016/404
f 6716/7017/409 6528/8188/409 6527/7018/409
f 6690/7020/422 6689/8189/422 6737/7021/422
f 7744/7023/412 7743/8190/412 6727/7024/412
f 6756/7026/412 6755/8191/412 6625/7027/412
f 6590/7029/404 6761/8192/404 6762/7030/404
f 6722/7032/410 6574/8193/410 6573/7033/410
f 6606/7035/405 6735/8194/405 6736/7036/405
f 7888/7038/404 7811/8195/404 7812/7039/404
f 6514/7041/423 6513/8196/423 6701/7042/423
f 7751/7044/406 7906/8197/406 7905/7045/406
f 6526/7047/417 6525/8198/417 6713/7048/417
f 6544/7050/408 6543/8199/408 6584/7051/408
f 7762/7053/404 7961/8200/404 7962/7054/404
f 6698/7056/411 6697/8201/411 6650/7057/411
f 6578/7059/405 6557/8202/405 6558/7060/405
f 6520/7062/421 6519/8203/421 6598/7063/421
f 6602/7065/411 6601/8204/411 6630/7066/411
f 6760/7068/409 6759/8205/409 6685/7069/409
f 6674/7071/411 6673/8206/411 7856/7072/411
f 7710/7074/423 7709/8207/423 6699/7075/423
f 6548/7077/405 6717/8208/405 6718/7078/405
f 7910/7080/423 7786/8209/423 7785/7081/423
f 7758/7083/404 7705/8210/404 7706/7084/404
f 7714/7086/404 7901/8211/404 7902/7087/404
f 7778/7089/411 7777/8212/411 7704/7090/411
f 6748/7092/412 6747/8213/412 6671/7093/412
f 7853/7095/405 7854/8214/405 7825/7096/405
f 6758/7098/417 6757/8215/417 6683/7099/417
f 7890/7101/416 7889/8216/416 7730/7102/416
f 7726/7104/404 7783/8217/404 7784/7105/404
f 7823/7107/406 7858/8218/406 7857/7108/406
f 6546/7110/405 6555/8219/405 6556/7111/405
f 7934/7113/406 7933/8220/406 7716/7114/406
f 7860/7116/406 7859/8221/406 7750/7117/406
f 6734/7119/417 6733/8222/417 6657/7120/417
f 7930/7122/408 7929/8223/408 7780/7123/408
f 6746/7125/410 6745/8224/410 6669/7126/410
f 7810/7128/423 7866/8225/423 7865/7129/423
f 7712/7131/405 7841/8226/405 7842/7132/405
f 7724/7134/404 7789/8227/404 7790/7135/404
f 7832/7137/409 7908/8228/409 7907/7138/409
f 7773/7140/405 7774/8229/405 7771/7141/405
f 6724/7143/412 6723/8230/412 6645/7144/412
f 7848/7146/417 7738/8231/417 7737/7147/417
f 7958/7149/404 7793/8232/404 7794/7150/404
f 6642/7152/414 6620/8233/414 6619/7153/414
f 6512/7155/405 6565/8234/405 6566/7156/405
f 7894/7158/418 7893/8235/418 7815/7159/418
f 7754/7161/406 7753/8236/406 7926/7162/406
f 7904/7164/409 7903/8237/409 7827/7165/409
f 7756/7167/408 7755/8238/408 7952/7168/408
f 7818/7170/404 7965/8239/404 7966/7171/404
f 7946/7173/405 7733/8240/405 7734/7174/405
f 7927/7176/600 7916/8241/600 7915/7177/600
f 7956/7179/404 7707/8242/404 7708/7180/404
f 7878/7182/424 7877/8243/424 7797/7183/424
f 7886/7185/411 7885/8244/411 7766/7186/411
f 7892/7188/412 7891/8245/412 7813/7189/412
f 7960/7191/411 7959/8246/411 7964/7192/411
f 7806/7194/416 7805/8247/416 7732/7195/416
f 7932/7197/404 7871/8248/404 7872/7198/404
f 7880/7200/413 7879/8249/413 7768/7201/413
f 7944/7203/405 7845/8250/405 7846/7204/405
f 7764/7206/406 7763/8251/406 7898/7207/406
f 7864/7209/410 7863/8252/410 7781/7210/410
f 7924/7212/419 7923/8253/419 7844/7213/419
f 7876/7215/417 7875/8254/417 7795/7216/417
f 6777/7220/390 8130/8255/390 7525/7218/390
f 7526/8256/390 7525/7218/390 8130/8255/390
f 7529/7221/404 6773/8257/404 6771/7222/404
f 6775/7226/391 7521/8258/391 7523/8259/391
f 7523/8259/391 6780/7224/391 6775/7226/391
f 6776/7227/392 6779/8260/392 7522/7228/392
f 7528/7223/404 6771/7222/404 6772/7230/404
f 6782/7232/425 7968/7265/425 7969/7233/425
f 6784/7235/426 6786/7278/426 7971/7236/426
f 7534/7238/427 7972/7269/427 7973/7239/427
f 6788/7241/428 7975/7274/428 7976/7242/428
f 6790/7244/429 6792/7280/429 7977/7245/429
f 7536/7247/430 7978/7270/430 7979/7248/430
f 7533/7250/431 7530/7256/431 7531/7251/431
f 6794/7253/432 6796/7275/432 6795/7254/432
f 7530/7256/433 7533/7250/433 7967/7257/433
f 6873/7259/429 8005/7436/429 8006/7260/429
f 6804/7262/602 7538/7276/602 7539/7263/602
f 7968/7265/435 6782/7232/435 6797/7266/435
f 7534/7238/436 7535/7286/436 7974/7268/436
f 7978/7270/437 7536/7247/437 7537/7271/437
f 6788/7241/438 6800/8261/438 6801/7273/438
f 6796/7275/603 6794/7253/603 7538/7276/603
f 6784/7235/440 6798/8262/440 6799/7277/440
f 6790/7244/441 7540/8263/441 6802/7279/441
f 7543/7281/442 7544/7315/442 7983/7282/442
f 6802/7279/443 7540/8263/443 7541/7284/443
f 7535/7286/444 7542/7306/444 6808/7287/444
f 6797/7266/598 6805/7308/598 6806/7288/598
f 7532/7252/446 7531/7251/446 7981/7289/446
f 6803/7272/447 7537/7271/447 7543/7281/447
f 6801/7273/448 6800/8261/448 7545/7291/448
f 6799/7277/449 6798/8262/449 7547/7293/449
f 6813/7295/450 6821/8264/450 7987/7296/450
f 6809/7292/451 7545/7291/451 7546/7298/451
f 6807/7294/452 7547/7293/452 7548/7300/452
f 6812/7264/597 7539/7263/597 6819/7302/597
f 6810/7285/454 7541/7284/454 6817/7304/454
f 7542/7306/455 6815/7323/455 6816/7307/455
f 6805/7308/456 6813/7295/456 6814/7297/456
f 7981/7289/457 7549/8265/457 7986/7309/457
f 6828/7310/458 7553/7321/458 7554/7311/458
f 7986/7309/459 7549/8265/459 7550/7313/459
f 7544/7315/460 7551/7336/460 6827/7316/460
f 7984/7299/461 7546/7298/461 7552/7317/461
f 7985/7301/462 7548/7300/462 6822/7319/462
f 6820/7303/463 6819/7302/463 7553/7321/463
f 6817/7304/464 7555/7328/464 6826/7322/464
f 6815/7323/465 7557/8266/465 6824/7324/465
f 7559/7325/466 7560/8267/466 7993/7326/466
f 7555/7328/467 7556/7344/467 7991/7329/467
f 6824/7324/595 7557/8266/595 7558/7330/595
f 7987/7296/469 6821/8264/469 6829/7332/469
f 7988/7314/470 7550/7313/470 7990/7334/470
f 7551/7336/594 6834/7350/594 6835/7337/594
f 6825/7318/472 7552/7317/472 6832/7338/472
f 6822/7319/473 7559/7325/473 6831/7327/473
f 7566/7340/596 7563/7349/596 7564/7341/596
f 7554/7311/475 7561/7363/475 6844/7343/475
f 7556/7344/476 7562/7365/476 6842/7345/476
f 7992/7331/477 7558/7330/477 6839/7346/477
f 6829/7332/478 6837/7367/478 6838/7348/478
f 7989/7335/479 7990/7334/479 7563/7349/479
f 6834/7350/480 7567/8268/480 6843/7351/480
f 6833/7339/481 6832/7338/481 7569/7352/481
f 7572/7354/604 7573/8269/604 7997/7355/604
f 6843/7351/483 7567/8268/483 7568/7357/483
f 6841/7353/484 7569/7352/484 7570/7359/484
f 7993/7326/593 7560/8267/593 7571/7361/593
f 7561/7363/486 6851/7382/486 6852/7364/486
f 7562/7365/487 6849/7383/487 6850/7366/487
f 6839/7346/488 7572/7354/488 6848/7356/488
f 6837/7367/489 6845/7372/489 6846/7368/489
f 6860/7369/490 7576/8270/490 7577/7370/490
f 6845/7372/491 6853/8271/491 7998/7373/491
f 7565/7342/492 7564/7341/492 7574/7374/492
f 7994/7358/605 7568/7357/605 7575/7376/605
f 7995/7360/494 7570/7359/494 6856/7378/494
f 6847/7362/606 7571/7361/606 6854/7380/606
f 6851/7382/607 7576/8270/607 6860/7369/607
f 6849/7383/497 7578/7388/497 6858/7384/497
f 7631/7385/498 7632/7549/498 8131/7386/498
f 7578/7388/608 7579/7401/608 8002/7389/608
f 7997/7355/500 7573/8269/500 7580/7390/500
f 7998/7373/501 6853/8271/501 6861/7392/501
f 7996/7375/599 7574/7374/599 8001/7394/599
f 7575/7376/503 6866/7406/503 6867/7396/503
f 6857/7379/609 6856/7378/609 7631/7385/609
f 6854/7380/505 6862/7398/505 6863/7397/505
f 6862/7398/506 8037/7548/506 7630/7399/506
f 7577/7370/507 7581/7552/507 8038/7400/507
f 7579/7401/508 6869/7551/508 8003/7402/508
f 7580/7390/509 6953/7555/509 6952/7403/509
f 6861/7392/510 6955/7554/510 6954/7404/510
f 8001/7394/511 6956/7547/511 7629/7405/511
f 6866/7406/512 6870/7534/512 6871/7407/512
f 6875/7408/430 6877/7447/430 8008/7409/430
f 7586/7411/432 8009/7437/432 8010/7412/432
f 6879/7414/433 8012/7442/433 8013/7415/433
f 6881/7417/425 6883/7449/425 8014/7418/425
f 7588/7420/426 8015/7441/426 8016/7421/426
f 7585/7423/513 7582/7429/513 7583/7424/513
f 6885/7426/427 6887/7445/427 6886/7427/427
f 7582/7429/428 7585/7423/428 8004/7430/428
f 7590/7432/592 7591/7469/592 6903/7433/592
f 6873/7259/610 6888/7456/610 8007/7435/610
f 8009/7437/611 7586/7411/611 7587/7438/611
f 7588/7420/517 7589/8272/517 6894/7440/517
f 8012/7442/612 6879/7414/612 6891/7443/612
f 6885/7426/519 7590/7432/519 6895/7434/519
f 6875/7408/613 6889/8273/613 6890/7446/613
f 6881/7417/521 7592/8274/521 6893/7448/521
f 6902/7450/522 7595/7459/522 7596/7451/522
f 6893/7448/523 7592/8274/523 7593/7453/523
f 7587/7438/614 7594/8275/614 6899/7455/614
f 6888/7456/525 6896/8276/525 6897/7457/525
f 7583/7424/526 8018/7475/526 8019/7458/526
f 6894/7440/527 7589/8272/527 7595/7459/527
f 6891/7443/528 7597/7466/528 6900/7460/528
f 6890/7446/529 6889/8273/529 7599/7461/529
f 6905/7463/530 6904/7474/530 6912/7464/530
f 7597/7466/590 7598/7483/590 8021/7467/590
f 7599/7461/532 7600/7485/532 8022/7468/532
f 7591/7469/533 6910/8277/533 6911/7470/533
f 7593/7453/534 6908/8278/534 6909/7471/534
f 6899/7455/535 7594/8275/535 6906/7472/535
f 6897/7457/536 6896/8276/536 6904/7474/536
f 8018/7475/537 7601/7480/537 8023/7476/537
f 7605/7477/615 7606/7509/615 6927/7478/615
f 7601/7480/539 7602/8279/539 8025/7481/539
f 7596/7451/589 7603/8280/589 6918/7482/589
f 7598/7483/541 7604/8281/541 6916/7484/541
f 7600/7485/542 6913/7505/542 6914/7486/542
f 6911/7470/543 6910/8277/543 7605/7477/543
f 6909/7471/544 6908/8278/544 7607/7487/544
f 6907/7473/545 6906/7472/545 7609/7489/545
f 6922/7491/546 7611/8282/546 7612/7492/546
f 7607/7487/547 7608/7511/547 8028/7494/547
f 6915/7490/616 7609/7489/616 7610/7495/616
f 8024/7465/549 6912/7464/549 6920/7497/549
f 8025/7481/550 7602/8279/550 8027/7499/550
f 6918/7482/587 7603/8280/587 6925/7501/587
f 6916/7484/552 7604/8281/552 6923/7503/552
f 6913/7505/553 7611/8282/553 6922/7491/553
f 7615/7506/554 7616/7537/554 7617/7507/554
f 7606/7509/555 7613/8283/555 6935/7510/555
f 7608/7511/556 7614/8284/556 6933/7512/556
f 8029/7496/557 7610/7495/557 6930/7513/557
f 6920/7497/558 6928/8285/558 6929/7515/558
f 8027/7499/559 7615/7506/559 7618/7508/559
f 6926/7502/560 6925/7501/560 7619/7516/560
f 6924/7504/561 6923/7503/561 7621/7518/561
f 6939/7520/562 7624/8286/562 7625/7521/562
f 7619/7516/563 7620/7539/563 8031/7523/563
f 7621/7518/617 7622/7541/617 8032/7524/617
f 8030/7493/618 7612/7492/618 7623/7525/618
f 6935/7510/566 7613/8283/566 6942/7527/566
f 6933/7512/567 7614/8284/567 6940/7529/567
f 6930/7513/619 7624/8286/619 6939/7520/619
f 6929/7515/620 6928/8285/620 6936/7531/620
f 6951/7533/570 6950/7544/570 6871/7407/570
f 6937/7532/571 6936/7531/571 6944/7535/571
f 7616/7537/572 7626/7550/572 8033/7538/572
f 7620/7539/621 7627/8287/621 8034/7540/621
f 7622/7541/574 6947/7553/574 6948/7542/574
f 7623/7525/622 6945/8288/622 6946/7543/622
f 6943/7528/576 6942/7527/576 6950/7544/576
f 6941/7530/577 6940/7529/577 7628/7545/577
f 6949/7546/578 7628/7545/578 7629/7405/578
f 8035/7522/579 7625/7521/579 7630/7399/579
f 8036/7536/580 6944/7535/580 8131/7386/580
f 7626/7550/585 8003/7402/585 6869/7551/585
f 8034/7540/582 7627/8287/582 8038/7400/582
f 6947/7553/583 6954/7404/583 6955/7554/583
f 6946/7543/584 6945/8288/584 6952/7403/584
f 8135/7556/623 8134/7728/623 8087/7557/623
f 8042/7559/580 7633/7591/580 7634/7560/580
f 6964/7562/578 6965/7589/578 6958/7563/578
f 8088/7565/576 8139/7614/576 6963/7566/576
f 6974/7568/574 8135/7556/574 8086/7558/574
f 6970/7570/572 8040/7586/572 6969/7571/572
f 8132/7573/582 8045/8289/582 7635/7574/582
f 6962/7567/570 6963/7566/570 7690/7576/570
f 7670/7578/584 6968/7593/584 6961/7579/584
f 7647/7581/498 8041/7561/498 7634/7560/498
f 8093/7583/561 7700/8290/561 8089/7584/561
f 8040/7586/585 7043/7725/585 7044/7587/585
f 8165/7588/577 8137/7608/577 6965/7589/577
f 8136/7590/571 7678/7595/571 7633/7591/571
f 6975/7592/622 6976/7606/622 6968/7593/622
f 8166/7594/620 7679/8291/620 7678/7595/620
f 6966/7596/579 6967/7612/579 6960/7597/579
f 6972/7599/621 8045/8289/621 8132/7573/621
f 8167/7601/554 6970/7570/554 6977/7572/554
f 8140/7603/563 6972/7599/563 6971/7600/563
f 6983/7605/618 6984/8292/618 6976/7606/618
f 6980/7607/567 6981/8293/567 8137/7608/567
f 7639/7609/568 8143/8294/568 8090/7610/568
f 8090/7610/562 8143/8294/562 6967/7612/562
f 8089/7584/617 6974/7568/617 6973/7569/617
f 6978/7613/566 7677/8295/566 8139/7614/566
f 6995/7615/587 6996/8296/587 8141/7616/587
f 6989/7618/556 6981/8293/556 6980/7607/556
f 6993/7620/558 7679/8291/558 8166/7594/558
f 7675/7622/553 7000/8297/553 8142/7623/553
f 7676/7625/555 7677/8295/555 6978/7613/555
f 6990/7627/557 6991/7635/557 7639/7609/557
f 8044/7628/559 6986/7637/559 8167/7601/559
f 8141/7616/560 8140/7603/560 6979/7604/560
f 7651/7629/537 8048/7647/537 7644/7630/537
f 7701/7632/552 7700/8290/552 8093/7583/552
f 8142/7623/546 6984/8292/546 6983/7605/546
f 6998/7634/616 6999/7639/616 6991/7635/616
f 7001/7636/550 6994/8298/550 6986/7637/550
f 7006/7638/545 7007/8299/545 6999/7639/545
f 8046/7640/547 6989/7618/547 6988/7619/547
f 7702/7642/549 6993/7620/549 6992/7621/549
f 7683/7644/534 8047/8300/534 8091/7645/534
f 8048/7647/539 6994/8298/539 7001/7636/539
f 7685/7648/541 7701/7632/541 6997/7633/541
f 7002/7650/543 7003/7665/543 8144/7651/543
f 8091/7645/544 8047/8300/544 8046/7640/544
f 8144/7651/624 7676/7625/624 8172/7626/624
f 7004/7653/589 6996/8296/589 6995/7615/589
f 7642/7655/542 7000/8297/542 7675/7622/542
f 7022/7657/625 7684/7663/625 7013/7658/625
f 8051/7660/529 7016/8301/529 7015/7661/529
f 7684/7663/590 7685/7648/590 7005/7649/590
f 7010/7664/533 8146/8302/533 7003/7665/533
f 7650/7666/535 7007/8299/535 7006/7638/535
f 8050/7668/536 7643/8303/536 7009/7669/536
f 7008/7670/530 7009/7669/530 7702/7642/530
f 7015/7661/532 7016/8301/532 7642/7655/532
f 7028/7671/517 7030/7716/517 7681/7672/517
f 7012/7674/522 7004/7653/522 8145/7654/522
f 7688/7676/614 7650/7666/614 7014/7667/614
f 7652/7678/526 7651/7629/526 7017/7631/526
f 8055/7680/521 7021/7683/521 7020/7681/521
f 7021/7683/523 7683/7644/523 8049/7646/523
f 8148/7684/525 7643/8303/525 8050/7668/525
f 8052/7673/626 7681/7672/626 7012/7674/626
f 8060/7686/512 8039/7577/512 7690/7576/512
f 7691/7688/519 8053/7708/519 7019/7689/519
f 7038/7691/613 8051/7660/613 7023/7662/613
f 7019/7689/592 8146/8302/592 7010/7664/592
f 8057/7693/627 7687/7702/627 7688/7676/627
f 7032/7694/612 7034/7713/612 7022/7657/612
f 7026/7695/428 7040/7707/428 7041/7696/428
f 7654/7698/610 8148/7684/610 7024/7685/610
f 7046/7700/507 7042/7575/507 7635/7574/507
f 7687/7702/432 8057/7693/432 8058/7703/432
f 8055/7680/425 7680/7682/425 8054/7705/425
f 7040/7707/513 7026/7695/513 7652/7678/513
f 8053/7708/427 7691/7688/427 8149/7709/427
f 7038/7691/430 7036/7692/430 7037/7711/430
f 7034/7713/433 7032/7694/433 7033/7714/433
f 7030/7716/426 7028/7671/426 7029/7717/426
f 7638/7719/509 7637/7580/509 6961/7579/509
f 7056/7721/609 7648/7765/609 7647/7581/609
f 8133/7722/506 6959/7598/506 6960/7597/506
f 7048/7724/508 7044/7587/508 7043/7725/508
f 7052/7727/510 8087/7557/510 8134/7728/510
f 7045/7730/511 6957/7564/511 6958/7563/511
f 7645/7732/505 8133/7722/505 7050/7723/505
f 8068/7734/606 7646/7749/606 7645/7732/606
f 8067/7735/493 8170/7778/493 7055/7736/493
f 7068/7738/491 7060/7860/491 7059/7739/491
f 8099/7741/489 7068/7738/489 7067/7740/489
f 7661/7743/487 7660/7746/487 7063/7744/487
f 7660/7746/497 8065/7750/497 8153/7747/497
f 7074/7748/593 7075/8304/593 7646/7749/593
f 8065/7750/608 7048/7724/608 7047/7726/608
f 7080/7751/476 7661/7743/476 8070/7745/476
f 7062/7753/607 8066/7761/607 7053/7754/607
f 8098/7756/492 8094/7797/492 8061/7757/492
f 8097/7759/486 7062/7753/486 7061/7755/486
f 8066/7761/490 7046/7700/490 7636/7701/490
f 7072/7762/484 7073/7784/484 8095/7763/484
f 7064/7764/494 8095/7763/494 7648/7765/494
f 8069/7766/488 7066/7776/488 7065/7767/488
f 8076/7769/469 8077/7772/469 7655/7770/469
f 8077/7772/478 8099/7741/478 7686/7742/478
f 7078/7773/480 8071/8305/480 7071/7774/480
f 7066/7776/604 7058/8306/604 7057/7777/604
f 7070/7775/483 7071/7774/483 8170/7778/483
f 7081/7779/477 7082/7792/477 8069/7766/477
f 7084/7780/479 7077/7794/479 7069/7781/479
f 7697/7783/481 7657/7796/481 7073/7784/481
f 7083/7785/466 7075/8304/466 7074/7748/466
f 7695/7787/594 8071/8305/594 7078/7773/594
f 7091/7789/628 7083/7785/628 8154/7786/628
f 7658/7791/595 7668/8307/595 7082/7792/595
f 7092/7793/470 7085/7823/470 7077/7794/470
f 7696/7795/472 7089/7806/472 7657/7796/472
f 7076/7782/474 7069/7781/474 8094/7797/474
f 8096/7798/475 8097/7759/475 8155/7760/475
f 7106/7800/629 7107/8308/629 8156/7801/629
f 7088/7803/467 7080/7751/467 7079/7752/467
f 7096/7805/461 8171/7839/461 7089/7806/461
f 7692/7807/463 7094/8309/463 8157/7808/463
f 7669/7810/465 7668/8307/465 7658/7791/465
f 7095/7812/460 7695/7787/460 7086/7788/460
f 7098/7802/462 8156/7801/462 7091/7789/462
f 8074/7814/464 7088/7803/464 7087/7804/464
f 8159/7816/630 7107/8308/630 7106/7800/630
f 7699/7818/454 8075/8310/454 8074/7814/454
f 7666/7819/456 7667/7838/456 7099/7820/456
f 7693/7809/458 8157/7808/458 8096/7798/458
f 7100/7822/459 7093/8311/459 7085/7823/459
f 7665/7824/453 7094/8309/453 7692/7807/453
f 8101/7826/455 7669/7810/455 7097/7811/455
f 7101/7828/457 7093/8311/457 7100/7822/457
f 7112/7830/631 8075/8310/631 7699/7818/631
f 8100/7832/444 8101/7826/444 8072/7827/444
f 8073/7834/632 7663/7873/632 7101/7828/632
f 8082/7835/448 7113/8312/448 7105/7836/448
f 7667/7838/450 8076/7769/450 7656/7771/450
f 7104/7837/451 7105/7836/451 8171/7839/451
f 7116/7840/445 7666/7819/445 8158/7821/445
f 7698/7842/447 8105/7849/447 7103/7843/447
f 7117/7845/433 7131/7872/433 7132/7846/433
f 8080/7848/437 8104/7862/437 8105/7849/437
f 8084/7850/439 7119/7865/439 7110/7851/439
f 7123/7853/441 7112/7830/441 7111/7831/441
f 7125/7855/436 7127/7877/436 8100/7832/436
f 7674/7856/438 7113/8312/438 8082/7835/438
f 7671/7858/440 8159/7816/440 7114/7817/440
f 7102/7844/442 7103/7843/442 7095/7812/442
f 7060/7860/633 7052/7727/633 7051/7729/633
f 7110/7851/434 7665/7824/434 7662/7825/434
f 7129/7861/435 8164/7874/435 7116/7840/435
f 8104/7862/430 8080/7848/430 8081/7863/430
f 7119/7865/432 8084/7850/432 7118/7866/432
f 7654/7698/429 8059/7699/429 8152/7868/429
f 7123/7853/429 7121/7854/429 7122/7870/429
f 7131/7872/431 7117/7845/431 7663/7873/431
f 8164/7874/425 7129/7861/425 7672/7875/425
f 7127/7877/427 7125/7855/427 7126/7878/427
f 7055/7736/503 8060/7686/503 7689/7687/503
f 8062/7758/599 8061/7757/599 7045/7730/599
f 7057/7777/500 7058/8306/500 7638/7719/500
f 7671/7858/426 8078/7859/426 7128/7880/426
f 7674/7856/428 8083/7857/428 7124/7882/428
f 6503/7884/405 6504/8313/405 6501/7885/405
f 8103/7887/393 8107/8103/393 8106/6233/393
f 7503/7889/392 7508/6781/392 7161/6241/392
f 7139/7890/404 6488/8314/404 6139/7891/404
f 7138/7893/405 7133/8315/405 6135/7894/405
f 6133/7896/405 7134/7899/405 7137/7897/405
f 7134/7899/405 7133/8316/405 7138/7900/405
f 7140/7901/404 7135/7905/404 6137/7902/404
f 7139/7904/404 7136/8317/404 7135/7905/404
f 8175/7906/405 8176/8318/405 8173/7907/405
f 8179/7909/405 8180/8319/405 8177/7910/405
o g_money_full_001
v -25.000011 -47.999996 0.000000
v 24.999989 -48.000000 0.000000
v 25.000011 47.999992 0.000000
v -24.999989 48.000004 0.000000
v 25.000011 47.999992 30.000002
v 24.999989 -48.000000 30.000002
v -25.000011 -47.999996 30.000002
v -24.999989 48.000004 30.000002
v -25.000011 -47.999996 0.000000
v 24.999989 -48.000000 0.000000
v 25.000011 47.999992 0.000000
v -24.999989 48.000004 0.000000
v 25.000011 47.999992 30.000002
v 24.999989 -48.000000 30.000002
v -25.000011 -47.999996 30.000002
v -24.999989 48.000004 30.000002
v 25.000000 -10.000002 30.000002
v -25.000000 -9.999996 30.000002
v 25.000000 -10.000002 0.000000
v -25.000000 -9.999996 0.000000
vt 0.031250 0.707031
vt 0.589844 1.000000
vt 0.589844 0.707031
vt 0.027344 0.707031
vt 0.589844 1.000000
vt 0.027344 1.000000
vt 0.000000 0.000000
vt 0.000000 0.000000
vt 0.000000 0.000000
vt 0.707031 -0.101562
vt 1.000000 1.000000
vt 1.000000 -0.101562
vt 1.000000 1.000000
vt 0.707031 -0.101562
vt 0.707031 1.000000
vt 0.587891 0.000000
vt 0.027344 0.421875
vt 0.587891 0.421875
vt 0.587891 0.421875
vt 0.027344 0.000000
vt 0.027344 0.421875
vt 0.587891 0.000000
vt 0.027344 0.695312
vt 0.587891 0.695312
vt 0.587891 0.695312
vt 0.027344 0.000000
vt 0.027344 0.695312
vt 0.031250 1.000000
vt 0.589844 0.707031
vt 0.000000 0.000000
vt 0.707031 1.000000
vt 1.000000 -0.101562
vt 0.027344 0.000000
vt 0.587891 0.000000
vt 0.027344 0.000000
vt 0.587891 0.000000
vn -0.0000 -1.0000 0.0000
vn 0.0000 1.0000 0.0000
vn 1.0000 -0.0000 0.0000
vn -1.0000 0.0000 0.0000
vn -0.0000 0.0000 1.0000
vn 0.0000 0.0000 -1.0000
usemtl mtl_money
s off
f 8187/8320/634 8182/8321/634 8186/8322/634
f 8188/8323/635 8183/8324/635 8184/8325/635
f 8188/8326/634 8183/8327/634 8185/8328/634
f 8185/8329/636 8182/8330/636 8183/8331/636
f 8187/8332/637 8184/8333/637 8181/8334/637
f 8197/8335/638 8195/8336/638 8194/8337/638
f 8189/8338/639 8199/8339/639 8190/8340/639
f 8193/8341/638 8198/8342/638 8197/8343/638
f 8200/8344/639 8191/8345/639 8199/8346/639
f 8187/8320/634 8181/8347/634 8182/8321/634
f 8188/8323/635 8185/8348/635 8183/8324/635
f 8188/8326/634 8184/8349/634 8183/8327/634
f 8185/8329/636 8186/8350/636 8182/8330/636
f 8187/8332/637 8188/8351/637 8184/8333/637
f 8197/8335/638 8198/8352/638 8195/8336/638
f 8189/8338/639 8200/8353/639 8199/8339/639
f 8193/8341/638 8196/8354/638 8198/8342/638
f 8200/8344/639 8192/8355/639 8191/8345/639
